raceId,driverId,driver_name,constructorId,name_constructor,circuitId,year,round,grid,qualifying_position,driver_points_before_race,driver_standing_before_race,driver_wins_before_race,constructor_points_before_race,constructor_standing_before_race,constructor_wins_before_race,podium,positionOrder
36,1,Lewis Hamilton,1,McLaren,1,2007,1,4,4.0,0.0,99.0,0.0,0.0,99.0,0.0,1,3
37,1,Lewis Hamilton,1,McLaren,2,2007,2,4,4.0,6.0,3.0,0.0,14.0,11.0,0.0,1,2
38,1,Lewis Hamilton,1,McLaren,3,2007,3,2,2.0,14.0,3.0,0.0,32.0,11.0,1.0,1,2
39,1,Lewis Hamilton,1,McLaren,4,2007,4,4,4.0,22.0,3.0,0.0,44.0,11.0,1.0,1,2
40,1,Lewis Hamilton,1,McLaren,6,2007,5,2,2.0,30.0,1.0,0.0,58.0,11.0,1.0,1,2
41,1,Lewis Hamilton,1,McLaren,7,2007,6,1,1.0,38.0,2.0,0.0,76.0,11.0,2.0,1,1
42,1,Lewis Hamilton,1,McLaren,19,2007,7,1,1.0,48.0,1.0,1.0,88.0,11.0,3.0,1,1
43,1,Lewis Hamilton,1,McLaren,8,2007,8,2,2.0,58.0,1.0,2.0,106.0,11.0,4.0,1,3
44,1,Lewis Hamilton,1,McLaren,9,2007,9,1,1.0,64.0,1.0,2.0,114.0,11.0,4.0,1,3
45,1,Lewis Hamilton,1,McLaren,20,2007,10,10,10.0,70.0,1.0,2.0,128.0,11.0,5.0,0,9
46,1,Lewis Hamilton,1,McLaren,11,2007,11,1,2.0,70.0,1.0,2.0,138.0,11.0,5.0,1,1
47,1,Lewis Hamilton,1,McLaren,5,2007,12,2,2.0,80.0,1.0,3.0,138.0,11.0,6.0,0,5
48,1,Lewis Hamilton,1,McLaren,14,2007,13,2,2.0,84.0,1.0,3.0,148.0,11.0,6.0,1,2
49,1,Lewis Hamilton,1,McLaren,13,2007,14,4,4.0,92.0,1.0,3.0,166.0,11.0,7.0,0,4
50,1,Lewis Hamilton,1,McLaren,16,2007,15,1,1.0,97.0,1.0,3.0,192.0,11.0,7.0,1,1
51,1,Lewis Hamilton,1,McLaren,17,2007,16,1,1.0,107.0,1.0,4.0,202.0,11.0,8.0,0,19
52,1,Lewis Hamilton,1,McLaren,18,2007,17,2,2.0,107.0,1.0,4.0,210.0,11.0,8.0,0,7
18,1,Lewis Hamilton,1,McLaren,1,2008,1,1,1.0,0.0,99.0,0.0,0.0,99.0,0.0,1,1
19,1,Lewis Hamilton,1,McLaren,2,2008,2,9,4.0,10.0,1.0,1.0,14.0,1.0,1.0,0,5
20,1,Lewis Hamilton,1,McLaren,3,2008,3,3,3.0,14.0,1.0,1.0,24.0,1.0,1.0,0,13
21,1,Lewis Hamilton,1,McLaren,4,2008,4,5,5.0,14.0,3.0,1.0,28.0,3.0,1.0,1,3
22,1,Lewis Hamilton,1,McLaren,5,2008,5,3,3.0,20.0,2.0,1.0,34.0,3.0,1.0,1,2
23,1,Lewis Hamilton,1,McLaren,6,2008,6,3,3.0,28.0,3.0,1.0,42.0,3.0,1.0,1,1
24,1,Lewis Hamilton,1,McLaren,7,2008,7,1,1.0,38.0,1.0,2.0,53.0,2.0,2.0,0,19
25,1,Lewis Hamilton,1,McLaren,8,2008,8,13,3.0,38.0,2.0,2.0,53.0,3.0,2.0,0,10
26,1,Lewis Hamilton,1,McLaren,9,2008,9,4,4.0,38.0,4.0,2.0,58.0,3.0,2.0,1,1
27,1,Lewis Hamilton,1,McLaren,10,2008,10,1,1.0,48.0,1.0,3.0,72.0,3.0,3.0,1,1
28,1,Lewis Hamilton,1,McLaren,11,2008,11,1,1.0,58.0,1.0,4.0,86.0,3.0,4.0,0,5
29,1,Lewis Hamilton,1,McLaren,12,2008,12,2,2.0,62.0,1.0,4.0,100.0,2.0,5.0,1,2
30,1,Lewis Hamilton,1,McLaren,13,2008,13,1,1.0,70.0,1.0,4.0,113.0,2.0,5.0,1,3
31,1,Lewis Hamilton,1,McLaren,14,2008,14,15,15.0,76.0,1.0,4.0,119.0,2.0,5.0,0,7
32,1,Lewis Hamilton,1,McLaren,15,2008,15,2,2.0,78.0,1.0,4.0,129.0,2.0,5.0,1,3
33,1,Lewis Hamilton,1,McLaren,16,2008,16,1,1.0,84.0,1.0,4.0,135.0,1.0,5.0,0,12
34,1,Lewis Hamilton,1,McLaren,17,2008,17,1,1.0,84.0,1.0,4.0,135.0,2.0,5.0,1,1
35,1,Lewis Hamilton,1,McLaren,18,2008,18,4,4.0,94.0,1.0,5.0,145.0,2.0,6.0,0,5
1,1,Lewis Hamilton,1,McLaren,1,2009,1,18,15.0,0.0,99.0,0.0,0.0,99.0,0.0,0,20
2,1,Lewis Hamilton,1,McLaren,2,2009,2,12,13.0,0.0,99.0,0.0,0.0,99.0,0.0,0,7
3,1,Lewis Hamilton,1,McLaren,17,2009,3,9,9.0,1.0,10.0,0.0,1.0,8.0,0.0,0,6
4,1,Lewis Hamilton,1,McLaren,3,2009,4,5,5.0,4.0,10.0,0.0,8.0,4.0,0.0,0,4
5,1,Lewis Hamilton,1,McLaren,4,2009,5,14,14.0,9.0,7.0,0.0,13.0,4.0,0.0,0,9
6,1,Lewis Hamilton,1,McLaren,6,2009,6,19,16.0,9.0,7.0,0.0,13.0,4.0,0.0,0,12
7,1,Lewis Hamilton,1,McLaren,5,2009,7,16,16.0,9.0,9.0,0.0,13.0,5.0,0.0,0,13
8,1,Lewis Hamilton,1,McLaren,9,2009,8,18,19.0,9.0,11.0,0.0,13.0,5.0,0.0,0,16
9,1,Lewis Hamilton,1,McLaren,20,2009,9,5,5.0,9.0,11.0,0.0,13.0,6.0,0.0,0,18
10,1,Lewis Hamilton,1,McLaren,11,2009,10,4,4.0,9.0,11.0,0.0,14.0,6.0,0.0,1,1
11,1,Lewis Hamilton,1,McLaren,12,2009,11,1,1.0,19.0,8.0,1.0,28.0,5.0,1.0,1,2
12,1,Lewis Hamilton,1,McLaren,13,2009,12,12,12.0,27.0,6.0,1.0,41.0,4.0,1.0,0,19
13,1,Lewis Hamilton,1,McLaren,14,2009,13,1,1.0,27.0,7.0,1.0,44.0,4.0,1.0,0,12
14,1,Lewis Hamilton,1,McLaren,15,2009,14,1,1.0,27.0,7.0,1.0,47.0,4.0,1.0,1,1
15,1,Lewis Hamilton,1,McLaren,22,2009,15,3,3.0,37.0,6.0,2.0,59.0,4.0,2.0,1,3
16,1,Lewis Hamilton,1,McLaren,18,2009,16,17,18.0,43.0,6.0,2.0,65.0,4.0,2.0,1,3
17,1,Lewis Hamilton,1,McLaren,24,2009,17,1,1.0,49.0,5.0,2.0,71.0,3.0,2.0,0,19
337,1,Lewis Hamilton,1,McLaren,3,2010,1,4,4.0,0.0,99.0,0.0,0.0,99.0,0.0,1,3
338,1,Lewis Hamilton,1,McLaren,1,2010,2,11,11.0,15.0,3.0,0.0,21.0,2.0,0.0,0,6
339,1,Lewis Hamilton,1,McLaren,2,2010,3,20,20.0,23.0,4.0,0.0,54.0,2.0,1.0,0,6
340,1,Lewis Hamilton,1,McLaren,17,2010,4,6,6.0,31.0,6.0,0.0,66.0,2.0,1.0,1,2
341,1,Lewis Hamilton,1,McLaren,4,2010,5,3,3.0,49.0,4.0,0.0,109.0,1.0,2.0,0,14
342,1,Lewis Hamilton,1,McLaren,6,2010,6,5,5.0,49.0,6.0,0.0,119.0,1.0,2.0,0,5
343,1,Lewis Hamilton,1,McLaren,5,2010,7,2,2.0,59.0,7.0,0.0,129.0,3.0,2.0,1,1
344,1,Lewis Hamilton,1,McLaren,7,2010,8,1,1.0,84.0,3.0,1.0,172.0,1.0,3.0,1,1
345,1,Lewis Hamilton,1,McLaren,12,2010,9,3,3.0,109.0,1.0,2.0,215.0,1.0,4.0,1,2
346,1,Lewis Hamilton,1,McLaren,9,2010,10,4,4.0,127.0,1.0,2.0,248.0,1.0,4.0,1,2
347,1,Lewis Hamilton,1,McLaren,10,2010,11,6,6.0,145.0,1.0,2.0,278.0,1.0,4.0,0,4
348,1,Lewis Hamilton,1,McLaren,11,2010,12,5,5.0,157.0,1.0,2.0,300.0,1.0,4.0,0,20
349,1,Lewis Hamilton,1,McLaren,13,2010,13,2,2.0,157.0,2.0,2.0,304.0,2.0,4.0,1,1
350,1,Lewis Hamilton,1,McLaren,14,2010,14,5,5.0,182.0,1.0,3.0,329.0,2.0,5.0,0,23
351,1,Lewis Hamilton,1,McLaren,15,2010,15,3,3.0,182.0,2.0,3.0,347.0,2.0,5.0,0,19
352,1,Lewis Hamilton,1,McLaren,22,2010,16,8,3.0,182.0,3.0,3.0,359.0,2.0,5.0,0,5
353,1,Lewis Hamilton,1,McLaren,35,2010,17,4,4.0,192.0,4.0,3.0,381.0,2.0,5.0,1,2
354,1,Lewis Hamilton,1,McLaren,18,2010,18,4,4.0,210.0,3.0,3.0,399.0,2.0,5.0,0,4
355,1,Lewis Hamilton,1,McLaren,24,2010,19,2,2.0,222.0,4.0,3.0,421.0,2.0,5.0,1,2
841,1,Lewis Hamilton,1,McLaren,1,2011,1,2,2.0,0.0,99.0,0.0,0.0,99.0,0.0,1,2
842,1,Lewis Hamilton,1,McLaren,2,2011,2,2,2.0,18.0,2.0,0.0,26.0,2.0,0.0,0,8
843,1,Lewis Hamilton,1,McLaren,17,2011,3,3,3.0,22.0,3.0,0.0,48.0,2.0,0.0,1,1
844,1,Lewis Hamilton,1,McLaren,5,2011,4,4,4.0,47.0,2.0,1.0,85.0,2.0,1.0,0,4
845,1,Lewis Hamilton,1,McLaren,4,2011,5,3,3.0,59.0,2.0,1.0,105.0,2.0,1.0,1,2
846,1,Lewis Hamilton,1,McLaren,6,2011,6,9,7.0,77.0,2.0,1.0,138.0,2.0,1.0,0,6
847,1,Lewis Hamilton,1,McLaren,7,2011,7,5,5.0,85.0,2.0,1.0,161.0,2.0,1.0,0,24
848,1,Lewis Hamilton,1,McLaren,12,2011,8,3,3.0,85.0,4.0,1.0,186.0,2.0,2.0,0,4
849,1,Lewis Hamilton,1,McLaren,9,2011,9,10,10.0,97.0,4.0,1.0,206.0,2.0,2.0,0,4
850,1,Lewis Hamilton,1,McLaren,20,2011,10,2,2.0,109.0,4.0,1.0,218.0,2.0,2.0,1,1
851,1,Lewis Hamilton,1,McLaren,11,2011,11,2,2.0,134.0,3.0,2.0,243.0,2.0,3.0,0,4
852,1,Lewis Hamilton,1,McLaren,13,2011,12,2,2.0,146.0,3.0,2.0,280.0,2.0,4.0,0,22
853,1,Lewis Hamilton,1,McLaren,14,2011,13,2,2.0,146.0,5.0,2.0,295.0,2.0,4.0,0,4
854,1,Lewis Hamilton,1,McLaren,15,2011,14,4,4.0,158.0,5.0,2.0,325.0,2.0,4.0,0,5
855,1,Lewis Hamilton,1,McLaren,22,2011,15,3,3.0,168.0,5.0,2.0,353.0,2.0,4.0,0,5
856,1,Lewis Hamilton,1,McLaren,35,2011,16,1,1.0,178.0,5.0,2.0,388.0,2.0,5.0,1,2
857,1,Lewis Hamilton,1,McLaren,68,2011,17,5,2.0,196.0,5.0,2.0,418.0,2.0,5.0,0,7
858,1,Lewis Hamilton,1,McLaren,24,2011,18,2,2.0,202.0,5.0,2.0,442.0,2.0,5.0,1,1
859,1,Lewis Hamilton,1,McLaren,18,2011,19,4,4.0,227.0,5.0,3.0,482.0,2.0,6.0,0,22
860,1,Lewis Hamilton,1,McLaren,1,2012,1,1,1.0,0.0,99.0,0.0,0.0,99.0,0.0,1,3
861,1,Lewis Hamilton,1,McLaren,2,2012,2,1,1.0,15.0,3.0,0.0,40.0,1.0,1.0,1,3
862,1,Lewis Hamilton,1,McLaren,17,2012,3,7,2.0,30.0,2.0,0.0,55.0,1.0,1.0,1,3
863,1,Lewis Hamilton,1,McLaren,3,2012,4,2,2.0,45.0,1.0,0.0,88.0,1.0,1.0,0,8
864,1,Lewis Hamilton,1,McLaren,4,2012,5,24,1.0,49.0,2.0,0.0,92.0,2.0,1.0,0,8
865,1,Lewis Hamilton,1,McLaren,6,2012,6,3,4.0,53.0,3.0,0.0,98.0,2.0,1.0,0,5
866,1,Lewis Hamilton,1,McLaren,7,2012,7,2,2.0,63.0,4.0,0.0,108.0,2.0,1.0,1,1
867,1,Lewis Hamilton,1,McLaren,12,2012,8,2,2.0,88.0,1.0,1.0,133.0,2.0,2.0,0,19
868,1,Lewis Hamilton,1,McLaren,9,2012,9,8,8.0,88.0,3.0,1.0,137.0,2.0,2.0,0,8
869,1,Lewis Hamilton,1,McLaren,10,2012,10,7,8.0,92.0,4.0,1.0,142.0,4.0,2.0,0,24
870,1,Lewis Hamilton,1,McLaren,11,2012,11,1,1.0,92.0,5.0,1.0,160.0,3.0,2.0,1,1
871,1,Lewis Hamilton,1,McLaren,13,2012,12,7,8.0,117.0,4.0,2.0,193.0,2.0,3.0,0,23
872,1,Lewis Hamilton,1,McLaren,14,2012,13,1,1.0,117.0,5.0,2.0,218.0,2.0,4.0,1,1
873,1,Lewis Hamilton,1,McLaren,15,2012,14,1,1.0,142.0,2.0,3.0,243.0,2.0,5.0,0,24
874,1,Lewis Hamilton,1,McLaren,22,2012,15,9,9.0,142.0,4.0,3.0,261.0,2.0,5.0,0,5
875,1,Lewis Hamilton,1,McLaren,35,2012,16,3,3.0,152.0,4.0,3.0,283.0,2.0,5.0,0,10
876,1,Lewis Hamilton,1,McLaren,68,2012,17,3,3.0,153.0,4.0,3.0,284.0,3.0,5.0,0,4
877,1,Lewis Hamilton,1,McLaren,24,2012,18,1,1.0,165.0,5.0,3.0,306.0,3.0,5.0,0,21
878,1,Lewis Hamilton,1,McLaren,69,2012,19,2,2.0,165.0,5.0,3.0,318.0,3.0,5.0,1,1
879,1,Lewis Hamilton,1,McLaren,18,2012,20,1,1.0,190.0,4.0,4.0,353.0,3.0,6.0,0,20
880,1,Lewis Hamilton,131,Mercedes,1,2013,1,3,3.0,0.0,99.0,0.0,0.0,99.0,0.0,0,5
881,1,Lewis Hamilton,131,Mercedes,2,2013,2,4,4.0,10.0,5.0,0.0,10.0,4.0,0.0,1,3
882,1,Lewis Hamilton,131,Mercedes,17,2013,3,1,1.0,25.0,4.0,0.0,37.0,4.0,0.0,1,3
883,1,Lewis Hamilton,131,Mercedes,3,2013,4,9,4.0,40.0,4.0,0.0,52.0,4.0,0.0,0,5
884,1,Lewis Hamilton,131,Mercedes,4,2013,5,2,2.0,50.0,3.0,0.0,64.0,4.0,0.0,0,12
885,1,Lewis Hamilton,131,Mercedes,6,2013,6,2,2.0,50.0,4.0,0.0,72.0,4.0,0.0,0,4
886,1,Lewis Hamilton,131,Mercedes,7,2013,7,2,2.0,62.0,4.0,0.0,109.0,4.0,1.0,1,3
887,1,Lewis Hamilton,131,Mercedes,9,2013,8,1,1.0,77.0,4.0,0.0,134.0,3.0,1.0,0,4
888,1,Lewis Hamilton,131,Mercedes,20,2013,9,1,1.0,89.0,4.0,0.0,171.0,2.0,2.0,0,5
890,1,Lewis Hamilton,131,Mercedes,11,2013,10,1,1.0,99.0,4.0,0.0,183.0,2.0,2.0,1,1
891,1,Lewis Hamilton,131,Mercedes,13,2013,11,1,1.0,124.0,4.0,1.0,208.0,2.0,3.0,1,3
892,1,Lewis Hamilton,131,Mercedes,14,2013,12,12,12.0,139.0,3.0,1.0,235.0,2.0,3.0,0,9
893,1,Lewis Hamilton,131,Mercedes,15,2013,13,5,5.0,141.0,3.0,1.0,245.0,3.0,3.0,0,5
894,1,Lewis Hamilton,131,Mercedes,35,2013,14,2,2.0,151.0,3.0,1.0,267.0,3.0,3.0,0,5
895,1,Lewis Hamilton,131,Mercedes,22,2013,15,3,3.0,161.0,4.0,1.0,283.0,3.0,3.0,0,20
896,1,Lewis Hamilton,131,Mercedes,68,2013,16,3,3.0,161.0,4.0,1.0,287.0,3.0,3.0,0,6
897,1,Lewis Hamilton,131,Mercedes,24,2013,17,4,4.0,169.0,4.0,1.0,313.0,2.0,3.0,0,7
898,1,Lewis Hamilton,131,Mercedes,69,2013,18,5,5.0,175.0,4.0,1.0,334.0,2.0,3.0,0,4
899,1,Lewis Hamilton,131,Mercedes,18,2013,19,5,5.0,187.0,3.0,1.0,348.0,2.0,3.0,0,9
900,1,Lewis Hamilton,131,Mercedes,1,2014,1,1,1.0,0.0,99.0,0.0,0.0,99.0,0.0,0,19
901,1,Lewis Hamilton,131,Mercedes,2,2014,2,1,1.0,0.0,19.0,0.0,25.0,2.0,1.0,1,1
902,1,Lewis Hamilton,131,Mercedes,3,2014,3,2,2.0,25.0,2.0,1.0,68.0,1.0,2.0,1,1
903,1,Lewis Hamilton,131,Mercedes,17,2014,4,1,1.0,50.0,2.0,2.0,111.0,1.0,3.0,1,1
904,1,Lewis Hamilton,131,Mercedes,4,2014,5,1,1.0,75.0,2.0,3.0,154.0,1.0,4.0,1,1
905,1,Lewis Hamilton,131,Mercedes,6,2014,6,2,2.0,100.0,1.0,4.0,197.0,1.0,5.0,1,2
906,1,Lewis Hamilton,131,Mercedes,7,2014,7,2,2.0,118.0,2.0,4.0,240.0,1.0,6.0,0,17
907,1,Lewis Hamilton,131,Mercedes,70,2014,8,9,9.0,118.0,2.0,4.0,258.0,1.0,6.0,1,2
908,1,Lewis Hamilton,131,Mercedes,9,2014,9,6,6.0,136.0,2.0,4.0,301.0,1.0,7.0,1,1
909,1,Lewis Hamilton,131,Mercedes,10,2014,10,20,16.0,161.0,2.0,5.0,326.0,1.0,8.0,1,3
910,1,Lewis Hamilton,131,Mercedes,11,2014,11,22,21.0,176.0,2.0,5.0,366.0,1.0,9.0,1,3
911,1,Lewis Hamilton,131,Mercedes,13,2014,12,2,2.0,191.0,2.0,5.0,393.0,1.0,9.0,0,19
912,1,Lewis Hamilton,131,Mercedes,14,2014,13,1,1.0,191.0,2.0,5.0,411.0,1.0,9.0,1,1
913,1,Lewis Hamilton,131,Mercedes,15,2014,14,1,1.0,216.0,2.0,6.0,454.0,1.0,10.0,1,1
914,1,Lewis Hamilton,131,Mercedes,22,2014,15,2,2.0,241.0,1.0,7.0,479.0,1.0,11.0,1,1
915,1,Lewis Hamilton,131,Mercedes,71,2014,16,1,1.0,266.0,1.0,8.0,522.0,1.0,12.0,1,1
916,1,Lewis Hamilton,131,Mercedes,69,2014,17,2,2.0,291.0,1.0,9.0,565.0,1.0,13.0,1,1
917,1,Lewis Hamilton,131,Mercedes,18,2014,18,2,2.0,316.0,1.0,10.0,608.0,1.0,14.0,1,2
918,1,Lewis Hamilton,131,Mercedes,24,2014,19,2,2.0,334.0,1.0,10.0,651.0,1.0,15.0,1,1
926,1,Lewis Hamilton,131,Mercedes,1,2015,1,1,1.0,0.0,99.0,0.0,0.0,99.0,0.0,1,1
927,1,Lewis Hamilton,131,Mercedes,2,2015,2,1,1.0,25.0,1.0,1.0,43.0,1.0,1.0,1,2
928,1,Lewis Hamilton,131,Mercedes,17,2015,3,1,1.0,43.0,1.0,1.0,76.0,1.0,1.0,1,1
929,1,Lewis Hamilton,131,Mercedes,3,2015,4,1,1.0,68.0,1.0,2.0,119.0,1.0,2.0,1,1
930,1,Lewis Hamilton,131,Mercedes,4,2015,5,2,2.0,93.0,1.0,3.0,159.0,1.0,3.0,1,2
931,1,Lewis Hamilton,131,Mercedes,6,2015,6,1,1.0,111.0,1.0,3.0,202.0,1.0,4.0,1,3
932,1,Lewis Hamilton,131,Mercedes,7,2015,7,1,1.0,126.0,1.0,3.0,242.0,1.0,5.0,1,1
933,1,Lewis Hamilton,131,Mercedes,70,2015,8,1,1.0,151.0,1.0,4.0,285.0,1.0,6.0,1,2
934,1,Lewis Hamilton,131,Mercedes,9,2015,9,1,1.0,169.0,1.0,4.0,328.0,1.0,7.0,1,1
936,1,Lewis Hamilton,131,Mercedes,11,2015,10,1,1.0,194.0,1.0,5.0,371.0,1.0,8.0,0,6
937,1,Lewis Hamilton,131,Mercedes,13,2015,11,1,1.0,202.0,1.0,5.0,383.0,1.0,8.0,1,1
938,1,Lewis Hamilton,131,Mercedes,14,2015,12,1,1.0,227.0,1.0,6.0,426.0,1.0,9.0,1,1
939,1,Lewis Hamilton,131,Mercedes,15,2015,13,5,5.0,252.0,1.0,7.0,451.0,1.0,10.0,0,18
940,1,Lewis Hamilton,131,Mercedes,22,2015,14,2,2.0,252.0,1.0,7.0,463.0,1.0,10.0,1,1
941,1,Lewis Hamilton,131,Mercedes,71,2015,15,2,2.0,277.0,1.0,8.0,506.0,1.0,11.0,1,1
942,1,Lewis Hamilton,131,Mercedes,69,2015,16,2,2.0,302.0,1.0,9.0,531.0,1.0,12.0,1,1
943,1,Lewis Hamilton,131,Mercedes,32,2015,17,2,2.0,327.0,1.0,10.0,574.0,1.0,13.0,1,2
944,1,Lewis Hamilton,131,Mercedes,18,2015,18,2,2.0,345.0,1.0,10.0,617.0,1.0,14.0,1,2
945,1,Lewis Hamilton,131,Mercedes,24,2015,19,2,2.0,363.0,1.0,10.0,660.0,1.0,15.0,1,2
948,1,Lewis Hamilton,131,Mercedes,1,2016,1,1,1.0,0.0,99.0,0.0,0.0,99.0,0.0,1,2
949,1,Lewis Hamilton,131,Mercedes,3,2016,2,1,1.0,18.0,2.0,0.0,43.0,1.0,1.0,1,3
950,1,Lewis Hamilton,131,Mercedes,17,2016,3,22,22.0,33.0,2.0,0.0,83.0,1.0,2.0,0,7
951,1,Lewis Hamilton,131,Mercedes,71,2016,4,10,10.0,39.0,2.0,0.0,114.0,1.0,3.0,1,2
952,1,Lewis Hamilton,131,Mercedes,4,2016,5,1,1.0,57.0,2.0,0.0,157.0,1.0,4.0,0,21
953,1,Lewis Hamilton,131,Mercedes,6,2016,6,3,3.0,57.0,3.0,0.0,157.0,1.0,4.0,1,1
954,1,Lewis Hamilton,131,Mercedes,7,2016,7,1,1.0,82.0,2.0,1.0,188.0,1.0,5.0,1,1
955,1,Lewis Hamilton,131,Mercedes,73,2016,8,10,10.0,107.0,2.0,2.0,223.0,1.0,6.0,0,5
956,1,Lewis Hamilton,131,Mercedes,70,2016,9,1,1.0,117.0,2.0,2.0,258.0,1.0,7.0,1,1
957,1,Lewis Hamilton,131,Mercedes,9,2016,10,1,1.0,142.0,2.0,3.0,295.0,1.0,8.0,1,1
958,1,Lewis Hamilton,131,Mercedes,11,2016,11,2,2.0,167.0,2.0,4.0,335.0,1.0,9.0,1,1
959,1,Lewis Hamilton,131,Mercedes,10,2016,12,2,2.0,192.0,1.0,5.0,378.0,1.0,10.0,1,1
960,1,Lewis Hamilton,131,Mercedes,13,2016,13,21,21.0,217.0,1.0,6.0,415.0,1.0,11.0,1,3
961,1,Lewis Hamilton,131,Mercedes,14,2016,14,1,1.0,232.0,1.0,6.0,455.0,1.0,12.0,1,2
962,1,Lewis Hamilton,131,Mercedes,15,2016,15,3,3.0,250.0,1.0,6.0,498.0,1.0,13.0,1,3
963,1,Lewis Hamilton,131,Mercedes,2,2016,16,1,1.0,265.0,2.0,6.0,538.0,1.0,14.0,0,18
964,1,Lewis Hamilton,131,Mercedes,22,2016,17,2,2.0,265.0,2.0,6.0,553.0,1.0,14.0,1,3
965,1,Lewis Hamilton,131,Mercedes,69,2016,18,1,1.0,280.0,2.0,6.0,593.0,1.0,15.0,1,1
966,1,Lewis Hamilton,131,Mercedes,32,2016,19,1,1.0,305.0,2.0,7.0,636.0,1.0,16.0,1,1
967,1,Lewis Hamilton,131,Mercedes,18,2016,20,1,1.0,330.0,2.0,8.0,679.0,1.0,17.0,1,1
968,1,Lewis Hamilton,131,Mercedes,24,2016,21,1,1.0,355.0,2.0,9.0,722.0,1.0,18.0,1,1
969,1,Lewis Hamilton,131,Mercedes,1,2017,1,1,1.0,0.0,99.0,0.0,0.0,99.0,0.0,1,2
970,1,Lewis Hamilton,131,Mercedes,17,2017,2,1,1.0,18.0,2.0,0.0,33.0,2.0,0.0,1,1
971,1,Lewis Hamilton,131,Mercedes,3,2017,3,2,2.0,43.0,2.0,1.0,66.0,1.0,1.0,1,2
972,1,Lewis Hamilton,131,Mercedes,71,2017,4,4,4.0,61.0,2.0,1.0,99.0,2.0,1.0,0,4
973,1,Lewis Hamilton,131,Mercedes,4,2017,5,1,1.0,73.0,2.0,1.0,136.0,1.0,2.0,1,1
974,1,Lewis Hamilton,131,Mercedes,6,2017,6,13,14.0,98.0,2.0,2.0,161.0,1.0,3.0,0,7
975,1,Lewis Hamilton,131,Mercedes,7,2017,7,1,1.0,104.0,2.0,2.0,179.0,2.0,3.0,1,1
976,1,Lewis Hamilton,131,Mercedes,73,2017,8,1,1.0,129.0,2.0,3.0,222.0,1.0,4.0,0,5
977,1,Lewis Hamilton,131,Mercedes,70,2017,9,8,3.0,139.0,2.0,3.0,250.0,1.0,4.0,0,4
978,1,Lewis Hamilton,131,Mercedes,9,2017,10,1,1.0,151.0,2.0,3.0,287.0,1.0,5.0,1,1
979,1,Lewis Hamilton,131,Mercedes,11,2017,11,4,4.0,176.0,2.0,4.0,330.0,1.0,6.0,0,4
980,1,Lewis Hamilton,131,Mercedes,13,2017,12,1,1.0,188.0,2.0,4.0,357.0,1.0,6.0,1,1
981,1,Lewis Hamilton,131,Mercedes,14,2017,13,1,1.0,213.0,2.0,5.0,392.0,1.0,7.0,1,1
982,1,Lewis Hamilton,131,Mercedes,15,2017,14,5,5.0,238.0,1.0,6.0,435.0,1.0,8.0,1,1
983,1,Lewis Hamilton,131,Mercedes,2,2017,15,1,1.0,263.0,1.0,7.0,475.0,1.0,9.0,1,2
984,1,Lewis Hamilton,131,Mercedes,22,2017,16,1,1.0,281.0,1.0,7.0,503.0,1.0,9.0,1,1
985,1,Lewis Hamilton,131,Mercedes,69,2017,17,1,1.0,306.0,1.0,8.0,540.0,1.0,10.0,1,1
986,1,Lewis Hamilton,131,Mercedes,32,2017,18,3,3.0,331.0,1.0,9.0,575.0,1.0,11.0,0,9
987,1,Lewis Hamilton,131,Mercedes,18,2017,19,20,20.0,333.0,1.0,9.0,595.0,1.0,11.0,0,4
988,1,Lewis Hamilton,131,Mercedes,24,2017,20,2,2.0,345.0,1.0,9.0,625.0,1.0,11.0,1,2
989,1,Lewis Hamilton,131,Mercedes,1,2018,1,1,1.0,0.0,99.0,0.0,0.0,99.0,0.0,1,2
990,1,Lewis Hamilton,131,Mercedes,3,2018,2,9,4.0,18.0,2.0,0.0,22.0,2.0,0.0,1,3
991,1,Lewis Hamilton,131,Mercedes,17,2018,3,4,4.0,33.0,2.0,0.0,55.0,2.0,0.0,0,4
992,1,Lewis Hamilton,131,Mercedes,73,2018,4,2,2.0,45.0,2.0,0.0,85.0,1.0,0.0,1,1
993,1,Lewis Hamilton,131,Mercedes,4,2018,5,1,1.0,70.0,1.0,1.0,110.0,2.0,1.0,1,1
994,1,Lewis Hamilton,131,Mercedes,6,2018,6,3,3.0,95.0,1.0,2.0,153.0,1.0,2.0,1,3
995,1,Lewis Hamilton,131,Mercedes,7,2018,7,4,4.0,110.0,1.0,2.0,178.0,1.0,2.0,0,5
996,1,Lewis Hamilton,131,Mercedes,34,2018,8,1,1.0,120.0,2.0,2.0,206.0,1.0,2.0,1,1
997,1,Lewis Hamilton,131,Mercedes,70,2018,9,2,2.0,145.0,1.0,3.0,237.0,1.0,3.0,0,16
998,1,Lewis Hamilton,131,Mercedes,9,2018,10,1,1.0,145.0,2.0,3.0,237.0,2.0,3.0,1,2
999,1,Lewis Hamilton,131,Mercedes,10,2018,11,14,14.0,163.0,2.0,3.0,267.0,2.0,3.0,1,1
1000,1,Lewis Hamilton,131,Mercedes,11,2018,12,1,1.0,188.0,1.0,4.0,310.0,1.0,4.0,1,1
1001,1,Lewis Hamilton,131,Mercedes,13,2018,13,1,1.0,213.0,1.0,5.0,345.0,1.0,5.0,1,2
1002,1,Lewis Hamilton,131,Mercedes,14,2018,14,3,3.0,231.0,1.0,5.0,375.0,1.0,5.0,1,1
1003,1,Lewis Hamilton,131,Mercedes,15,2018,15,1,1.0,256.0,1.0,6.0,415.0,1.0,6.0,1,1
1004,1,Lewis Hamilton,131,Mercedes,71,2018,16,2,2.0,281.0,1.0,7.0,452.0,1.0,7.0,1,1
1005,1,Lewis Hamilton,131,Mercedes,22,2018,17,1,1.0,306.0,1.0,8.0,495.0,1.0,8.0,1,1
1006,1,Lewis Hamilton,131,Mercedes,69,2018,18,1,1.0,331.0,1.0,9.0,538.0,1.0,9.0,1,3
1007,1,Lewis Hamilton,131,Mercedes,32,2018,19,3,3.0,346.0,1.0,9.0,563.0,1.0,9.0,0,4
1008,1,Lewis Hamilton,131,Mercedes,18,2018,20,1,1.0,358.0,1.0,9.0,585.0,1.0,9.0,1,1
1009,1,Lewis Hamilton,131,Mercedes,24,2018,21,1,1.0,383.0,1.0,10.0,620.0,1.0,10.0,1,1
1010,1,Lewis Hamilton,131,Mercedes,1,2019,1,1,1.0,0.0,99.0,0.0,0.0,99.0,0.0,1,2
1011,1,Lewis Hamilton,131,Mercedes,3,2019,2,3,3.0,18.0,2.0,0.0,44.0,1.0,1.0,1,1
1012,1,Lewis Hamilton,131,Mercedes,17,2019,3,2,2.0,43.0,2.0,1.0,87.0,1.0,2.0,1,1
1013,1,Lewis Hamilton,131,Mercedes,73,2019,4,2,2.0,68.0,1.0,2.0,130.0,1.0,3.0,1,2
1014,1,Lewis Hamilton,131,Mercedes,4,2019,5,2,2.0,86.0,2.0,2.0,173.0,1.0,4.0,1,1
1015,1,Lewis Hamilton,131,Mercedes,6,2019,6,1,1.0,112.0,1.0,3.0,217.0,1.0,5.0,1,1
1016,1,Lewis Hamilton,131,Mercedes,7,2019,7,2,2.0,137.0,1.0,4.0,257.0,1.0,6.0,1,1
1017,1,Lewis Hamilton,131,Mercedes,34,2019,8,1,1.0,162.0,1.0,5.0,295.0,1.0,7.0,1,1
1018,1,Lewis Hamilton,131,Mercedes,70,2019,9,4,2.0,187.0,1.0,6.0,338.0,1.0,8.0,0,5
1019,1,Lewis Hamilton,131,Mercedes,9,2019,10,2,2.0,197.0,1.0,6.0,363.0,1.0,8.0,1,1
1020,1,Lewis Hamilton,131,Mercedes,10,2019,11,1,1.0,223.0,1.0,7.0,407.0,1.0,9.0,0,9
1021,1,Lewis Hamilton,131,Mercedes,11,2019,12,3,3.0,225.0,1.0,7.0,409.0,1.0,9.0,1,1
1022,1,Lewis Hamilton,131,Mercedes,13,2019,13,3,3.0,250.0,1.0,8.0,438.0,1.0,10.0,1,2
1023,1,Lewis Hamilton,131,Mercedes,14,2019,14,2,2.0,268.0,1.0,8.0,471.0,1.0,10.0,1,3
1024,1,Lewis Hamilton,131,Mercedes,15,2019,15,2,2.0,284.0,1.0,8.0,505.0,1.0,10.0,0,4
1025,1,Lewis Hamilton,131,Mercedes,71,2019,16,2,2.0,296.0,1.0,8.0,527.0,1.0,10.0,1,1
1026,1,Lewis Hamilton,131,Mercedes,22,2019,17,4,4.0,322.0,1.0,9.0,571.0,1.0,11.0,1,3
1027,1,Lewis Hamilton,131,Mercedes,32,2019,18,3,4.0,338.0,1.0,9.0,612.0,1.0,12.0,1,1
1028,1,Lewis Hamilton,131,Mercedes,69,2019,19,5,5.0,363.0,1.0,10.0,652.0,1.0,13.0,1,2
1029,1,Lewis Hamilton,131,Mercedes,18,2019,20,3,3.0,381.0,1.0,10.0,695.0,1.0,14.0,0,7
1030,1,Lewis Hamilton,131,Mercedes,24,2019,21,1,1.0,387.0,1.0,10.0,701.0,1.0,14.0,1,1
1031,1,Lewis Hamilton,131,Mercedes,70,2020,1,5,2.0,0.0,99.0,0.0,0.0,99.0,0.0,0,4
1032,1,Lewis Hamilton,131,Mercedes,70,2020,2,1,1.0,12.0,4.0,0.0,37.0,1.0,1.0,1,1
1033,1,Lewis Hamilton,131,Mercedes,11,2020,3,1,1.0,37.0,2.0,1.0,80.0,1.0,2.0,1,1
1034,1,Lewis Hamilton,131,Mercedes,9,2020,4,1,1.0,63.0,1.0,2.0,121.0,1.0,3.0,1,1
1035,1,Lewis Hamilton,131,Mercedes,9,2020,5,2,2.0,88.0,1.0,3.0,146.0,1.0,4.0,1,2
1036,1,Lewis Hamilton,131,Mercedes,4,2020,6,1,1.0,107.0,1.0,3.0,180.0,1.0,4.0,1,1
1037,1,Lewis Hamilton,131,Mercedes,13,2020,7,1,1.0,132.0,1.0,4.0,221.0,1.0,5.0,1,1
1038,1,Lewis Hamilton,131,Mercedes,14,2020,8,1,1.0,157.0,1.0,5.0,264.0,1.0,6.0,0,7
1039,1,Lewis Hamilton,131,Mercedes,76,2020,9,1,1.0,164.0,1.0,5.0,281.0,1.0,6.0,1,1
1040,1,Lewis Hamilton,131,Mercedes,71,2020,10,1,1.0,190.0,1.0,6.0,325.0,1.0,7.0,1,3
1041,1,Lewis Hamilton,131,Mercedes,20,2020,11,2,2.0,205.0,1.0,6.0,366.0,1.0,8.0,1,1
1042,1,Lewis Hamilton,131,Mercedes,75,2020,12,1,1.0,230.0,1.0,7.0,391.0,1.0,9.0,1,1
1043,1,Lewis Hamilton,131,Mercedes,21,2020,13,2,2.0,256.0,1.0,8.0,435.0,1.0,10.0,1,1
1044,1,Lewis Hamilton,131,Mercedes,5,2020,14,6,6.0,282.0,1.0,9.0,479.0,1.0,11.0,1,1
1045,1,Lewis Hamilton,131,Mercedes,3,2020,15,1,1.0,307.0,1.0,10.0,504.0,1.0,12.0,1,1
1047,1,Lewis Hamilton,131,Mercedes,24,2020,17,3,3.0,332.0,1.0,11.0,540.0,1.0,13.0,1,3
1052,1,Lewis Hamilton,131,Mercedes,3,2021,1,2,2.0,0.0,99.0,0.0,0.0,99.0,0.0,1,1
1053,1,Lewis Hamilton,131,Mercedes,21,2021,2,1,1.0,25.0,1.0,1.0,41.0,1.0,1.0,1,2
1054,1,Lewis Hamilton,131,Mercedes,75,2021,3,2,2.0,44.0,1.0,1.0,60.0,1.0,1.0,1,1
1055,1,Lewis Hamilton,131,Mercedes,4,2021,4,1,1.0,69.0,1.0,2.0,101.0,1.0,2.0,1,1
1056,1,Lewis Hamilton,131,Mercedes,6,2021,5,7,7.0,94.0,1.0,3.0,141.0,1.0,3.0,0,7
1057,1,Lewis Hamilton,131,Mercedes,73,2021,6,2,2.0,101.0,2.0,3.0,148.0,2.0,3.0,0,15
1059,1,Lewis Hamilton,131,Mercedes,34,2021,7,2,2.0,101.0,2.0,3.0,148.0,2.0,3.0,1,2
1058,1,Lewis Hamilton,131,Mercedes,70,2021,8,2,3.0,119.0,2.0,3.0,178.0,2.0,3.0,1,2
1060,1,Lewis Hamilton,131,Mercedes,70,2021,9,4,4.0,138.0,2.0,3.0,212.0,2.0,3.0,0,4
1061,1,Lewis Hamilton,131,Mercedes,9,2021,10,2,1.0,150.0,2.0,3.0,242.0,2.0,3.0,1,1
1062,1,Lewis Hamilton,131,Mercedes,11,2021,11,1,1.0,177.0,2.0,4.0,285.0,2.0,4.0,1,2
1063,1,Lewis Hamilton,131,Mercedes,13,2021,12,3,3.0,195.0,1.0,4.0,303.0,1.0,4.0,1,3
1064,1,Lewis Hamilton,131,Mercedes,39,2021,13,2,2.0,202.5,1.0,4.0,310.5,1.0,4.0,1,2
1065,1,Lewis Hamilton,131,Mercedes,14,2021,14,4,2.0,221.5,2.0,4.0,344.5,1.0,4.0,0,17
1066,1,Lewis Hamilton,131,Mercedes,71,2021,15,4,4.0,221.5,2.0,4.0,362.5,1.0,4.0,1,1
1067,1,Lewis Hamilton,131,Mercedes,5,2021,16,11,1.0,246.5,1.0,5.0,397.5,1.0,5.0,0,5
1069,1,Lewis Hamilton,131,Mercedes,69,2021,17,2,2.0,256.5,2.0,5.0,433.5,1.0,6.0,1,2
1070,1,Lewis Hamilton,131,Mercedes,32,2021,18,2,2.0,275.5,2.0,5.0,460.5,1.0,6.0,1,2
1071,1,Lewis Hamilton,131,Mercedes,18,2021,19,10,1.0,293.5,2.0,5.0,478.5,1.0,6.0,1,1
1051,1,Lewis Hamilton,131,Mercedes,78,2021,20,1,1.0,318.5,2.0,6.0,521.5,1.0,7.0,1,1
1072,1,Lewis Hamilton,131,Mercedes,77,2021,21,1,1.0,343.5,2.0,7.0,546.5,1.0,8.0,1,1
1073,1,Lewis Hamilton,131,Mercedes,24,2021,22,2,2.0,369.5,2.0,8.0,587.5,1.0,9.0,1,2
1074,1,Lewis Hamilton,131,Mercedes,3,2022,1,5,5.0,0.0,99.0,0.0,0.0,99.0,0.0,1,3
1075,1,Lewis Hamilton,131,Mercedes,77,2022,2,15,16.0,15.0,3.0,0.0,27.0,2.0,0.0,0,10
1076,1,Lewis Hamilton,131,Mercedes,1,2022,3,5,5.0,16.0,5.0,0.0,38.0,2.0,0.0,0,4
1077,1,Lewis Hamilton,131,Mercedes,21,2022,4,14,13.0,28.0,5.0,0.0,65.0,2.0,0.0,0,13
1078,1,Lewis Hamilton,131,Mercedes,79,2022,5,6,6.0,28.0,7.0,0.0,77.0,3.0,0.0,0,6
1079,1,Lewis Hamilton,131,Mercedes,4,2022,6,6,6.0,36.0,6.0,0.0,95.0,3.0,0.0,0,5
1080,1,Lewis Hamilton,131,Mercedes,6,2022,7,8,8.0,46.0,6.0,0.0,120.0,3.0,0.0,0,8
1081,1,Lewis Hamilton,131,Mercedes,73,2022,8,7,7.0,50.0,6.0,0.0,134.0,3.0,0.0,0,4
1082,1,Lewis Hamilton,131,Mercedes,7,2022,9,4,4.0,62.0,6.0,0.0,161.0,3.0,0.0,1,3
1083,1,Lewis Hamilton,131,Mercedes,9,2022,10,5,5.0,77.0,6.0,0.0,188.0,3.0,0.0,1,3
1084,1,Lewis Hamilton,131,Mercedes,70,2022,11,8,9.0,93.0,6.0,0.0,204.0,3.0,0.0,1,3
1085,1,Lewis Hamilton,131,Mercedes,34,2022,12,4,4.0,109.0,6.0,0.0,237.0,3.0,0.0,1,2
1086,1,Lewis Hamilton,131,Mercedes,11,2022,13,7,7.0,127.0,6.0,0.0,270.0,3.0,0.0,1,2
1087,1,Lewis Hamilton,131,Mercedes,13,2022,14,4,7.0,146.0,6.0,0.0,304.0,3.0,0.0,0,20
1088,1,Lewis Hamilton,131,Mercedes,39,2022,15,4,4.0,146.0,6.0,0.0,316.0,3.0,0.0,0,4
1089,1,Lewis Hamilton,131,Mercedes,14,2022,16,19,5.0,158.0,6.0,0.0,346.0,3.0,0.0,0,5
1091,1,Lewis Hamilton,131,Mercedes,15,2022,17,3,3.0,168.0,6.0,0.0,371.0,3.0,0.0,0,9
1092,1,Lewis Hamilton,131,Mercedes,22,2022,18,6,6.0,170.0,6.0,0.0,373.0,3.0,0.0,0,5
1093,1,Lewis Hamilton,131,Mercedes,69,2022,19,3,5.0,180.0,6.0,0.0,387.0,3.0,0.0,1,2
1094,1,Lewis Hamilton,131,Mercedes,32,2022,20,3,3.0,198.0,6.0,0.0,416.0,3.0,0.0,1,2
1095,1,Lewis Hamilton,131,Mercedes,18,2022,21,2,8.0,216.0,5.0,0.0,447.0,3.0,0.0,1,2
1096,1,Lewis Hamilton,131,Mercedes,24,2022,22,5,5.0,240.0,5.0,0.0,505.0,3.0,1.0,0,18
1098,1,Lewis Hamilton,131,Mercedes,3,2023,1,7,7.0,0.0,99.0,0.0,0.0,99.0,0.0,0,5
1099,1,Lewis Hamilton,131,Mercedes,77,2023,2,7,8.0,10.0,5.0,0.0,16.0,3.0,0.0,0,5
1100,1,Lewis Hamilton,131,Mercedes,1,2023,3,3,3.0,20.0,5.0,0.0,38.0,3.0,0.0,1,2
1101,1,Lewis Hamilton,131,Mercedes,73,2023,4,5,5.0,38.0,4.0,0.0,56.0,3.0,0.0,0,6
1102,1,Lewis Hamilton,131,Mercedes,79,2023,5,13,13.0,48.0,4.0,0.0,76.0,3.0,0.0,0,6
1104,1,Lewis Hamilton,131,Mercedes,6,2023,6,5,6.0,56.0,4.0,0.0,96.0,3.0,0.0,0,4
1105,1,Lewis Hamilton,131,Mercedes,4,2023,7,4,5.0,69.0,4.0,0.0,119.0,3.0,0.0,1,2
1106,1,Lewis Hamilton,131,Mercedes,7,2023,8,3,4.0,87.0,4.0,0.0,152.0,2.0,0.0,1,3
1107,1,Lewis Hamilton,131,Mercedes,70,2023,9,5,5.0,102.0,4.0,0.0,167.0,2.0,0.0,0,8
1108,1,Lewis Hamilton,131,Mercedes,9,2023,10,7,7.0,106.0,4.0,0.0,178.0,2.0,0.0,1,3
1109,1,Lewis Hamilton,131,Mercedes,11,2023,11,1,1.0,121.0,4.0,0.0,203.0,2.0,0.0,0,4
1110,1,Lewis Hamilton,131,Mercedes,13,2023,12,3,4.0,133.0,4.0,0.0,223.0,2.0,0.0,0,4
1111,1,Lewis Hamilton,131,Mercedes,39,2023,13,13,13.0,148.0,4.0,0.0,247.0,2.0,0.0,0,6
1112,1,Lewis Hamilton,131,Mercedes,14,2023,14,8,8.0,156.0,4.0,0.0,255.0,2.0,0.0,0,6
1113,1,Lewis Hamilton,131,Mercedes,15,2023,15,5,5.0,164.0,4.0,0.0,273.0,2.0,0.0,1,3
1114,1,Lewis Hamilton,131,Mercedes,22,2023,16,7,7.0,180.0,3.0,0.0,289.0,2.0,0.0,0,5
1115,1,Lewis Hamilton,131,Mercedes,78,2023,17,3,3.0,190.0,3.0,0.0,305.0,2.0,0.0,0,19
1116,1,Lewis Hamilton,131,Mercedes,69,2023,18,3,3.0,194.0,3.0,0.0,326.0,2.0,0.0,0,19
1117,1,Lewis Hamilton,131,Mercedes,32,2023,19,6,6.0,201.0,3.0,0.0,344.0,2.0,0.0,1,2
1118,1,Lewis Hamilton,131,Mercedes,18,2023,20,5,5.0,220.0,3.0,0.0,371.0,2.0,0.0,0,8
1119,1,Lewis Hamilton,131,Mercedes,80,2023,21,10,11.0,226.0,3.0,0.0,382.0,2.0,0.0,0,7
1120,1,Lewis Hamilton,131,Mercedes,24,2023,22,11,11.0,232.0,3.0,0.0,392.0,2.0,0.0,0,9
1121,1,Lewis Hamilton,131,Mercedes,3,2024,1,9,9.0,0.0,99.0,0.0,0.0,99.0,0.0,0,7
1122,1,Lewis Hamilton,131,Mercedes,77,2024,2,8,8.0,6.0,7.0,0.0,16.0,3.0,0.0,0,9
1123,1,Lewis Hamilton,131,Mercedes,1,2024,3,11,11.0,8.0,9.0,0.0,26.0,4.0,0.0,0,18
1124,1,Lewis Hamilton,131,Mercedes,22,2024,4,7,7.0,8.0,10.0,0.0,26.0,4.0,0.0,0,9
1125,1,Lewis Hamilton,131,Mercedes,17,2024,5,18,18.0,10.0,9.0,0.0,34.0,4.0,0.0,0,9
1126,1,Lewis Hamilton,131,Mercedes,79,2024,6,8,8.0,19.0,9.0,0.0,52.0,4.0,0.0,0,6
1127,1,Lewis Hamilton,131,Mercedes,21,2024,7,8,8.0,27.0,9.0,0.0,64.0,4.0,0.0,0,6
1128,1,Lewis Hamilton,131,Mercedes,6,2024,8,7,7.0,35.0,8.0,0.0,79.0,4.0,0.0,0,7
1129,1,Lewis Hamilton,131,Mercedes,7,2024,9,7,7.0,42.0,8.0,0.0,96.0,4.0,0.0,0,4
1130,1,Lewis Hamilton,131,Mercedes,4,2024,10,3,3.0,55.0,8.0,0.0,124.0,4.0,0.0,1,3
1131,1,Lewis Hamilton,131,Mercedes,70,2024,11,5,5.0,70.0,8.0,0.0,151.0,4.0,0.0,0,4
1132,1,Lewis Hamilton,131,Mercedes,9,2024,12,2,2.0,85.0,8.0,0.0,196.0,4.0,1.0,1,1
1133,1,Lewis Hamilton,131,Mercedes,11,2024,13,5,5.0,110.0,8.0,1.0,221.0,4.0,2.0,1,3
1134,1,Lewis Hamilton,131,Mercedes,13,2024,14,3,4.0,125.0,6.0,1.0,241.0,4.0,2.0,1,1
1135,1,Lewis Hamilton,131,Mercedes,39,2024,15,14,11.0,150.0,6.0,2.0,266.0,4.0,3.0,0,8
1136,1,Lewis Hamilton,131,Mercedes,14,2024,16,6,6.0,154.0,6.0,2.0,276.0,4.0,3.0,0,5
1137,1,Lewis Hamilton,131,Mercedes,73,2024,17,0,7.0,164.0,6.0,2.0,292.0,4.0,3.0,0,9
1138,1,Lewis Hamilton,131,Mercedes,15,2024,18,3,3.0,166.0,6.0,2.0,309.0,4.0,3.0,0,6
1139,1,Lewis Hamilton,131,Mercedes,69,2024,19,17,19.0,174.0,6.0,2.0,329.0,4.0,3.0,0,20
1140,1,Lewis Hamilton,131,Mercedes,32,2024,20,6,6.0,177.0,6.0,2.0,344.0,4.0,3.0,0,4
1141,1,Lewis Hamilton,131,Mercedes,18,2024,21,14,16.0,189.0,6.0,2.0,366.0,4.0,3.0,0,10
1142,1,Lewis Hamilton,131,Mercedes,80,2024,22,10,10.0,190.0,7.0,2.0,382.0,4.0,3.0,1,2
1143,1,Lewis Hamilton,131,Mercedes,78,2024,23,6,6.0,208.0,7.0,2.0,425.0,4.0,4.0,0,12
1144,1,Lewis Hamilton,131,Mercedes,24,2024,24,16,18.0,211.0,7.0,2.0,446.0,4.0,4.0,0,4
158,2,Nick Heidfeld,20,Prost,1,2000,1,15,15.0,0.0,99.0,0.0,0.0,99.0,0.0,0,9
160,2,Nick Heidfeld,20,Prost,21,2000,3,22,22.0,0.0,14.0,0.0,0.0,8.0,0.0,0,19
161,2,Nick Heidfeld,20,Prost,9,2000,4,17,17.0,0.0,19.0,0.0,0.0,11.0,0.0,0,18
173,2,Nick Heidfeld,20,Prost,22,2000,16,16,16.0,0.0,20.0,0.0,0.0,11.0,0.0,0,18
156,2,Nick Heidfeld,15,Sauber,19,2001,16,6,6.0,11.0,8.0,0.0,20.0,4.0,0.0,0,6
125,2,Nick Heidfeld,15,Sauber,2,2002,2,7,7.0,0.0,99.0,0.0,0.0,99.0,0.0,0,5
140,2,Nick Heidfeld,15,Sauber,22,2002,17,12,12.0,7.0,10.0,0.0,11.0,5.0,0.0,0,7
108,2,Nick Heidfeld,15,Sauber,1,2003,1,7,7.0,0.0,99.0,0.0,0.0,99.0,0.0,0,15
109,2,Nick Heidfeld,15,Sauber,2,2003,2,6,6.0,0.0,99.0,0.0,3.0,5.0,0.0,0,8
110,2,Nick Heidfeld,15,Sauber,18,2003,3,12,12.0,1.0,11.0,0.0,4.0,5.0,0.0,0,20
111,2,Nick Heidfeld,15,Sauber,21,2003,4,11,11.0,1.0,13.0,0.0,8.0,6.0,0.0,0,10
112,2,Nick Heidfeld,15,Sauber,4,2003,5,14,14.0,1.0,13.0,0.0,8.0,6.0,0.0,0,10
113,2,Nick Heidfeld,15,Sauber,70,2003,6,4,4.0,1.0,15.0,0.0,8.0,6.0,0.0,0,15
114,2,Nick Heidfeld,15,Sauber,6,2003,7,14,14.0,1.0,15.0,0.0,8.0,7.0,0.0,0,11
115,2,Nick Heidfeld,15,Sauber,7,2003,8,12,12.0,1.0,15.0,0.0,8.0,7.0,0.0,0,15
116,2,Nick Heidfeld,15,Sauber,20,2003,9,20,20.0,1.0,16.0,0.0,8.0,7.0,0.0,0,8
117,2,Nick Heidfeld,15,Sauber,8,2003,10,15,15.0,2.0,15.0,0.0,9.0,7.0,0.0,0,13
118,2,Nick Heidfeld,15,Sauber,9,2003,11,16,16.0,2.0,16.0,0.0,9.0,8.0,0.0,0,17
119,2,Nick Heidfeld,15,Sauber,10,2003,12,15,15.0,2.0,16.0,0.0,9.0,8.0,0.0,0,10
120,2,Nick Heidfeld,15,Sauber,11,2003,13,11,11.0,2.0,16.0,0.0,9.0,9.0,0.0,0,9
121,2,Nick Heidfeld,15,Sauber,14,2003,14,16,16.0,2.0,16.0,0.0,9.0,9.0,0.0,0,9
122,2,Nick Heidfeld,15,Sauber,19,2003,15,13,13.0,2.0,17.0,0.0,9.0,9.0,0.0,0,5
123,2,Nick Heidfeld,15,Sauber,22,2003,16,11,11.0,6.0,14.0,0.0,19.0,5.0,0.0,0,9
90,2,Nick Heidfeld,17,Jordan,1,2004,1,15,15.0,0.0,99.0,0.0,0.0,99.0,0.0,0,16
91,2,Nick Heidfeld,17,Jordan,2,2004,2,15,15.0,0.0,99.0,0.0,0.0,9.0,0.0,0,18
92,2,Nick Heidfeld,17,Jordan,3,2004,3,18,15.0,0.0,99.0,0.0,0.0,9.0,0.0,0,15
93,2,Nick Heidfeld,17,Jordan,21,2004,4,16,16.0,0.0,18.0,0.0,0.0,9.0,0.0,0,17
94,2,Nick Heidfeld,17,Jordan,4,2004,5,15,15.0,0.0,20.0,0.0,0.0,9.0,0.0,0,18
95,2,Nick Heidfeld,17,Jordan,6,2004,6,17,17.0,0.0,20.0,0.0,0.0,9.0,0.0,0,7
96,2,Nick Heidfeld,17,Jordan,20,2004,7,13,13.0,2.0,13.0,0.0,2.0,8.0,0.0,0,10
97,2,Nick Heidfeld,17,Jordan,7,2004,8,15,15.0,2.0,14.0,0.0,2.0,9.0,0.0,0,8
98,2,Nick Heidfeld,17,Jordan,19,2004,9,16,16.0,3.0,14.0,0.0,5.0,7.0,0.0,0,12
99,2,Nick Heidfeld,17,Jordan,8,2004,10,17,17.0,3.0,15.0,0.0,5.0,8.0,0.0,0,16
100,2,Nick Heidfeld,17,Jordan,9,2004,11,15,17.0,3.0,16.0,0.0,5.0,8.0,0.0,0,15
101,2,Nick Heidfeld,17,Jordan,10,2004,12,18,18.0,3.0,16.0,0.0,5.0,8.0,0.0,0,18
102,2,Nick Heidfeld,17,Jordan,11,2004,13,16,16.0,3.0,16.0,0.0,5.0,9.0,0.0,0,12
103,2,Nick Heidfeld,17,Jordan,13,2004,14,16,16.0,3.0,17.0,0.0,5.0,9.0,0.0,0,11
104,2,Nick Heidfeld,17,Jordan,14,2004,15,20,17.0,3.0,18.0,0.0,5.0,9.0,0.0,0,14
105,2,Nick Heidfeld,17,Jordan,17,2004,16,14,15.0,3.0,18.0,0.0,5.0,9.0,0.0,0,13
106,2,Nick Heidfeld,17,Jordan,22,2004,17,16,16.0,3.0,18.0,0.0,5.0,9.0,0.0,0,13
107,2,Nick Heidfeld,17,Jordan,18,2004,18,16,17.0,3.0,18.0,0.0,5.0,9.0,0.0,0,19
71,2,Nick Heidfeld,3,Williams,1,2005,1,7,7.0,0.0,99.0,0.0,0.0,99.0,0.0,0,19
72,2,Nick Heidfeld,3,Williams,2,2005,2,10,10.0,0.0,19.0,0.0,4.0,4.0,0.0,1,3
73,2,Nick Heidfeld,3,Williams,3,2005,3,4,4.0,6.0,7.0,0.0,10.0,5.0,0.0,0,16
74,2,Nick Heidfeld,3,Williams,21,2005,4,8,9.0,6.0,10.0,0.0,13.0,4.0,0.0,0,6
75,2,Nick Heidfeld,3,Williams,4,2005,5,17,17.0,9.0,5.0,0.0,18.0,5.0,0.0,0,10
76,2,Nick Heidfeld,3,Williams,6,2005,6,6,6.0,9.0,10.0,0.0,21.0,4.0,0.0,1,2
77,2,Nick Heidfeld,3,Williams,20,2005,7,1,1.0,17.0,5.0,0.0,35.0,4.0,0.0,1,2
78,2,Nick Heidfeld,3,Williams,7,2005,8,13,13.0,25.0,4.0,0.0,43.0,4.0,0.0,0,14
79,2,Nick Heidfeld,3,Williams,19,2005,9,15,15.0,25.0,4.0,0.0,47.0,3.0,0.0,0,19
80,2,Nick Heidfeld,3,Williams,8,2005,10,14,14.0,25.0,6.0,0.0,47.0,4.0,0.0,0,14
81,2,Nick Heidfeld,3,Williams,9,2005,11,14,14.0,25.0,6.0,0.0,47.0,5.0,0.0,0,12
82,2,Nick Heidfeld,3,Williams,10,2005,12,7,7.0,25.0,8.0,0.0,47.0,5.0,0.0,0,11
83,2,Nick Heidfeld,3,Williams,11,2005,13,12,12.0,25.0,9.0,0.0,47.0,5.0,0.0,0,6
84,2,Nick Heidfeld,3,Williams,5,2005,14,6,6.0,28.0,9.0,0.0,52.0,5.0,0.0,0,18
53,2,Nick Heidfeld,2,BMW Sauber,3,2006,1,10,10.0,0.0,99.0,0.0,0.0,99.0,0.0,0,12
54,2,Nick Heidfeld,2,BMW Sauber,2,2006,2,11,15.0,0.0,12.0,0.0,0.0,8.0,0.0,0,15
55,2,Nick Heidfeld,2,BMW Sauber,1,2006,3,8,8.0,0.0,18.0,0.0,2.0,6.0,0.0,0,4
56,2,Nick Heidfeld,2,BMW Sauber,21,2006,4,15,15.0,5.0,8.0,0.0,10.0,5.0,0.0,0,13
57,2,Nick Heidfeld,2,BMW Sauber,20,2006,5,13,15.0,5.0,10.0,0.0,10.0,5.0,0.0,0,10
58,2,Nick Heidfeld,2,BMW Sauber,4,2006,6,10,10.0,5.0,12.0,0.0,11.0,5.0,0.0,0,8
59,2,Nick Heidfeld,2,BMW Sauber,6,2006,7,15,15.0,6.0,10.0,0.0,12.0,5.0,0.0,0,7
60,2,Nick Heidfeld,2,BMW Sauber,9,2006,8,9,9.0,8.0,10.0,0.0,14.0,5.0,0.0,0,7
61,2,Nick Heidfeld,2,BMW Sauber,7,2006,9,13,13.0,10.0,9.0,0.0,17.0,5.0,0.0,0,7
62,2,Nick Heidfeld,2,BMW Sauber,19,2006,10,10,10.0,12.0,9.0,0.0,19.0,5.0,0.0,0,17
63,2,Nick Heidfeld,2,BMW Sauber,8,2006,11,11,12.0,12.0,9.0,0.0,19.0,5.0,0.0,0,8
64,2,Nick Heidfeld,2,BMW Sauber,10,2006,12,15,16.0,13.0,10.0,0.0,20.0,6.0,0.0,0,17
65,2,Nick Heidfeld,2,BMW Sauber,11,2006,13,10,11.0,13.0,10.0,0.0,20.0,6.0,0.0,1,3
66,2,Nick Heidfeld,2,BMW Sauber,5,2006,14,5,6.0,19.0,9.0,0.0,26.0,6.0,0.0,0,14
67,2,Nick Heidfeld,2,BMW Sauber,14,2006,15,3,3.0,19.0,9.0,0.0,26.0,6.0,0.0,0,8
68,2,Nick Heidfeld,2,BMW Sauber,17,2006,16,8,8.0,20.0,9.0,0.0,33.0,5.0,0.0,0,7
69,2,Nick Heidfeld,2,BMW Sauber,22,2006,17,9,9.0,22.0,9.0,0.0,35.0,5.0,0.0,0,8
70,2,Nick Heidfeld,2,BMW Sauber,18,2006,18,8,8.0,23.0,9.0,0.0,36.0,5.0,0.0,0,17
36,2,Nick Heidfeld,2,BMW Sauber,1,2007,1,3,3.0,0.0,99.0,0.0,0.0,99.0,0.0,0,4
37,2,Nick Heidfeld,2,BMW Sauber,2,2007,2,5,5.0,5.0,4.0,0.0,5.0,2.0,0.0,0,4
38,2,Nick Heidfeld,2,BMW Sauber,3,2007,3,5,5.0,10.0,4.0,0.0,10.0,2.0,0.0,0,4
39,2,Nick Heidfeld,2,BMW Sauber,4,2007,4,7,7.0,15.0,5.0,0.0,18.0,2.0,0.0,0,15
40,2,Nick Heidfeld,2,BMW Sauber,6,2007,5,7,7.0,15.0,5.0,0.0,23.0,2.0,0.0,0,6
41,2,Nick Heidfeld,2,BMW Sauber,7,2007,6,3,3.0,18.0,5.0,0.0,30.0,2.0,0.0,1,2
42,2,Nick Heidfeld,2,BMW Sauber,19,2007,7,5,5.0,26.0,5.0,0.0,38.0,2.0,0.0,0,18
43,2,Nick Heidfeld,2,BMW Sauber,8,2007,8,7,7.0,26.0,5.0,0.0,39.0,2.0,0.0,0,5
44,2,Nick Heidfeld,2,BMW Sauber,9,2007,9,9,9.0,30.0,5.0,0.0,48.0,2.0,0.0,0,6
45,2,Nick Heidfeld,2,BMW Sauber,20,2007,10,4,4.0,33.0,5.0,0.0,56.0,2.0,0.0,0,6
46,2,Nick Heidfeld,2,BMW Sauber,11,2007,11,2,3.0,36.0,5.0,0.0,61.0,2.0,0.0,1,3
47,2,Nick Heidfeld,2,BMW Sauber,5,2007,12,6,6.0,42.0,5.0,0.0,71.0,2.0,0.0,0,4
48,2,Nick Heidfeld,2,BMW Sauber,14,2007,13,4,4.0,47.0,5.0,0.0,77.0,2.0,0.0,0,4
49,2,Nick Heidfeld,2,BMW Sauber,13,2007,14,6,6.0,52.0,5.0,0.0,86.0,2.0,0.0,0,5
50,2,Nick Heidfeld,2,BMW Sauber,16,2007,15,5,5.0,56.0,5.0,0.0,90.0,2.0,0.0,0,14
51,2,Nick Heidfeld,2,BMW Sauber,17,2007,16,8,8.0,56.0,5.0,0.0,92.0,2.0,0.0,0,7
52,2,Nick Heidfeld,2,BMW Sauber,18,2007,17,6,6.0,58.0,5.0,0.0,94.0,2.0,0.0,0,6
18,2,Nick Heidfeld,2,BMW Sauber,1,2008,1,5,5.0,0.0,99.0,0.0,0.0,99.0,0.0,1,2
19,2,Nick Heidfeld,2,BMW Sauber,2,2008,2,5,7.0,8.0,2.0,0.0,8.0,3.0,0.0,0,6
20,2,Nick Heidfeld,2,BMW Sauber,3,2008,3,6,6.0,11.0,3.0,0.0,19.0,2.0,0.0,0,4
21,2,Nick Heidfeld,2,BMW Sauber,4,2008,4,9,9.0,16.0,2.0,0.0,30.0,1.0,0.0,0,9
22,2,Nick Heidfeld,2,BMW Sauber,5,2008,5,9,9.0,16.0,5.0,0.0,35.0,2.0,0.0,0,5
23,2,Nick Heidfeld,2,BMW Sauber,6,2008,6,12,13.0,20.0,5.0,0.0,44.0,2.0,0.0,0,14
24,2,Nick Heidfeld,2,BMW Sauber,7,2008,7,8,8.0,20.0,5.0,0.0,52.0,3.0,0.0,1,2
25,2,Nick Heidfeld,2,BMW Sauber,8,2008,8,11,12.0,28.0,5.0,0.0,70.0,2.0,1.0,0,13
26,2,Nick Heidfeld,2,BMW Sauber,9,2008,9,5,5.0,28.0,5.0,0.0,74.0,2.0,1.0,1,2
27,2,Nick Heidfeld,2,BMW Sauber,10,2008,10,12,12.0,36.0,5.0,0.0,82.0,2.0,1.0,0,4
28,2,Nick Heidfeld,2,BMW Sauber,11,2008,11,15,16.0,41.0,5.0,0.0,89.0,2.0,1.0,0,10
29,2,Nick Heidfeld,2,BMW Sauber,12,2008,12,8,8.0,41.0,5.0,0.0,90.0,3.0,1.0,0,9
30,2,Nick Heidfeld,2,BMW Sauber,13,2008,13,5,5.0,41.0,6.0,0.0,96.0,3.0,1.0,1,2
31,2,Nick Heidfeld,2,BMW Sauber,14,2008,14,10,10.0,49.0,5.0,0.0,107.0,3.0,1.0,0,5
32,2,Nick Heidfeld,2,BMW Sauber,15,2008,15,9,6.0,53.0,5.0,0.0,117.0,3.0,1.0,0,6
33,2,Nick Heidfeld,2,BMW Sauber,16,2008,16,16,16.0,56.0,5.0,0.0,120.0,3.0,1.0,0,9
34,2,Nick Heidfeld,2,BMW Sauber,17,2008,17,9,7.0,56.0,5.0,0.0,128.0,3.0,1.0,0,5
35,2,Nick Heidfeld,2,BMW Sauber,18,2008,18,8,8.0,60.0,5.0,0.0,135.0,3.0,1.0,0,10
1,2,Nick Heidfeld,2,BMW Sauber,1,2009,1,9,11.0,0.0,99.0,0.0,0.0,99.0,0.0,0,10
2,2,Nick Heidfeld,2,BMW Sauber,2,2009,2,10,11.0,0.0,10.0,0.0,0.0,7.0,0.0,1,2
3,2,Nick Heidfeld,2,BMW Sauber,17,2009,3,11,11.0,4.0,5.0,0.0,4.0,3.0,0.0,0,12
4,2,Nick Heidfeld,2,BMW Sauber,3,2009,4,14,14.0,4.0,7.0,0.0,4.0,5.0,0.0,0,19
5,2,Nick Heidfeld,2,BMW Sauber,4,2009,5,13,13.0,4.0,9.0,0.0,4.0,6.0,0.0,0,7
6,2,Nick Heidfeld,2,BMW Sauber,6,2009,6,16,17.0,6.0,9.0,0.0,6.0,6.0,0.0,0,11
7,2,Nick Heidfeld,2,BMW Sauber,5,2009,7,11,11.0,6.0,12.0,0.0,6.0,8.0,0.0,0,11
8,2,Nick Heidfeld,2,BMW Sauber,9,2009,8,15,15.0,6.0,12.0,0.0,8.0,8.0,0.0,0,15
9,2,Nick Heidfeld,2,BMW Sauber,20,2009,9,11,11.0,6.0,12.0,0.0,8.0,8.0,0.0,0,10
10,2,Nick Heidfeld,2,BMW Sauber,11,2009,10,15,16.0,6.0,12.0,0.0,8.0,8.0,0.0,0,11
11,2,Nick Heidfeld,2,BMW Sauber,12,2009,11,11,11.0,6.0,13.0,0.0,8.0,8.0,0.0,0,11
12,2,Nick Heidfeld,2,BMW Sauber,13,2009,12,3,3.0,6.0,13.0,0.0,9.0,8.0,0.0,0,5
13,2,Nick Heidfeld,2,BMW Sauber,14,2009,13,15,15.0,10.0,13.0,0.0,18.0,7.0,0.0,0,7
14,2,Nick Heidfeld,2,BMW Sauber,15,2009,14,20,8.0,12.0,13.0,0.0,20.0,7.0,0.0,0,19
15,2,Nick Heidfeld,2,BMW Sauber,22,2009,15,4,6.0,12.0,13.0,0.0,21.0,8.0,0.0,0,6
16,2,Nick Heidfeld,2,BMW Sauber,18,2009,16,18,19.0,15.0,13.0,0.0,24.0,8.0,0.0,0,17
17,2,Nick Heidfeld,2,BMW Sauber,24,2009,17,8,8.0,15.0,14.0,0.0,32.0,7.0,0.0,0,5
351,2,Nick Heidfeld,15,Sauber,15,2010,15,14,15.0,0.0,99.0,0.0,27.0,8.0,0.0,0,18
352,2,Nick Heidfeld,15,Sauber,22,2010,16,11,11.0,0.0,26.0,0.0,27.0,8.0,0.0,0,8
353,2,Nick Heidfeld,15,Sauber,35,2010,17,13,13.0,4.0,18.0,0.0,37.0,8.0,0.0,0,9
354,2,Nick Heidfeld,15,Sauber,18,2010,18,15,16.0,6.0,18.0,0.0,43.0,8.0,0.0,0,17
355,2,Nick Heidfeld,15,Sauber,24,2010,19,14,14.0,6.0,18.0,0.0,44.0,8.0,0.0,0,11
841,2,Nick Heidfeld,4,Renault,1,2011,1,18,18.0,0.0,99.0,0.0,0.0,99.0,0.0,0,12
842,2,Nick Heidfeld,4,Renault,2,2011,2,6,6.0,0.0,12.0,0.0,15.0,4.0,0.0,1,3
843,2,Nick Heidfeld,4,Renault,17,2011,3,16,16.0,15.0,7.0,0.0,30.0,4.0,0.0,0,12
844,2,Nick Heidfeld,4,Renault,5,2011,4,9,9.0,15.0,8.0,0.0,32.0,4.0,0.0,0,7
846,2,Nick Heidfeld,4,Renault,6,2011,6,15,16.0,25.0,7.0,0.0,46.0,4.0,0.0,0,8
847,2,Nick Heidfeld,4,Renault,7,2011,7,9,9.0,29.0,6.0,0.0,50.0,4.0,0.0,0,20
848,2,Nick Heidfeld,4,Renault,12,2011,8,9,9.0,29.0,8.0,0.0,60.0,4.0,0.0,0,10
849,2,Nick Heidfeld,4,Renault,9,2011,9,16,16.0,30.0,9.0,0.0,61.0,4.0,0.0,0,8
850,2,Nick Heidfeld,4,Renault,20,2011,10,11,11.0,34.0,8.0,0.0,65.0,5.0,0.0,0,24
851,2,Nick Heidfeld,4,Renault,11,2011,11,14,14.0,34.0,8.0,0.0,66.0,5.0,0.0,0,23
53,3,Nico Rosberg,3,Williams,3,2006,1,12,12.0,0.0,99.0,0.0,0.0,99.0,0.0,0,7
54,3,Nico Rosberg,3,Williams,2,2006,2,3,3.0,2.0,7.0,0.0,5.0,5.0,0.0,0,21
55,3,Nico Rosberg,3,Williams,1,2006,3,14,15.0,2.0,9.0,0.0,5.0,5.0,0.0,0,21
56,3,Nico Rosberg,3,Williams,21,2006,4,13,13.0,2.0,13.0,0.0,5.0,7.0,0.0,0,11
57,3,Nico Rosberg,3,Williams,20,2006,5,22,12.0,2.0,13.0,0.0,8.0,6.0,0.0,0,7
58,3,Nico Rosberg,3,Williams,4,2006,6,13,13.0,4.0,13.0,0.0,10.0,6.0,0.0,0,11
59,3,Nico Rosberg,3,Williams,6,2006,7,8,8.0,4.0,13.0,0.0,10.0,6.0,0.0,0,19
60,3,Nico Rosberg,3,Williams,9,2006,8,12,12.0,4.0,14.0,0.0,10.0,6.0,0.0,0,9
61,3,Nico Rosberg,3,Williams,7,2006,9,6,6.0,4.0,14.0,0.0,10.0,6.0,0.0,0,21
62,3,Nico Rosberg,3,Williams,19,2006,10,21,19.0,4.0,14.0,0.0,10.0,7.0,0.0,0,9
63,3,Nico Rosberg,3,Williams,8,2006,11,18,9.0,4.0,15.0,0.0,10.0,8.0,0.0,0,14
64,3,Nico Rosberg,3,Williams,10,2006,12,14,15.0,4.0,15.0,0.0,10.0,8.0,0.0,0,20
65,3,Nico Rosberg,3,Williams,11,2006,13,18,18.0,4.0,15.0,0.0,10.0,8.0,0.0,0,17
66,3,Nico Rosberg,3,Williams,5,2006,14,14,15.0,4.0,16.0,0.0,10.0,8.0,0.0,0,18
67,3,Nico Rosberg,3,Williams,14,2006,15,12,12.0,4.0,16.0,0.0,10.0,8.0,0.0,0,22
68,3,Nico Rosberg,3,Williams,17,2006,16,15,15.0,4.0,17.0,0.0,10.0,8.0,0.0,0,11
69,3,Nico Rosberg,3,Williams,22,2006,17,10,10.0,4.0,17.0,0.0,11.0,8.0,0.0,0,10
70,3,Nico Rosberg,3,Williams,18,2006,18,13,13.0,4.0,17.0,0.0,11.0,8.0,0.0,0,22
36,3,Nico Rosberg,3,Williams,1,2007,1,12,12.0,0.0,99.0,0.0,0.0,99.0,0.0,0,7
37,3,Nico Rosberg,3,Williams,2,2007,2,6,6.0,2.0,7.0,0.0,2.0,4.0,0.0,0,19
38,3,Nico Rosberg,3,Williams,3,2007,3,10,10.0,2.0,8.0,0.0,2.0,5.0,0.0,0,10
39,3,Nico Rosberg,3,Williams,4,2007,4,11,11.0,2.0,9.0,0.0,2.0,5.0,0.0,0,6
40,3,Nico Rosberg,3,Williams,6,2007,5,5,5.0,5.0,8.0,0.0,5.0,4.0,0.0,0,12
41,3,Nico Rosberg,3,Williams,7,2007,6,7,7.0,5.0,8.0,0.0,7.0,4.0,0.0,0,10
42,3,Nico Rosberg,3,Williams,19,2007,7,14,14.0,5.0,10.0,0.0,13.0,4.0,0.0,0,16
43,3,Nico Rosberg,3,Williams,8,2007,8,9,9.0,5.0,11.0,0.0,13.0,4.0,0.0,0,9
44,3,Nico Rosberg,3,Williams,9,2007,9,17,17.0,5.0,11.0,0.0,13.0,4.0,0.0,0,12
45,3,Nico Rosberg,3,Williams,20,2007,10,11,11.0,5.0,11.0,0.0,13.0,4.0,0.0,0,20
46,3,Nico Rosberg,3,Williams,11,2007,11,4,5.0,5.0,13.0,0.0,18.0,4.0,0.0,0,7
47,3,Nico Rosberg,3,Williams,5,2007,12,8,8.0,7.0,12.0,0.0,20.0,4.0,0.0,0,7
48,3,Nico Rosberg,3,Williams,14,2007,13,8,8.0,9.0,10.0,0.0,22.0,4.0,0.0,0,6
49,3,Nico Rosberg,3,Williams,13,2007,14,5,5.0,12.0,10.0,0.0,25.0,4.0,0.0,0,6
50,3,Nico Rosberg,3,Williams,16,2007,15,16,16.0,15.0,9.0,0.0,28.0,4.0,0.0,0,18
51,3,Nico Rosberg,3,Williams,17,2007,16,15,15.0,15.0,9.0,0.0,28.0,4.0,0.0,0,16
52,3,Nico Rosberg,3,Williams,18,2007,17,10,10.0,15.0,9.0,0.0,28.0,4.0,0.0,0,4
18,3,Nico Rosberg,3,Williams,1,2008,1,7,7.0,0.0,99.0,0.0,0.0,99.0,0.0,1,3
19,3,Nico Rosberg,3,Williams,2,2008,2,16,16.0,6.0,3.0,0.0,9.0,2.0,0.0,0,14
20,3,Nico Rosberg,3,Williams,3,2008,3,8,8.0,6.0,6.0,0.0,9.0,4.0,0.0,0,8
21,3,Nico Rosberg,3,Williams,4,2008,4,15,15.0,7.0,8.0,0.0,10.0,4.0,0.0,0,14
22,3,Nico Rosberg,3,Williams,5,2008,5,11,11.0,7.0,9.0,0.0,12.0,4.0,0.0,0,8
23,3,Nico Rosberg,3,Williams,6,2008,6,6,6.0,8.0,10.0,0.0,13.0,4.0,0.0,0,16
24,3,Nico Rosberg,3,Williams,7,2008,7,5,5.0,8.0,10.0,0.0,15.0,4.0,0.0,0,10
25,3,Nico Rosberg,3,Williams,8,2008,8,19,15.0,8.0,10.0,0.0,15.0,6.0,0.0,0,16
26,3,Nico Rosberg,3,Williams,9,2008,9,20,18.0,8.0,10.0,0.0,15.0,6.0,0.0,0,9
27,3,Nico Rosberg,3,Williams,10,2008,10,13,13.0,8.0,11.0,0.0,16.0,6.0,0.0,0,10
28,3,Nico Rosberg,3,Williams,11,2008,11,14,15.0,8.0,12.0,0.0,16.0,7.0,0.0,0,14
29,3,Nico Rosberg,3,Williams,12,2008,12,9,9.0,8.0,13.0,0.0,16.0,7.0,0.0,0,8
30,3,Nico Rosberg,3,Williams,13,2008,13,15,15.0,9.0,13.0,0.0,17.0,7.0,0.0,0,12
31,3,Nico Rosberg,3,Williams,14,2008,14,5,5.0,9.0,14.0,0.0,17.0,7.0,0.0,0,14
32,3,Nico Rosberg,3,Williams,15,2008,15,8,9.0,9.0,14.0,0.0,17.0,8.0,0.0,1,2
33,3,Nico Rosberg,3,Williams,16,2008,16,15,15.0,17.0,12.0,0.0,26.0,8.0,0.0,0,11
34,3,Nico Rosberg,3,Williams,17,2008,17,14,15.0,17.0,13.0,0.0,26.0,8.0,0.0,0,15
35,3,Nico Rosberg,3,Williams,18,2008,18,18,18.0,17.0,13.0,0.0,26.0,8.0,0.0,0,12
1,3,Nico Rosberg,3,Williams,1,2009,1,5,5.0,0.0,99.0,0.0,0.0,99.0,0.0,0,6
2,3,Nico Rosberg,3,Williams,2,2009,2,4,6.0,3.0,6.0,0.0,3.0,4.0,0.0,0,8
3,3,Nico Rosberg,3,Williams,17,2009,3,7,7.0,3.5,7.0,0.0,3.5,5.0,0.0,0,15
4,3,Nico Rosberg,3,Williams,3,2009,4,9,9.0,3.5,11.0,0.0,3.5,8.0,0.0,0,9
5,3,Nico Rosberg,3,Williams,4,2009,5,9,9.0,3.5,11.0,0.0,3.5,8.0,0.0,0,8
6,3,Nico Rosberg,3,Williams,6,2009,6,6,6.0,4.5,10.0,0.0,4.5,8.0,0.0,0,6
7,3,Nico Rosberg,3,Williams,5,2009,7,9,9.0,7.5,11.0,0.0,7.5,7.0,0.0,0,5
8,3,Nico Rosberg,3,Williams,9,2009,8,7,7.0,11.5,7.0,0.0,11.5,6.0,0.0,0,5
9,3,Nico Rosberg,3,Williams,20,2009,9,15,15.0,15.5,7.0,0.0,15.5,5.0,0.0,0,4
10,3,Nico Rosberg,3,Williams,11,2009,10,5,5.0,20.5,7.0,0.0,20.5,5.0,0.0,0,4
11,3,Nico Rosberg,3,Williams,12,2009,11,7,7.0,25.5,5.0,0.0,25.5,6.0,0.0,0,5
12,3,Nico Rosberg,3,Williams,13,2009,12,10,10.0,29.5,5.0,0.0,29.5,6.0,0.0,0,8
13,3,Nico Rosberg,3,Williams,14,2009,13,18,18.0,30.5,6.0,0.0,30.5,6.0,0.0,0,16
14,3,Nico Rosberg,3,Williams,15,2009,14,3,3.0,30.5,6.0,0.0,30.5,6.0,0.0,0,11
15,3,Nico Rosberg,3,Williams,22,2009,15,7,11.0,30.5,7.0,0.0,30.5,6.0,0.0,0,5
16,3,Nico Rosberg,3,Williams,18,2009,16,7,7.0,34.5,7.0,0.0,34.5,6.0,0.0,0,16
17,3,Nico Rosberg,3,Williams,24,2009,17,9,9.0,34.5,7.0,0.0,34.5,6.0,0.0,0,9
337,3,Nico Rosberg,131,Mercedes,3,2010,1,5,5.0,0.0,99.0,0.0,0.0,99.0,0.0,0,5
338,3,Nico Rosberg,131,Mercedes,1,2010,2,6,6.0,10.0,5.0,0.0,18.0,3.0,0.0,0,5
339,3,Nico Rosberg,131,Mercedes,2,2010,3,2,2.0,20.0,5.0,0.0,29.0,3.0,0.0,1,3
340,3,Nico Rosberg,131,Mercedes,17,2010,4,4,4.0,35.0,5.0,0.0,44.0,4.0,0.0,1,3
341,3,Nico Rosberg,131,Mercedes,4,2010,5,8,8.0,50.0,2.0,0.0,60.0,4.0,0.0,0,13
342,3,Nico Rosberg,131,Mercedes,6,2010,6,6,6.0,50.0,5.0,0.0,72.0,4.0,0.0,0,7
343,3,Nico Rosberg,131,Mercedes,5,2010,7,6,6.0,56.0,8.0,0.0,78.0,4.0,0.0,0,5
344,3,Nico Rosberg,131,Mercedes,7,2010,8,10,10.0,66.0,8.0,0.0,100.0,4.0,0.0,0,6
345,3,Nico Rosberg,131,Mercedes,12,2010,9,12,12.0,74.0,6.0,0.0,108.0,4.0,0.0,0,10
346,3,Nico Rosberg,131,Mercedes,9,2010,10,5,5.0,75.0,7.0,0.0,109.0,4.0,0.0,1,3
347,3,Nico Rosberg,131,Mercedes,10,2010,11,9,9.0,90.0,6.0,0.0,126.0,4.0,0.0,0,8
348,3,Nico Rosberg,131,Mercedes,11,2010,12,6,6.0,94.0,6.0,0.0,132.0,4.0,0.0,0,22
349,3,Nico Rosberg,131,Mercedes,13,2010,13,14,12.0,94.0,7.0,0.0,132.0,4.0,0.0,0,6
350,3,Nico Rosberg,131,Mercedes,14,2010,14,7,7.0,102.0,8.0,0.0,146.0,4.0,0.0,0,5
351,3,Nico Rosberg,131,Mercedes,15,2010,15,7,7.0,112.0,7.0,0.0,158.0,4.0,0.0,0,5
352,3,Nico Rosberg,131,Mercedes,22,2010,16,6,7.0,122.0,7.0,0.0,168.0,4.0,0.0,0,17
353,3,Nico Rosberg,131,Mercedes,35,2010,17,5,5.0,122.0,7.0,0.0,176.0,4.0,0.0,0,24
354,3,Nico Rosberg,131,Mercedes,18,2010,18,13,13.0,122.0,8.0,0.0,188.0,4.0,0.0,0,6
355,3,Nico Rosberg,131,Mercedes,24,2010,19,9,9.0,130.0,7.0,0.0,202.0,4.0,0.0,0,4
841,3,Nico Rosberg,131,Mercedes,1,2011,1,7,7.0,0.0,99.0,0.0,0.0,99.0,0.0,0,17
842,3,Nico Rosberg,131,Mercedes,2,2011,2,9,9.0,0.0,17.0,0.0,0.0,10.0,0.0,0,12
843,3,Nico Rosberg,131,Mercedes,17,2011,3,4,4.0,0.0,15.0,0.0,2.0,8.0,0.0,0,5
844,3,Nico Rosberg,131,Mercedes,5,2011,4,3,3.0,10.0,9.0,0.0,16.0,5.0,0.0,0,5
845,3,Nico Rosberg,131,Mercedes,4,2011,5,7,7.0,20.0,9.0,0.0,26.0,5.0,0.0,0,7
846,3,Nico Rosberg,131,Mercedes,6,2011,6,7,8.0,26.0,6.0,0.0,40.0,5.0,0.0,0,11
847,3,Nico Rosberg,131,Mercedes,7,2011,7,6,6.0,26.0,7.0,0.0,40.0,5.0,0.0,0,11
848,3,Nico Rosberg,131,Mercedes,12,2011,8,7,7.0,26.0,10.0,0.0,52.0,5.0,0.0,0,7
849,3,Nico Rosberg,131,Mercedes,9,2011,9,9,9.0,32.0,7.0,0.0,58.0,5.0,0.0,0,6
850,3,Nico Rosberg,131,Mercedes,20,2011,10,6,6.0,40.0,7.0,0.0,68.0,4.0,0.0,0,7
851,3,Nico Rosberg,131,Mercedes,11,2011,11,7,7.0,46.0,7.0,0.0,78.0,4.0,0.0,0,9
852,3,Nico Rosberg,131,Mercedes,13,2011,12,5,5.0,48.0,7.0,0.0,80.0,4.0,0.0,0,6
853,3,Nico Rosberg,131,Mercedes,14,2011,13,9,9.0,56.0,7.0,0.0,98.0,4.0,0.0,0,23
854,3,Nico Rosberg,131,Mercedes,15,2011,14,7,7.0,56.0,7.0,0.0,108.0,4.0,0.0,0,7
855,3,Nico Rosberg,131,Mercedes,22,2011,15,23,23.0,62.0,7.0,0.0,114.0,4.0,0.0,0,10
856,3,Nico Rosberg,131,Mercedes,35,2011,16,7,7.0,63.0,7.0,0.0,123.0,4.0,0.0,0,8
857,3,Nico Rosberg,131,Mercedes,68,2011,17,7,7.0,67.0,7.0,0.0,127.0,4.0,0.0,0,6
858,3,Nico Rosberg,131,Mercedes,24,2011,18,7,7.0,75.0,7.0,0.0,145.0,4.0,0.0,0,6
859,3,Nico Rosberg,131,Mercedes,18,2011,19,6,6.0,83.0,7.0,0.0,159.0,4.0,0.0,0,7
860,3,Nico Rosberg,131,Mercedes,1,2012,1,7,7.0,0.0,99.0,0.0,0.0,99.0,0.0,0,12
861,3,Nico Rosberg,131,Mercedes,2,2012,2,7,8.0,0.0,12.0,0.0,0.0,8.0,0.0,0,13
862,3,Nico Rosberg,131,Mercedes,17,2012,3,1,1.0,0.0,15.0,0.0,1.0,9.0,0.0,1,1
863,3,Nico Rosberg,131,Mercedes,3,2012,4,5,5.0,25.0,6.0,1.0,26.0,5.0,1.0,0,5
864,3,Nico Rosberg,131,Mercedes,4,2012,5,6,7.0,35.0,6.0,1.0,37.0,5.0,1.0,0,7
865,3,Nico Rosberg,131,Mercedes,6,2012,6,2,3.0,41.0,7.0,1.0,43.0,5.0,1.0,1,2
866,3,Nico Rosberg,131,Mercedes,7,2012,7,5,5.0,59.0,5.0,1.0,61.0,5.0,1.0,0,6
867,3,Nico Rosberg,131,Mercedes,12,2012,8,6,6.0,67.0,5.0,1.0,69.0,5.0,1.0,0,6
868,3,Nico Rosberg,131,Mercedes,9,2012,9,11,13.0,75.0,5.0,1.0,92.0,5.0,1.0,0,15
869,3,Nico Rosberg,131,Mercedes,10,2012,10,21,17.0,75.0,6.0,1.0,98.0,5.0,1.0,0,10
870,3,Nico Rosberg,131,Mercedes,11,2012,11,13,13.0,76.0,6.0,1.0,105.0,5.0,1.0,0,10
871,3,Nico Rosberg,131,Mercedes,13,2012,12,23,18.0,77.0,6.0,1.0,106.0,5.0,1.0,0,11
872,3,Nico Rosberg,131,Mercedes,14,2012,13,6,7.0,77.0,7.0,1.0,112.0,5.0,1.0,0,7
873,3,Nico Rosberg,131,Mercedes,15,2012,14,10,10.0,83.0,7.0,1.0,126.0,5.0,1.0,0,5
874,3,Nico Rosberg,131,Mercedes,22,2012,15,13,15.0,93.0,7.0,1.0,136.0,5.0,1.0,0,24
875,3,Nico Rosberg,131,Mercedes,35,2012,16,9,9.0,93.0,7.0,1.0,136.0,5.0,1.0,0,23
876,3,Nico Rosberg,131,Mercedes,68,2012,17,10,10.0,93.0,7.0,1.0,136.0,5.0,1.0,0,11
877,3,Nico Rosberg,131,Mercedes,24,2012,18,7,8.0,93.0,7.0,1.0,136.0,5.0,1.0,0,23
878,3,Nico Rosberg,131,Mercedes,69,2012,19,17,17.0,93.0,8.0,1.0,136.0,5.0,1.0,0,13
879,3,Nico Rosberg,131,Mercedes,18,2012,20,9,10.0,93.0,9.0,1.0,136.0,5.0,1.0,0,15
880,3,Nico Rosberg,131,Mercedes,1,2013,1,6,6.0,0.0,99.0,0.0,0.0,99.0,0.0,0,20
881,3,Nico Rosberg,131,Mercedes,2,2013,2,6,6.0,0.0,20.0,0.0,10.0,4.0,0.0,0,4
882,3,Nico Rosberg,131,Mercedes,17,2013,3,4,4.0,12.0,7.0,0.0,37.0,4.0,0.0,0,19
883,3,Nico Rosberg,131,Mercedes,3,2013,4,1,1.0,12.0,7.0,0.0,52.0,4.0,0.0,0,9
884,3,Nico Rosberg,131,Mercedes,4,2013,5,1,1.0,14.0,9.0,0.0,64.0,4.0,0.0,0,6
885,3,Nico Rosberg,131,Mercedes,6,2013,6,1,1.0,22.0,9.0,0.0,72.0,4.0,0.0,1,1
886,3,Nico Rosberg,131,Mercedes,7,2013,7,4,4.0,47.0,6.0,1.0,109.0,4.0,1.0,0,5
887,3,Nico Rosberg,131,Mercedes,9,2013,8,2,2.0,57.0,6.0,1.0,134.0,3.0,1.0,1,1
888,3,Nico Rosberg,131,Mercedes,20,2013,9,11,11.0,82.0,6.0,2.0,171.0,2.0,2.0,0,9
890,3,Nico Rosberg,131,Mercedes,11,2013,10,4,4.0,84.0,6.0,2.0,183.0,2.0,2.0,0,19
891,3,Nico Rosberg,131,Mercedes,13,2013,11,4,4.0,84.0,6.0,2.0,208.0,2.0,3.0,0,4
892,3,Nico Rosberg,131,Mercedes,14,2013,12,6,6.0,96.0,6.0,2.0,235.0,2.0,3.0,0,6
893,3,Nico Rosberg,131,Mercedes,15,2013,13,2,2.0,104.0,6.0,2.0,245.0,3.0,3.0,0,4
894,3,Nico Rosberg,131,Mercedes,35,2013,14,4,5.0,116.0,6.0,2.0,267.0,3.0,3.0,0,7
895,3,Nico Rosberg,131,Mercedes,22,2013,15,6,6.0,122.0,6.0,2.0,283.0,3.0,3.0,0,8
896,3,Nico Rosberg,131,Mercedes,68,2013,16,2,2.0,126.0,6.0,2.0,287.0,3.0,3.0,1,2
897,3,Nico Rosberg,131,Mercedes,24,2013,17,3,3.0,144.0,6.0,2.0,313.0,2.0,3.0,1,3
898,3,Nico Rosberg,131,Mercedes,69,2013,18,12,14.0,159.0,6.0,2.0,334.0,2.0,3.0,0,9
899,3,Nico Rosberg,131,Mercedes,18,2013,19,2,2.0,161.0,6.0,2.0,348.0,2.0,3.0,0,5
900,3,Nico Rosberg,131,Mercedes,1,2014,1,3,3.0,0.0,99.0,0.0,0.0,99.0,0.0,1,1
901,3,Nico Rosberg,131,Mercedes,2,2014,2,3,3.0,25.0,1.0,1.0,25.0,2.0,1.0,1,2
902,3,Nico Rosberg,131,Mercedes,3,2014,3,1,1.0,43.0,1.0,1.0,68.0,1.0,2.0,1,2
903,3,Nico Rosberg,131,Mercedes,17,2014,4,4,4.0,61.0,1.0,1.0,111.0,1.0,3.0,1,2
904,3,Nico Rosberg,131,Mercedes,4,2014,5,2,2.0,79.0,1.0,1.0,154.0,1.0,4.0,1,2
905,3,Nico Rosberg,131,Mercedes,6,2014,6,1,1.0,97.0,2.0,1.0,197.0,1.0,5.0,1,1
906,3,Nico Rosberg,131,Mercedes,7,2014,7,1,1.0,122.0,1.0,2.0,240.0,1.0,6.0,1,2
907,3,Nico Rosberg,131,Mercedes,70,2014,8,3,3.0,140.0,1.0,2.0,258.0,1.0,6.0,1,1
908,3,Nico Rosberg,131,Mercedes,9,2014,9,1,1.0,165.0,1.0,3.0,301.0,1.0,7.0,0,18
909,3,Nico Rosberg,131,Mercedes,10,2014,10,1,1.0,165.0,1.0,3.0,326.0,1.0,8.0,1,1
910,3,Nico Rosberg,131,Mercedes,11,2014,11,1,1.0,190.0,1.0,4.0,366.0,1.0,9.0,0,4
911,3,Nico Rosberg,131,Mercedes,13,2014,12,1,1.0,202.0,1.0,4.0,393.0,1.0,9.0,1,2
912,3,Nico Rosberg,131,Mercedes,14,2014,13,2,2.0,220.0,1.0,4.0,411.0,1.0,9.0,1,2
913,3,Nico Rosberg,131,Mercedes,15,2014,14,2,2.0,238.0,1.0,4.0,454.0,1.0,10.0,0,21
914,3,Nico Rosberg,131,Mercedes,22,2014,15,1,1.0,238.0,2.0,4.0,479.0,1.0,11.0,1,2
915,3,Nico Rosberg,131,Mercedes,71,2014,16,2,2.0,256.0,2.0,4.0,522.0,1.0,12.0,1,2
916,3,Nico Rosberg,131,Mercedes,69,2014,17,1,1.0,274.0,2.0,4.0,565.0,1.0,13.0,1,2
917,3,Nico Rosberg,131,Mercedes,18,2014,18,1,1.0,292.0,2.0,4.0,608.0,1.0,14.0,1,1
918,3,Nico Rosberg,131,Mercedes,24,2014,19,1,1.0,317.0,2.0,5.0,651.0,1.0,15.0,0,14
926,3,Nico Rosberg,131,Mercedes,1,2015,1,2,2.0,0.0,99.0,0.0,0.0,99.0,0.0,1,2
927,3,Nico Rosberg,131,Mercedes,2,2015,2,3,3.0,18.0,2.0,0.0,43.0,1.0,1.0,1,3
928,3,Nico Rosberg,131,Mercedes,17,2015,3,2,2.0,33.0,3.0,0.0,76.0,1.0,1.0,1,2
929,3,Nico Rosberg,131,Mercedes,3,2015,4,3,3.0,51.0,3.0,0.0,119.0,1.0,2.0,1,3
930,3,Nico Rosberg,131,Mercedes,4,2015,5,1,1.0,66.0,2.0,0.0,159.0,1.0,3.0,1,1
931,3,Nico Rosberg,131,Mercedes,6,2015,6,2,2.0,91.0,2.0,1.0,202.0,1.0,4.0,1,1
932,3,Nico Rosberg,131,Mercedes,7,2015,7,2,2.0,116.0,2.0,2.0,242.0,1.0,5.0,1,2
933,3,Nico Rosberg,131,Mercedes,70,2015,8,2,2.0,134.0,2.0,2.0,285.0,1.0,6.0,1,1
934,3,Nico Rosberg,131,Mercedes,9,2015,9,2,2.0,159.0,2.0,3.0,328.0,1.0,7.0,1,2
936,3,Nico Rosberg,131,Mercedes,11,2015,10,2,2.0,177.0,2.0,3.0,371.0,1.0,8.0,0,8
937,3,Nico Rosberg,131,Mercedes,13,2015,11,2,2.0,181.0,2.0,3.0,383.0,1.0,8.0,1,2
938,3,Nico Rosberg,131,Mercedes,14,2015,12,4,4.0,199.0,2.0,3.0,426.0,1.0,9.0,0,17
939,3,Nico Rosberg,131,Mercedes,15,2015,13,6,6.0,199.0,2.0,3.0,451.0,1.0,10.0,0,4
940,3,Nico Rosberg,131,Mercedes,22,2015,14,1,1.0,211.0,2.0,3.0,463.0,1.0,10.0,1,2
941,3,Nico Rosberg,131,Mercedes,71,2015,15,1,1.0,229.0,2.0,3.0,506.0,1.0,11.0,0,18
942,3,Nico Rosberg,131,Mercedes,69,2015,16,1,1.0,229.0,3.0,3.0,531.0,1.0,12.0,1,2
943,3,Nico Rosberg,131,Mercedes,32,2015,17,1,1.0,247.0,3.0,3.0,574.0,1.0,13.0,1,1
944,3,Nico Rosberg,131,Mercedes,18,2015,18,1,1.0,272.0,2.0,4.0,617.0,1.0,14.0,1,1
945,3,Nico Rosberg,131,Mercedes,24,2015,19,1,1.0,297.0,2.0,5.0,660.0,1.0,15.0,1,1
948,3,Nico Rosberg,131,Mercedes,1,2016,1,2,2.0,0.0,99.0,0.0,0.0,99.0,0.0,1,1
949,3,Nico Rosberg,131,Mercedes,3,2016,2,2,2.0,25.0,1.0,1.0,43.0,1.0,1.0,1,1
950,3,Nico Rosberg,131,Mercedes,17,2016,3,1,1.0,50.0,1.0,2.0,83.0,1.0,2.0,1,1
951,3,Nico Rosberg,131,Mercedes,71,2016,4,1,1.0,75.0,1.0,3.0,114.0,1.0,3.0,1,1
952,3,Nico Rosberg,131,Mercedes,4,2016,5,2,2.0,100.0,1.0,4.0,157.0,1.0,4.0,0,22
953,3,Nico Rosberg,131,Mercedes,6,2016,6,2,2.0,100.0,1.0,4.0,157.0,1.0,4.0,0,7
954,3,Nico Rosberg,131,Mercedes,7,2016,7,2,2.0,106.0,1.0,4.0,188.0,1.0,5.0,0,5
955,3,Nico Rosberg,131,Mercedes,73,2016,8,1,1.0,116.0,1.0,4.0,223.0,1.0,6.0,1,1
956,3,Nico Rosberg,131,Mercedes,70,2016,9,6,2.0,141.0,1.0,5.0,258.0,1.0,7.0,0,4
957,3,Nico Rosberg,131,Mercedes,9,2016,10,2,2.0,153.0,1.0,5.0,295.0,1.0,8.0,1,3
958,3,Nico Rosberg,131,Mercedes,11,2016,11,1,1.0,168.0,1.0,5.0,335.0,1.0,9.0,1,2
959,3,Nico Rosberg,131,Mercedes,10,2016,12,1,1.0,186.0,2.0,5.0,378.0,1.0,10.0,0,4
960,3,Nico Rosberg,131,Mercedes,13,2016,13,1,1.0,198.0,2.0,5.0,415.0,1.0,11.0,1,1
961,3,Nico Rosberg,131,Mercedes,14,2016,14,2,2.0,223.0,2.0,6.0,455.0,1.0,12.0,1,1
962,3,Nico Rosberg,131,Mercedes,15,2016,15,1,1.0,248.0,2.0,7.0,498.0,1.0,13.0,1,1
963,3,Nico Rosberg,131,Mercedes,2,2016,16,2,2.0,273.0,1.0,8.0,538.0,1.0,14.0,1,3
964,3,Nico Rosberg,131,Mercedes,22,2016,17,1,1.0,288.0,1.0,8.0,553.0,1.0,14.0,1,1
965,3,Nico Rosberg,131,Mercedes,69,2016,18,2,2.0,313.0,1.0,9.0,593.0,1.0,15.0,1,2
966,3,Nico Rosberg,131,Mercedes,32,2016,19,2,2.0,331.0,1.0,9.0,636.0,1.0,16.0,1,2
967,3,Nico Rosberg,131,Mercedes,18,2016,20,2,2.0,349.0,1.0,9.0,679.0,1.0,17.0,1,2
968,3,Nico Rosberg,131,Mercedes,24,2016,21,2,2.0,367.0,1.0,9.0,722.0,1.0,18.0,1,2
156,4,Fernando Alonso,18,Minardi,19,2001,16,17,17.0,0.0,23.0,0.0,0.0,11.0,0.0,0,21
108,4,Fernando Alonso,4,Renault,1,2003,1,10,10.0,0.0,99.0,0.0,0.0,99.0,0.0,0,7
109,4,Fernando Alonso,4,Renault,2,2003,2,1,1.0,2.0,7.0,0.0,6.0,3.0,0.0,1,3
110,4,Fernando Alonso,4,Renault,18,2003,3,10,10.0,8.0,5.0,0.0,16.0,3.0,0.0,1,3
111,4,Fernando Alonso,4,Renault,21,2003,4,8,8.0,14.0,3.0,0.0,23.0,2.0,0.0,0,6
112,4,Fernando Alonso,4,Renault,4,2003,5,3,3.0,17.0,4.0,0.0,26.0,3.0,0.0,1,2
113,4,Fernando Alonso,4,Renault,70,2003,6,19,19.0,25.0,3.0,0.0,34.0,3.0,0.0,0,16
114,4,Fernando Alonso,4,Renault,6,2003,7,8,8.0,25.0,4.0,0.0,35.0,3.0,0.0,0,5
115,4,Fernando Alonso,4,Renault,7,2003,8,4,4.0,29.0,3.0,0.0,42.0,4.0,0.0,0,4
116,4,Fernando Alonso,4,Renault,20,2003,9,8,8.0,34.0,3.0,0.0,47.0,4.0,0.0,0,4
117,4,Fernando Alonso,4,Renault,8,2003,10,7,7.0,39.0,5.0,0.0,52.0,4.0,0.0,0,18
118,4,Fernando Alonso,4,Renault,9,2003,11,8,8.0,39.0,6.0,0.0,52.0,4.0,0.0,0,18
119,4,Fernando Alonso,4,Renault,10,2003,12,8,8.0,39.0,6.0,0.0,55.0,4.0,0.0,0,4
120,4,Fernando Alonso,4,Renault,11,2003,13,1,1.0,44.0,6.0,0.0,66.0,4.0,0.0,1,1
121,4,Fernando Alonso,4,Renault,14,2003,14,20,20.0,54.0,5.0,1.0,78.0,4.0,1.0,0,8
122,4,Fernando Alonso,4,Renault,19,2003,15,6,6.0,55.0,6.0,1.0,79.0,4.0,1.0,0,15
123,4,Fernando Alonso,4,Renault,22,2003,16,5,5.0,55.0,6.0,1.0,84.0,4.0,1.0,0,18
90,4,Fernando Alonso,4,Renault,1,2004,1,5,5.0,0.0,99.0,0.0,0.0,99.0,0.0,1,3
91,4,Fernando Alonso,4,Renault,2,2004,2,19,19.0,6.0,3.0,0.0,8.0,3.0,0.0,0,7
92,4,Fernando Alonso,4,Renault,3,2004,3,16,17.0,8.0,5.0,0.0,14.0,3.0,0.0,0,6
93,4,Fernando Alonso,4,Renault,21,2004,4,6,6.0,11.0,5.0,0.0,22.0,2.0,0.0,0,4
94,4,Fernando Alonso,4,Renault,4,2004,5,8,8.0,16.0,5.0,0.0,31.0,2.0,0.0,0,4
95,4,Fernando Alonso,4,Renault,6,2004,6,3,4.0,21.0,4.0,0.0,42.0,2.0,0.0,0,12
96,4,Fernando Alonso,4,Renault,20,2004,7,6,6.0,21.0,6.0,0.0,52.0,2.0,1.0,0,5
97,4,Fernando Alonso,4,Renault,7,2004,8,5,5.0,25.0,5.0,0.0,61.0,2.0,1.0,0,13
98,4,Fernando Alonso,4,Renault,19,2004,9,9,9.0,25.0,5.0,0.0,61.0,2.0,1.0,0,16
99,4,Fernando Alonso,4,Renault,8,2004,10,1,1.0,25.0,5.0,0.0,66.0,2.0,1.0,1,2
100,4,Fernando Alonso,4,Renault,9,2004,11,16,6.0,33.0,5.0,0.0,79.0,2.0,1.0,0,10
101,4,Fernando Alonso,4,Renault,10,2004,12,5,6.0,33.0,5.0,0.0,79.0,2.0,1.0,1,3
102,4,Fernando Alonso,4,Renault,11,2004,13,5,5.0,39.0,5.0,0.0,85.0,2.0,1.0,1,3
103,4,Fernando Alonso,4,Renault,13,2004,14,3,3.0,45.0,5.0,0.0,91.0,2.0,1.0,0,16
104,4,Fernando Alonso,4,Renault,14,2004,15,4,4.0,45.0,5.0,0.0,91.0,2.0,1.0,0,16
105,4,Fernando Alonso,4,Renault,17,2004,16,6,6.0,45.0,5.0,0.0,91.0,3.0,1.0,0,4
106,4,Fernando Alonso,4,Renault,22,2004,17,11,11.0,50.0,4.0,0.0,96.0,3.0,1.0,0,5
107,4,Fernando Alonso,4,Renault,18,2004,18,8,9.0,54.0,4.0,0.0,100.0,3.0,1.0,0,4
71,4,Fernando Alonso,4,Renault,1,2005,1,13,13.0,0.0,99.0,0.0,0.0,99.0,0.0,1,3
72,4,Fernando Alonso,4,Renault,2,2005,2,1,1.0,6.0,3.0,0.0,16.0,1.0,1.0,1,1
73,4,Fernando Alonso,4,Renault,3,2005,3,1,1.0,16.0,1.0,1.0,26.0,1.0,2.0,1,1
74,4,Fernando Alonso,4,Renault,21,2005,4,2,2.0,26.0,1.0,2.0,36.0,1.0,3.0,1,1
75,4,Fernando Alonso,4,Renault,4,2005,5,3,3.0,36.0,1.0,3.0,46.0,1.0,4.0,1,2
76,4,Fernando Alonso,4,Renault,6,2005,6,2,2.0,44.0,1.0,3.0,58.0,1.0,4.0,0,4
77,4,Fernando Alonso,4,Renault,20,2005,7,6,6.0,49.0,1.0,3.0,63.0,1.0,4.0,1,1
78,4,Fernando Alonso,4,Renault,7,2005,8,3,3.0,59.0,1.0,4.0,76.0,1.0,5.0,0,17
79,4,Fernando Alonso,4,Renault,19,2005,9,6,6.0,59.0,1.0,4.0,76.0,1.0,5.0,0,11
80,4,Fernando Alonso,4,Renault,8,2005,10,1,1.0,59.0,1.0,4.0,76.0,1.0,5.0,1,1
81,4,Fernando Alonso,4,Renault,9,2005,11,1,1.0,69.0,1.0,5.0,89.0,1.0,6.0,1,2
82,4,Fernando Alonso,4,Renault,10,2005,12,3,3.0,77.0,1.0,5.0,102.0,1.0,6.0,1,1
83,4,Fernando Alonso,4,Renault,11,2005,13,6,6.0,87.0,1.0,6.0,117.0,1.0,7.0,0,11
84,4,Fernando Alonso,4,Renault,5,2005,14,3,3.0,87.0,1.0,6.0,117.0,1.0,7.0,1,2
85,4,Fernando Alonso,4,Renault,14,2005,15,2,3.0,95.0,1.0,6.0,130.0,1.0,7.0,1,2
86,4,Fernando Alonso,4,Renault,13,2005,16,4,5.0,103.0,1.0,6.0,144.0,1.0,7.0,1,2
87,4,Fernando Alonso,4,Renault,18,2005,17,1,1.0,111.0,1.0,6.0,152.0,1.0,7.0,1,3
88,4,Fernando Alonso,4,Renault,22,2005,18,16,16.0,117.0,1.0,6.0,162.0,2.0,7.0,1,3
89,4,Fernando Alonso,4,Renault,17,2005,19,1,1.0,123.0,1.0,6.0,176.0,1.0,7.0,1,1
53,4,Fernando Alonso,4,Renault,3,2006,1,4,4.0,0.0,99.0,0.0,0.0,99.0,0.0,1,1
54,4,Fernando Alonso,4,Renault,2,2006,2,7,8.0,10.0,1.0,1.0,10.0,1.0,1.0,1,2
55,4,Fernando Alonso,4,Renault,1,2006,3,3,3.0,18.0,1.0,1.0,28.0,1.0,2.0,1,1
56,4,Fernando Alonso,4,Renault,21,2006,4,5,5.0,28.0,1.0,2.0,42.0,1.0,3.0,1,2
57,4,Fernando Alonso,4,Renault,20,2006,5,1,1.0,36.0,1.0,2.0,51.0,1.0,3.0,1,2
58,4,Fernando Alonso,4,Renault,4,2006,6,1,1.0,44.0,1.0,2.0,62.0,1.0,3.0,1,1
59,4,Fernando Alonso,4,Renault,6,2006,7,1,1.0,54.0,1.0,3.0,78.0,1.0,4.0,1,1
60,4,Fernando Alonso,4,Renault,9,2006,8,1,1.0,64.0,1.0,4.0,91.0,1.0,5.0,1,1
61,4,Fernando Alonso,4,Renault,7,2006,9,1,1.0,74.0,1.0,5.0,106.0,1.0,6.0,1,1
62,4,Fernando Alonso,4,Renault,19,2006,10,5,5.0,84.0,1.0,6.0,121.0,1.0,7.0,0,5
63,4,Fernando Alonso,4,Renault,8,2006,11,3,3.0,88.0,1.0,6.0,131.0,1.0,7.0,1,2
64,4,Fernando Alonso,4,Renault,10,2006,12,7,7.0,96.0,1.0,6.0,142.0,1.0,7.0,0,5
65,4,Fernando Alonso,4,Renault,11,2006,13,15,15.0,100.0,1.0,6.0,149.0,1.0,7.0,0,14
66,4,Fernando Alonso,4,Renault,5,2006,14,3,3.0,100.0,1.0,6.0,149.0,1.0,7.0,1,2
67,4,Fernando Alonso,4,Renault,14,2006,15,10,10.0,108.0,1.0,6.0,160.0,1.0,7.0,0,19
68,4,Fernando Alonso,4,Renault,17,2006,16,1,1.0,108.0,1.0,6.0,165.0,2.0,7.0,1,2
69,4,Fernando Alonso,4,Renault,22,2006,17,5,5.0,116.0,2.0,6.0,179.0,1.0,7.0,1,1
70,4,Fernando Alonso,4,Renault,18,2006,18,4,4.0,126.0,1.0,7.0,195.0,1.0,8.0,1,2
36,4,Fernando Alonso,1,McLaren,1,2007,1,2,2.0,0.0,99.0,0.0,0.0,99.0,0.0,1,2
37,4,Fernando Alonso,1,McLaren,2,2007,2,2,2.0,8.0,2.0,0.0,14.0,11.0,0.0,1,1
38,4,Fernando Alonso,1,McLaren,3,2007,3,4,4.0,18.0,1.0,1.0,32.0,11.0,1.0,0,5
39,4,Fernando Alonso,1,McLaren,4,2007,4,2,2.0,22.0,1.0,1.0,44.0,11.0,1.0,1,3
40,4,Fernando Alonso,1,McLaren,6,2007,5,1,1.0,28.0,2.0,1.0,58.0,11.0,1.0,1,1
41,4,Fernando Alonso,1,McLaren,7,2007,6,2,2.0,38.0,1.0,2.0,76.0,11.0,2.0,0,7
42,4,Fernando Alonso,1,McLaren,19,2007,7,2,2.0,40.0,2.0,2.0,88.0,11.0,3.0,1,2
43,4,Fernando Alonso,1,McLaren,8,2007,8,10,10.0,48.0,2.0,2.0,106.0,11.0,4.0,0,7
44,4,Fernando Alonso,1,McLaren,9,2007,9,3,3.0,50.0,2.0,2.0,114.0,11.0,4.0,1,2
45,4,Fernando Alonso,1,McLaren,20,2007,10,2,2.0,58.0,2.0,2.0,128.0,11.0,5.0,1,1
46,4,Fernando Alonso,1,McLaren,11,2007,11,6,1.0,68.0,2.0,3.0,138.0,11.0,5.0,0,4
47,4,Fernando Alonso,1,McLaren,5,2007,12,4,4.0,73.0,2.0,3.0,138.0,11.0,6.0,1,3
48,4,Fernando Alonso,1,McLaren,14,2007,13,1,1.0,79.0,2.0,3.0,148.0,11.0,6.0,1,1
49,4,Fernando Alonso,1,McLaren,13,2007,14,3,3.0,89.0,2.0,4.0,166.0,11.0,7.0,1,3
50,4,Fernando Alonso,1,McLaren,16,2007,15,2,2.0,95.0,2.0,4.0,192.0,11.0,7.0,0,21
51,4,Fernando Alonso,1,McLaren,17,2007,16,4,4.0,95.0,2.0,4.0,202.0,11.0,8.0,1,2
52,4,Fernando Alonso,1,McLaren,18,2007,17,4,4.0,103.0,2.0,4.0,210.0,11.0,8.0,1,3
18,4,Fernando Alonso,4,Renault,1,2008,1,11,12.0,0.0,99.0,0.0,0.0,99.0,0.0,0,4
19,4,Fernando Alonso,4,Renault,2,2008,2,7,9.0,5.0,4.0,0.0,5.0,4.0,0.0,0,8
20,4,Fernando Alonso,4,Renault,3,2008,3,10,10.0,6.0,7.0,0.0,6.0,5.0,0.0,0,10
21,4,Fernando Alonso,4,Renault,4,2008,4,2,2.0,6.0,9.0,0.0,6.0,6.0,0.0,0,15
22,4,Fernando Alonso,4,Renault,5,2008,5,7,7.0,6.0,10.0,0.0,6.0,7.0,0.0,0,6
23,4,Fernando Alonso,4,Renault,6,2008,6,7,7.0,9.0,8.0,0.0,9.0,7.0,0.0,0,10
24,4,Fernando Alonso,4,Renault,7,2008,7,4,4.0,9.0,8.0,0.0,9.0,7.0,0.0,0,16
25,4,Fernando Alonso,4,Renault,8,2008,8,3,4.0,9.0,9.0,0.0,9.0,7.0,0.0,0,8
26,4,Fernando Alonso,4,Renault,9,2008,9,6,6.0,10.0,9.0,0.0,12.0,7.0,0.0,0,6
27,4,Fernando Alonso,4,Renault,10,2008,10,5,5.0,13.0,9.0,0.0,15.0,7.0,0.0,0,11
28,4,Fernando Alonso,4,Renault,11,2008,11,7,7.0,13.0,9.0,0.0,23.0,6.0,0.0,0,4
29,4,Fernando Alonso,4,Renault,12,2008,12,12,12.0,18.0,8.0,0.0,31.0,5.0,0.0,0,20
30,4,Fernando Alonso,4,Renault,13,2008,13,6,6.0,18.0,8.0,0.0,31.0,5.0,0.0,0,4
31,4,Fernando Alonso,4,Renault,14,2008,14,8,8.0,23.0,8.0,0.0,36.0,5.0,0.0,0,4
32,4,Fernando Alonso,4,Renault,15,2008,15,15,15.0,28.0,7.0,0.0,41.0,5.0,0.0,1,1
33,4,Fernando Alonso,4,Renault,16,2008,16,4,4.0,38.0,7.0,1.0,51.0,4.0,1.0,1,1
34,4,Fernando Alonso,4,Renault,17,2008,17,4,4.0,48.0,7.0,2.0,66.0,4.0,2.0,0,4
35,4,Fernando Alonso,4,Renault,18,2008,18,6,6.0,53.0,6.0,2.0,72.0,4.0,2.0,1,2
1,4,Fernando Alonso,4,Renault,1,2009,1,10,12.0,0.0,99.0,0.0,0.0,99.0,0.0,0,5
2,4,Fernando Alonso,4,Renault,2,2009,2,9,10.0,4.0,5.0,0.0,4.0,3.0,0.0,0,11
3,4,Fernando Alonso,4,Renault,17,2009,3,2,2.0,4.0,6.0,0.0,4.0,4.0,0.0,0,9
4,4,Fernando Alonso,4,Renault,3,2009,4,7,7.0,4.0,8.0,0.0,4.0,6.0,0.0,0,8
5,4,Fernando Alonso,4,Renault,4,2009,5,8,8.0,5.0,8.0,0.0,5.0,5.0,0.0,0,5
6,4,Fernando Alonso,4,Renault,6,2009,6,9,9.0,9.0,8.0,0.0,9.0,5.0,0.0,0,7
7,4,Fernando Alonso,4,Renault,5,2009,7,8,8.0,11.0,7.0,0.0,11.0,6.0,0.0,0,10
8,4,Fernando Alonso,4,Renault,9,2009,8,10,10.0,11.0,9.0,0.0,11.0,7.0,0.0,0,14
9,4,Fernando Alonso,4,Renault,20,2009,9,12,12.0,11.0,9.0,0.0,11.0,7.0,0.0,0,7
10,4,Fernando Alonso,4,Renault,11,2009,10,1,1.0,13.0,9.0,0.0,13.0,7.0,0.0,0,18
11,4,Fernando Alonso,4,Renault,12,2009,11,8,8.0,13.0,11.0,0.0,13.0,7.0,0.0,0,6
12,4,Fernando Alonso,4,Renault,13,2009,12,13,13.0,16.0,11.0,0.0,16.0,7.0,0.0,0,15
13,4,Fernando Alonso,4,Renault,14,2009,13,8,8.0,16.0,12.0,0.0,16.0,8.0,0.0,0,5
14,4,Fernando Alonso,4,Renault,15,2009,14,5,6.0,20.0,11.0,0.0,20.0,8.0,0.0,1,3
15,4,Fernando Alonso,4,Renault,22,2009,15,16,12.0,26.0,8.0,0.0,26.0,7.0,0.0,0,10
16,4,Fernando Alonso,4,Renault,18,2009,16,10,10.0,26.0,9.0,0.0,26.0,7.0,0.0,0,20
17,4,Fernando Alonso,4,Renault,24,2009,17,15,16.0,26.0,9.0,0.0,26.0,8.0,0.0,0,14
337,4,Fernando Alonso,6,Ferrari,3,2010,1,3,3.0,0.0,99.0,0.0,0.0,99.0,0.0,1,1
338,4,Fernando Alonso,6,Ferrari,1,2010,2,3,3.0,25.0,1.0,1.0,43.0,1.0,1.0,0,4
339,4,Fernando Alonso,6,Ferrari,2,2010,3,19,19.0,37.0,1.0,1.0,70.0,1.0,1.0,0,13
340,4,Fernando Alonso,6,Ferrari,17,2010,4,3,3.0,37.0,2.0,1.0,76.0,1.0,1.0,0,4
341,4,Fernando Alonso,6,Ferrari,4,2010,5,4,4.0,49.0,3.0,1.0,90.0,2.0,1.0,1,2
342,4,Fernando Alonso,6,Ferrari,6,2010,6,24,24.0,67.0,2.0,1.0,116.0,2.0,1.0,0,6
343,4,Fernando Alonso,6,Ferrari,5,2010,7,12,12.0,75.0,3.0,1.0,136.0,2.0,1.0,0,8
344,4,Fernando Alonso,6,Ferrari,7,2010,8,3,4.0,79.0,4.0,1.0,146.0,3.0,1.0,1,3
345,4,Fernando Alonso,6,Ferrari,12,2010,9,4,4.0,94.0,4.0,1.0,161.0,3.0,1.0,0,8
346,4,Fernando Alonso,6,Ferrari,9,2010,10,3,3.0,98.0,5.0,1.0,165.0,3.0,1.0,0,14
347,4,Fernando Alonso,6,Ferrari,10,2010,11,2,2.0,98.0,5.0,1.0,165.0,3.0,1.0,1,1
348,4,Fernando Alonso,6,Ferrari,11,2010,12,3,3.0,123.0,5.0,2.0,208.0,3.0,2.0,1,2
349,4,Fernando Alonso,6,Ferrari,13,2010,13,10,10.0,141.0,5.0,2.0,238.0,3.0,2.0,0,21
350,4,Fernando Alonso,6,Ferrari,14,2010,14,1,1.0,141.0,5.0,2.0,250.0,3.0,2.0,1,1
351,4,Fernando Alonso,6,Ferrari,15,2010,15,1,1.0,166.0,3.0,3.0,290.0,3.0,3.0,1,1
352,4,Fernando Alonso,6,Ferrari,22,2010,16,4,5.0,191.0,2.0,4.0,319.0,3.0,4.0,1,3
353,4,Fernando Alonso,6,Ferrari,35,2010,17,3,3.0,206.0,2.0,4.0,334.0,3.0,4.0,1,1
354,4,Fernando Alonso,6,Ferrari,18,2010,18,5,5.0,231.0,1.0,5.0,374.0,3.0,5.0,1,3
355,4,Fernando Alonso,6,Ferrari,24,2010,19,3,3.0,246.0,1.0,5.0,389.0,3.0,5.0,0,7
841,4,Fernando Alonso,6,Ferrari,1,2011,1,5,5.0,0.0,99.0,0.0,0.0,99.0,0.0,0,4
842,4,Fernando Alonso,6,Ferrari,2,2011,2,5,5.0,12.0,4.0,0.0,18.0,3.0,0.0,0,6
843,4,Fernando Alonso,6,Ferrari,17,2011,3,5,5.0,20.0,5.0,0.0,36.0,3.0,0.0,0,7
844,4,Fernando Alonso,6,Ferrari,5,2011,4,5,5.0,26.0,5.0,0.0,50.0,3.0,0.0,1,3
845,4,Fernando Alonso,6,Ferrari,4,2011,5,4,4.0,41.0,5.0,0.0,65.0,3.0,0.0,0,5
846,4,Fernando Alonso,6,Ferrari,6,2011,6,4,4.0,51.0,5.0,0.0,75.0,3.0,0.0,1,2
847,4,Fernando Alonso,6,Ferrari,7,2011,7,2,2.0,69.0,5.0,0.0,93.0,3.0,0.0,0,22
848,4,Fernando Alonso,6,Ferrari,12,2011,8,4,4.0,69.0,5.0,0.0,101.0,3.0,0.0,1,2
849,4,Fernando Alonso,6,Ferrari,9,2011,9,3,3.0,87.0,5.0,0.0,129.0,3.0,0.0,1,1
850,4,Fernando Alonso,6,Ferrari,20,2011,10,4,4.0,112.0,3.0,1.0,164.0,3.0,1.0,1,2
851,4,Fernando Alonso,6,Ferrari,11,2011,11,5,5.0,130.0,4.0,1.0,192.0,3.0,1.0,1,3
852,4,Fernando Alonso,6,Ferrari,13,2011,12,8,8.0,145.0,4.0,1.0,215.0,3.0,1.0,0,4
853,4,Fernando Alonso,6,Ferrari,14,2011,13,4,4.0,157.0,3.0,1.0,231.0,3.0,1.0,1,3
854,4,Fernando Alonso,6,Ferrari,15,2011,14,5,5.0,172.0,2.0,1.0,254.0,3.0,1.0,0,4
855,4,Fernando Alonso,6,Ferrari,22,2011,15,5,5.0,184.0,3.0,1.0,268.0,3.0,1.0,1,2
856,4,Fernando Alonso,6,Ferrari,35,2011,16,6,6.0,202.0,3.0,1.0,292.0,3.0,1.0,0,5
857,4,Fernando Alonso,6,Ferrari,68,2011,17,3,4.0,212.0,3.0,1.0,310.0,3.0,1.0,1,3
858,4,Fernando Alonso,6,Ferrari,24,2011,18,5,5.0,227.0,3.0,1.0,325.0,3.0,1.0,1,2
859,4,Fernando Alonso,6,Ferrari,18,2011,19,5,5.0,245.0,3.0,1.0,353.0,3.0,1.0,0,4
860,4,Fernando Alonso,6,Ferrari,1,2012,1,12,12.0,0.0,99.0,0.0,0.0,99.0,0.0,0,5
861,4,Fernando Alonso,6,Ferrari,2,2012,2,8,9.0,10.0,5.0,0.0,10.0,4.0,0.0,1,1
862,4,Fernando Alonso,6,Ferrari,17,2012,3,9,9.0,35.0,1.0,1.0,35.0,3.0,1.0,0,9
863,4,Fernando Alonso,6,Ferrari,3,2012,4,9,9.0,37.0,3.0,1.0,37.0,3.0,1.0,0,7
864,4,Fernando Alonso,6,Ferrari,4,2012,5,2,3.0,43.0,5.0,1.0,45.0,4.0,1.0,1,2
865,4,Fernando Alonso,6,Ferrari,6,2012,6,5,6.0,61.0,2.0,1.0,63.0,4.0,1.0,1,3
866,4,Fernando Alonso,6,Ferrari,7,2012,7,3,3.0,76.0,1.0,1.0,86.0,3.0,1.0,0,5
867,4,Fernando Alonso,6,Ferrari,12,2012,8,11,11.0,86.0,2.0,1.0,97.0,4.0,1.0,1,1
868,4,Fernando Alonso,6,Ferrari,9,2012,9,1,1.0,111.0,1.0,2.0,122.0,4.0,2.0,1,2
869,4,Fernando Alonso,6,Ferrari,10,2012,10,1,1.0,129.0,1.0,2.0,152.0,2.0,2.0,1,1
870,4,Fernando Alonso,6,Ferrari,11,2012,11,6,6.0,154.0,1.0,3.0,177.0,2.0,3.0,0,5
871,4,Fernando Alonso,6,Ferrari,13,2012,12,5,6.0,164.0,1.0,3.0,189.0,4.0,3.0,0,22
872,4,Fernando Alonso,6,Ferrari,14,2012,13,10,10.0,164.0,1.0,3.0,199.0,4.0,3.0,1,3
873,4,Fernando Alonso,6,Ferrari,15,2012,14,5,5.0,179.0,1.0,3.0,226.0,3.0,3.0,1,3
874,4,Fernando Alonso,6,Ferrari,22,2012,15,6,7.0,194.0,1.0,3.0,245.0,3.0,3.0,0,23
875,4,Fernando Alonso,6,Ferrari,35,2012,16,4,4.0,194.0,1.0,3.0,263.0,3.0,3.0,1,3
876,4,Fernando Alonso,6,Ferrari,68,2012,17,5,5.0,209.0,2.0,3.0,290.0,2.0,3.0,1,2
877,4,Fernando Alonso,6,Ferrari,24,2012,18,6,7.0,227.0,2.0,3.0,316.0,2.0,3.0,1,2
878,4,Fernando Alonso,6,Ferrari,69,2012,19,7,9.0,245.0,2.0,3.0,340.0,2.0,3.0,1,3
879,4,Fernando Alonso,6,Ferrari,18,2012,20,7,8.0,260.0,2.0,3.0,367.0,2.0,3.0,1,2
880,4,Fernando Alonso,6,Ferrari,1,2013,1,5,5.0,0.0,99.0,0.0,0.0,99.0,0.0,1,2
881,4,Fernando Alonso,6,Ferrari,2,2013,2,3,3.0,18.0,2.0,0.0,30.0,1.0,0.0,0,22
882,4,Fernando Alonso,6,Ferrari,17,2013,3,3,3.0,18.0,6.0,0.0,40.0,3.0,0.0,1,1
883,4,Fernando Alonso,6,Ferrari,3,2013,4,3,3.0,43.0,3.0,1.0,73.0,2.0,1.0,0,8
884,4,Fernando Alonso,6,Ferrari,4,2013,5,5,5.0,47.0,4.0,1.0,77.0,3.0,1.0,1,1
885,4,Fernando Alonso,6,Ferrari,6,2013,6,6,6.0,72.0,3.0,2.0,117.0,2.0,2.0,0,7
886,4,Fernando Alonso,6,Ferrari,7,2013,7,6,6.0,78.0,3.0,2.0,123.0,2.0,2.0,1,2
887,4,Fernando Alonso,6,Ferrari,9,2013,8,9,10.0,96.0,2.0,2.0,145.0,2.0,2.0,1,3
888,4,Fernando Alonso,6,Ferrari,20,2013,9,8,8.0,111.0,2.0,2.0,168.0,3.0,2.0,0,4
890,4,Fernando Alonso,6,Ferrari,11,2013,10,5,5.0,123.0,2.0,2.0,180.0,3.0,2.0,0,5
891,4,Fernando Alonso,6,Ferrari,13,2013,11,9,9.0,133.0,3.0,2.0,194.0,3.0,2.0,1,2
892,4,Fernando Alonso,6,Ferrari,14,2013,12,5,5.0,151.0,2.0,2.0,218.0,3.0,2.0,1,2
893,4,Fernando Alonso,6,Ferrari,15,2013,13,7,7.0,169.0,2.0,2.0,248.0,2.0,2.0,1,2
894,4,Fernando Alonso,6,Ferrari,35,2013,14,5,6.0,187.0,2.0,2.0,274.0,2.0,2.0,0,6
895,4,Fernando Alonso,6,Ferrari,22,2013,15,8,8.0,195.0,2.0,2.0,284.0,2.0,2.0,0,4
896,4,Fernando Alonso,6,Ferrari,68,2013,16,8,8.0,207.0,2.0,2.0,297.0,2.0,2.0,0,11
897,4,Fernando Alonso,6,Ferrari,24,2013,17,10,11.0,207.0,2.0,2.0,309.0,3.0,2.0,0,5
898,4,Fernando Alonso,6,Ferrari,69,2013,18,6,6.0,217.0,2.0,2.0,323.0,3.0,2.0,0,5
899,4,Fernando Alonso,6,Ferrari,18,2013,19,3,3.0,227.0,2.0,2.0,333.0,3.0,2.0,1,3
900,4,Fernando Alonso,6,Ferrari,1,2014,1,5,5.0,0.0,99.0,0.0,0.0,99.0,0.0,0,4
901,4,Fernando Alonso,6,Ferrari,2,2014,2,4,4.0,12.0,4.0,0.0,18.0,3.0,0.0,0,4
902,4,Fernando Alonso,6,Ferrari,3,2014,3,9,10.0,24.0,3.0,0.0,30.0,3.0,0.0,0,9
903,4,Fernando Alonso,6,Ferrari,17,2014,4,5,5.0,26.0,4.0,0.0,33.0,5.0,0.0,1,3
904,4,Fernando Alonso,6,Ferrari,4,2014,5,7,7.0,41.0,3.0,0.0,52.0,4.0,0.0,0,6
905,4,Fernando Alonso,6,Ferrari,6,2014,6,5,5.0,49.0,3.0,0.0,66.0,3.0,0.0,0,4
906,4,Fernando Alonso,6,Ferrari,7,2014,7,7,7.0,61.0,3.0,0.0,78.0,3.0,0.0,0,6
907,4,Fernando Alonso,6,Ferrari,70,2014,8,4,4.0,69.0,4.0,0.0,87.0,3.0,0.0,0,5
908,4,Fernando Alonso,6,Ferrari,9,2014,9,16,19.0,79.0,4.0,0.0,98.0,3.0,0.0,0,6
909,4,Fernando Alonso,6,Ferrari,10,2014,10,7,7.0,87.0,4.0,0.0,106.0,3.0,0.0,0,5
910,4,Fernando Alonso,6,Ferrari,11,2014,11,5,5.0,97.0,4.0,0.0,116.0,4.0,0.0,1,2
911,4,Fernando Alonso,6,Ferrari,13,2014,12,4,4.0,115.0,4.0,0.0,142.0,3.0,0.0,0,7
912,4,Fernando Alonso,6,Ferrari,14,2014,13,7,7.0,121.0,4.0,0.0,160.0,3.0,0.0,0,21
913,4,Fernando Alonso,6,Ferrari,15,2014,14,5,5.0,121.0,5.0,0.0,162.0,4.0,0.0,0,4
914,4,Fernando Alonso,6,Ferrari,22,2014,15,5,5.0,133.0,4.0,0.0,178.0,4.0,0.0,0,22
915,4,Fernando Alonso,6,Ferrari,71,2014,16,7,8.0,133.0,5.0,0.0,178.0,4.0,0.0,0,6
916,4,Fernando Alonso,6,Ferrari,69,2014,17,6,6.0,141.0,6.0,0.0,188.0,4.0,0.0,0,6
917,4,Fernando Alonso,6,Ferrari,18,2014,18,8,8.0,149.0,6.0,0.0,196.0,4.0,0.0,0,6
918,4,Fernando Alonso,6,Ferrari,24,2014,19,8,8.0,157.0,5.0,0.0,210.0,4.0,0.0,0,9
927,4,Fernando Alonso,1,McLaren,2,2015,2,18,18.0,0.0,99.0,0.0,0.0,8.0,0.0,0,18
928,4,Fernando Alonso,1,McLaren,17,2015,3,18,18.0,0.0,20.0,0.0,0.0,9.0,0.0,0,12
929,4,Fernando Alonso,1,McLaren,3,2015,4,14,14.0,0.0,17.0,0.0,0.0,9.0,0.0,0,11
930,4,Fernando Alonso,1,McLaren,4,2015,5,13,13.0,0.0,16.0,0.0,0.0,9.0,0.0,0,20
931,4,Fernando Alonso,1,McLaren,6,2015,6,13,15.0,0.0,16.0,0.0,0.0,9.0,0.0,0,19
932,4,Fernando Alonso,1,McLaren,7,2015,7,13,14.0,0.0,17.0,0.0,4.0,9.0,0.0,0,20
933,4,Fernando Alonso,1,McLaren,70,2015,8,19,15.0,0.0,18.0,0.0,4.0,9.0,0.0,0,20
934,4,Fernando Alonso,1,McLaren,9,2015,9,17,17.0,0.0,18.0,0.0,4.0,9.0,0.0,0,10
936,4,Fernando Alonso,1,McLaren,11,2015,10,15,15.0,1.0,18.0,0.0,5.0,9.0,0.0,0,5
937,4,Fernando Alonso,1,McLaren,13,2015,11,20,18.0,11.0,15.0,0.0,17.0,9.0,0.0,0,13
938,4,Fernando Alonso,1,McLaren,14,2015,12,16,17.0,11.0,15.0,0.0,17.0,9.0,0.0,0,18
939,4,Fernando Alonso,1,McLaren,15,2015,13,12,12.0,11.0,15.0,0.0,17.0,9.0,0.0,0,17
940,4,Fernando Alonso,1,McLaren,22,2015,14,12,14.0,11.0,15.0,0.0,17.0,9.0,0.0,0,11
941,4,Fernando Alonso,1,McLaren,71,2015,15,19,16.0,11.0,16.0,0.0,17.0,9.0,0.0,0,11
942,4,Fernando Alonso,1,McLaren,69,2015,16,9,11.0,11.0,16.0,0.0,19.0,9.0,0.0,0,11
943,4,Fernando Alonso,1,McLaren,32,2015,17,18,16.0,11.0,17.0,0.0,27.0,9.0,0.0,0,20
944,4,Fernando Alonso,1,McLaren,18,2015,18,20,20.0,11.0,17.0,0.0,27.0,9.0,0.0,0,15
945,4,Fernando Alonso,1,McLaren,24,2015,19,16,17.0,11.0,17.0,0.0,27.0,9.0,0.0,0,17
948,4,Fernando Alonso,1,McLaren,1,2016,1,11,12.0,0.0,99.0,0.0,0.0,99.0,0.0,0,21
950,4,Fernando Alonso,1,McLaren,17,2016,3,11,12.0,0.0,21.0,0.0,1.0,8.0,0.0,0,12
951,4,Fernando Alonso,1,McLaren,71,2016,4,14,14.0,0.0,18.0,0.0,1.0,8.0,0.0,0,6
952,4,Fernando Alonso,1,McLaren,4,2016,5,10,10.0,8.0,11.0,0.0,10.0,7.0,0.0,0,19
953,4,Fernando Alonso,1,McLaren,6,2016,6,9,10.0,8.0,12.0,0.0,12.0,8.0,0.0,0,5
954,4,Fernando Alonso,1,McLaren,7,2016,7,10,10.0,18.0,12.0,0.0,24.0,7.0,0.0,0,11
955,4,Fernando Alonso,1,McLaren,73,2016,8,13,14.0,18.0,12.0,0.0,24.0,7.0,0.0,0,19
956,4,Fernando Alonso,1,McLaren,70,2016,9,14,14.0,18.0,13.0,0.0,24.0,7.0,0.0,0,18
957,4,Fernando Alonso,1,McLaren,9,2016,10,9,10.0,18.0,14.0,0.0,32.0,7.0,0.0,0,13
958,4,Fernando Alonso,1,McLaren,11,2016,11,7,7.0,18.0,14.0,0.0,32.0,7.0,0.0,0,7
959,4,Fernando Alonso,1,McLaren,10,2016,12,13,14.0,24.0,13.0,0.0,38.0,7.0,0.0,0,12
961,4,Fernando Alonso,1,McLaren,14,2016,14,12,13.0,30.0,11.0,0.0,48.0,6.0,0.0,0,14
962,4,Fernando Alonso,1,McLaren,15,2016,15,9,9.0,30.0,11.0,0.0,48.0,6.0,0.0,0,7
963,4,Fernando Alonso,1,McLaren,2,2016,16,22,22.0,36.0,11.0,0.0,54.0,6.0,0.0,0,7
964,4,Fernando Alonso,1,McLaren,22,2016,17,15,15.0,42.0,10.0,0.0,62.0,6.0,0.0,0,16
965,4,Fernando Alonso,1,McLaren,69,2016,18,12,12.0,42.0,11.0,0.0,62.0,6.0,0.0,0,5
966,4,Fernando Alonso,1,McLaren,32,2016,19,11,11.0,52.0,10.0,0.0,74.0,6.0,0.0,0,13
967,4,Fernando Alonso,1,McLaren,18,2016,20,10,10.0,52.0,10.0,0.0,74.0,6.0,0.0,0,10
968,4,Fernando Alonso,1,McLaren,24,2016,21,9,9.0,53.0,10.0,0.0,75.0,6.0,0.0,0,10
969,4,Fernando Alonso,1,McLaren,1,2017,1,12,13.0,0.0,99.0,0.0,0.0,99.0,0.0,0,14
970,4,Fernando Alonso,1,McLaren,17,2017,2,13,13.0,0.0,14.0,0.0,0.0,9.0,0.0,0,16
971,4,Fernando Alonso,1,McLaren,3,2017,3,15,15.0,0.0,19.0,0.0,0.0,10.0,0.0,0,14
972,4,Fernando Alonso,1,McLaren,71,2017,4,15,15.0,0.0,19.0,0.0,0.0,10.0,0.0,0,20
973,4,Fernando Alonso,1,McLaren,4,2017,5,7,7.0,0.0,20.0,0.0,0.0,10.0,0.0,0,12
975,4,Fernando Alonso,1,McLaren,7,2017,7,12,12.0,0.0,18.0,0.0,0.0,10.0,0.0,0,16
976,4,Fernando Alonso,1,McLaren,73,2017,8,19,16.0,0.0,19.0,0.0,0.0,10.0,0.0,0,9
977,4,Fernando Alonso,1,McLaren,70,2017,9,12,12.0,2.0,17.0,0.0,2.0,10.0,0.0,0,19
978,4,Fernando Alonso,1,McLaren,9,2017,10,20,13.0,2.0,17.0,0.0,2.0,10.0,0.0,0,18
979,4,Fernando Alonso,1,McLaren,11,2017,11,7,8.0,2.0,17.0,0.0,2.0,10.0,0.0,0,6
980,4,Fernando Alonso,1,McLaren,13,2017,12,10,11.0,10.0,15.0,0.0,11.0,9.0,0.0,0,18
981,4,Fernando Alonso,1,McLaren,14,2017,13,19,13.0,10.0,15.0,0.0,11.0,9.0,0.0,0,17
982,4,Fernando Alonso,1,McLaren,15,2017,14,8,8.0,10.0,15.0,0.0,11.0,9.0,0.0,0,17
983,4,Fernando Alonso,1,McLaren,2,2017,15,10,10.0,10.0,15.0,0.0,17.0,9.0,0.0,0,11
984,4,Fernando Alonso,1,McLaren,22,2017,16,20,10.0,10.0,16.0,0.0,23.0,9.0,0.0,0,11
985,4,Fernando Alonso,1,McLaren,69,2017,17,8,9.0,10.0,16.0,0.0,23.0,9.0,0.0,0,17
986,4,Fernando Alonso,1,McLaren,32,2017,18,18,14.0,10.0,16.0,0.0,23.0,9.0,0.0,0,10
987,4,Fernando Alonso,1,McLaren,18,2017,19,6,7.0,11.0,16.0,0.0,24.0,9.0,0.0,0,8
988,4,Fernando Alonso,1,McLaren,24,2017,20,11,11.0,15.0,15.0,0.0,28.0,9.0,0.0,0,9
989,4,Fernando Alonso,1,McLaren,1,2018,1,10,11.0,0.0,99.0,0.0,0.0,99.0,0.0,0,5
990,4,Fernando Alonso,1,McLaren,3,2018,2,13,13.0,10.0,5.0,0.0,12.0,4.0,0.0,0,7
991,4,Fernando Alonso,1,McLaren,17,2018,3,13,13.0,16.0,4.0,0.0,22.0,3.0,0.0,0,7
992,4,Fernando Alonso,1,McLaren,73,2018,4,12,13.0,22.0,6.0,0.0,28.0,4.0,0.0,0,7
993,4,Fernando Alonso,1,McLaren,4,2018,5,8,8.0,28.0,6.0,0.0,36.0,4.0,0.0,0,8
994,4,Fernando Alonso,1,McLaren,6,2018,6,7,7.0,32.0,7.0,0.0,40.0,5.0,0.0,0,20
995,4,Fernando Alonso,1,McLaren,7,2018,7,14,14.0,32.0,7.0,0.0,40.0,5.0,0.0,0,18
996,4,Fernando Alonso,1,McLaren,34,2018,8,16,16.0,32.0,7.0,0.0,40.0,5.0,0.0,0,16
997,4,Fernando Alonso,1,McLaren,70,2018,9,13,14.0,32.0,8.0,0.0,40.0,5.0,0.0,0,8
998,4,Fernando Alonso,1,McLaren,9,2018,10,13,13.0,36.0,8.0,0.0,44.0,6.0,0.0,0,8
999,4,Fernando Alonso,1,McLaren,10,2018,11,11,11.0,40.0,8.0,0.0,48.0,7.0,0.0,0,16
1000,4,Fernando Alonso,1,McLaren,11,2018,12,11,11.0,40.0,8.0,0.0,48.0,7.0,0.0,0,8
1001,4,Fernando Alonso,1,McLaren,13,2018,13,15,17.0,44.0,9.0,0.0,52.0,7.0,0.0,0,19
1002,4,Fernando Alonso,1,McLaren,14,2018,14,13,13.0,44.0,9.0,0.0,52.0,6.0,0.0,0,18
1003,4,Fernando Alonso,1,McLaren,15,2018,15,11,11.0,44.0,11.0,0.0,52.0,6.0,0.0,0,7
1004,4,Fernando Alonso,1,McLaren,71,2018,16,16,17.0,50.0,8.0,0.0,58.0,6.0,0.0,0,14
1005,4,Fernando Alonso,1,McLaren,22,2018,17,18,18.0,50.0,9.0,0.0,58.0,6.0,0.0,0,14
1006,4,Fernando Alonso,1,McLaren,69,2018,18,13,16.0,50.0,10.0,0.0,58.0,6.0,0.0,0,18
1007,4,Fernando Alonso,1,McLaren,32,2018,19,12,12.0,50.0,10.0,0.0,58.0,6.0,0.0,0,20
1008,4,Fernando Alonso,1,McLaren,18,2018,20,17,18.0,50.0,10.0,0.0,62.0,6.0,0.0,0,17
1009,4,Fernando Alonso,1,McLaren,24,2018,21,15,15.0,50.0,10.0,0.0,62.0,6.0,0.0,0,11
1052,4,Fernando Alonso,214,Alpine F1 Team,3,2021,1,9,9.0,0.0,99.0,0.0,0.0,99.0,0.0,0,19
1053,4,Fernando Alonso,214,Alpine F1 Team,21,2021,2,15,15.0,0.0,19.0,0.0,0.0,8.0,0.0,0,10
1054,4,Fernando Alonso,214,Alpine F1 Team,75,2021,3,13,13.0,1.0,13.0,0.0,3.0,7.0,0.0,0,8
1055,4,Fernando Alonso,214,Alpine F1 Team,4,2021,4,10,10.0,5.0,12.0,0.0,13.0,5.0,0.0,0,17
1056,4,Fernando Alonso,214,Alpine F1 Team,6,2021,5,17,17.0,5.0,12.0,0.0,15.0,5.0,0.0,0,13
1057,4,Fernando Alonso,214,Alpine F1 Team,73,2021,6,8,9.0,5.0,13.0,0.0,17.0,7.0,0.0,0,6
1059,4,Fernando Alonso,214,Alpine F1 Team,34,2021,7,9,9.0,13.0,11.0,0.0,25.0,7.0,0.0,0,8
1058,4,Fernando Alonso,214,Alpine F1 Team,70,2021,8,8,9.0,17.0,11.0,0.0,29.0,7.0,0.0,0,9
1060,4,Fernando Alonso,214,Alpine F1 Team,70,2021,9,14,14.0,19.0,11.0,0.0,31.0,7.0,0.0,0,10
1061,4,Fernando Alonso,214,Alpine F1 Team,9,2021,10,7,11.0,20.0,11.0,0.0,32.0,7.0,0.0,0,7
1062,4,Fernando Alonso,214,Alpine F1 Team,11,2021,11,9,9.0,26.0,11.0,0.0,40.0,7.0,0.0,0,4
1063,4,Fernando Alonso,214,Alpine F1 Team,13,2021,12,12,14.0,38.0,11.0,0.0,77.0,5.0,1.0,0,11
1064,4,Fernando Alonso,214,Alpine F1 Team,39,2021,13,9,9.0,38.0,11.0,0.0,80.0,5.0,1.0,0,6
1065,4,Fernando Alonso,214,Alpine F1 Team,14,2021,14,10,13.0,46.0,10.0,0.0,90.0,5.0,1.0,0,8
1066,4,Fernando Alonso,214,Alpine F1 Team,71,2021,15,6,6.0,50.0,10.0,0.0,95.0,5.0,1.0,0,6
1067,4,Fernando Alonso,214,Alpine F1 Team,5,2021,16,5,6.0,58.0,10.0,0.0,103.0,5.0,1.0,0,16
1069,4,Fernando Alonso,214,Alpine F1 Team,69,2021,17,19,14.0,58.0,10.0,0.0,104.0,5.0,1.0,0,18
1070,4,Fernando Alonso,214,Alpine F1 Team,32,2021,18,12,16.0,58.0,10.0,0.0,104.0,5.0,1.0,0,9
1071,4,Fernando Alonso,214,Alpine F1 Team,18,2021,19,12,10.0,60.0,10.0,0.0,106.0,5.0,1.0,0,9
1051,4,Fernando Alonso,214,Alpine F1 Team,78,2021,20,3,5.0,62.0,10.0,0.0,112.0,5.0,1.0,1,3
1072,4,Fernando Alonso,214,Alpine F1 Team,77,2021,21,13,13.0,77.0,10.0,0.0,137.0,5.0,1.0,0,13
1073,4,Fernando Alonso,214,Alpine F1 Team,24,2021,22,11,11.0,77.0,10.0,0.0,149.0,5.0,1.0,0,8
1074,4,Fernando Alonso,214,Alpine F1 Team,3,2022,1,8,8.0,0.0,99.0,0.0,0.0,99.0,0.0,0,9
1075,4,Fernando Alonso,214,Alpine F1 Team,77,2022,2,7,7.0,2.0,9.0,0.0,8.0,5.0,0.0,0,16
1076,4,Fernando Alonso,214,Alpine F1 Team,1,2022,3,10,10.0,2.0,13.0,0.0,16.0,4.0,0.0,0,17
1077,4,Fernando Alonso,214,Alpine F1 Team,21,2022,4,9,5.0,2.0,14.0,0.0,22.0,5.0,0.0,0,19
1078,4,Fernando Alonso,214,Alpine F1 Team,79,2022,5,11,11.0,2.0,15.0,0.0,22.0,6.0,0.0,0,11
1079,4,Fernando Alonso,214,Alpine F1 Team,4,2022,6,20,17.0,2.0,16.0,0.0,26.0,6.0,0.0,0,9
1080,4,Fernando Alonso,214,Alpine F1 Team,6,2022,7,7,7.0,4.0,15.0,0.0,34.0,6.0,0.0,0,7
1081,4,Fernando Alonso,214,Alpine F1 Team,73,2022,8,10,10.0,10.0,13.0,0.0,40.0,6.0,0.0,0,7
1082,4,Fernando Alonso,214,Alpine F1 Team,7,2022,9,2,2.0,16.0,11.0,0.0,47.0,5.0,0.0,0,9
1083,4,Fernando Alonso,214,Alpine F1 Team,9,2022,10,7,7.0,18.0,10.0,0.0,57.0,5.0,0.0,0,5
1084,4,Fernando Alonso,214,Alpine F1 Team,70,2022,11,19,8.0,28.0,10.0,0.0,67.0,5.0,0.0,0,10
1085,4,Fernando Alonso,214,Alpine F1 Team,34,2022,12,7,7.0,29.0,10.0,0.0,81.0,5.0,0.0,0,6
1086,4,Fernando Alonso,214,Alpine F1 Team,11,2022,13,6,6.0,37.0,10.0,0.0,93.0,4.0,0.0,0,8
1087,4,Fernando Alonso,214,Alpine F1 Team,13,2022,14,3,6.0,41.0,10.0,0.0,99.0,4.0,0.0,0,5
1088,4,Fernando Alonso,214,Alpine F1 Team,39,2022,15,13,13.0,51.0,9.0,0.0,115.0,4.0,0.0,0,6
1089,4,Fernando Alonso,214,Alpine F1 Team,14,2022,16,6,10.0,59.0,9.0,0.0,125.0,4.0,0.0,0,19
1091,4,Fernando Alonso,214,Alpine F1 Team,15,2022,17,5,5.0,59.0,9.0,0.0,125.0,4.0,0.0,0,18
1092,4,Fernando Alonso,214,Alpine F1 Team,22,2022,18,7,7.0,59.0,9.0,0.0,125.0,5.0,0.0,0,7
1093,4,Fernando Alonso,214,Alpine F1 Team,69,2022,19,14,9.0,65.0,9.0,0.0,143.0,4.0,0.0,0,7
1094,4,Fernando Alonso,214,Alpine F1 Team,32,2022,20,9,9.0,71.0,9.0,0.0,149.0,4.0,0.0,0,19
1095,4,Fernando Alonso,214,Alpine F1 Team,18,2022,21,17,7.0,71.0,9.0,0.0,153.0,4.0,0.0,0,5
1096,4,Fernando Alonso,214,Alpine F1 Team,24,2022,22,10,11.0,81.0,9.0,0.0,167.0,4.0,0.0,0,20
1098,4,Fernando Alonso,117,Aston Martin,3,2023,1,5,5.0,0.0,99.0,0.0,0.0,99.0,0.0,1,3
1099,4,Fernando Alonso,117,Aston Martin,77,2023,2,2,3.0,15.0,3.0,0.0,23.0,2.0,0.0,1,3
1100,4,Fernando Alonso,117,Aston Martin,1,2023,3,4,4.0,30.0,3.0,0.0,38.0,2.0,0.0,1,3
1101,4,Fernando Alonso,117,Aston Martin,73,2023,4,6,6.0,45.0,3.0,0.0,65.0,2.0,0.0,0,4
1102,4,Fernando Alonso,117,Aston Martin,79,2023,5,2,2.0,60.0,3.0,0.0,87.0,2.0,0.0,1,3
1104,4,Fernando Alonso,117,Aston Martin,6,2023,6,2,2.0,75.0,3.0,0.0,102.0,2.0,0.0,1,2
1105,4,Fernando Alonso,117,Aston Martin,4,2023,7,8,9.0,93.0,3.0,0.0,120.0,2.0,0.0,0,7
1106,4,Fernando Alonso,117,Aston Martin,7,2023,8,2,3.0,99.0,3.0,0.0,134.0,3.0,0.0,1,2
1107,4,Fernando Alonso,117,Aston Martin,70,2023,9,7,7.0,117.0,3.0,0.0,154.0,3.0,0.0,0,5
1108,4,Fernando Alonso,117,Aston Martin,9,2023,10,9,9.0,131.0,3.0,0.0,175.0,3.0,0.0,0,7
1109,4,Fernando Alonso,117,Aston Martin,11,2023,11,8,8.0,137.0,3.0,0.0,181.0,3.0,0.0,0,9
1110,4,Fernando Alonso,117,Aston Martin,13,2023,12,9,9.0,139.0,3.0,0.0,184.0,3.0,0.0,0,5
1111,4,Fernando Alonso,117,Aston Martin,39,2023,13,5,5.0,149.0,3.0,0.0,196.0,3.0,0.0,1,2
1112,4,Fernando Alonso,117,Aston Martin,14,2023,14,10,10.0,168.0,3.0,0.0,215.0,3.0,0.0,0,9
1113,4,Fernando Alonso,117,Aston Martin,15,2023,15,7,7.0,170.0,3.0,0.0,217.0,4.0,0.0,0,15
1114,4,Fernando Alonso,117,Aston Martin,22,2023,16,10,10.0,170.0,4.0,0.0,217.0,4.0,0.0,0,8
1115,4,Fernando Alonso,117,Aston Martin,78,2023,17,4,4.0,174.0,4.0,0.0,221.0,4.0,0.0,0,6
1116,4,Fernando Alonso,117,Aston Martin,69,2023,18,0,17.0,183.0,4.0,0.0,230.0,4.0,0.0,0,16
1117,4,Fernando Alonso,117,Aston Martin,32,2023,19,13,13.0,183.0,4.0,0.0,236.0,5.0,0.0,0,18
1118,4,Fernando Alonso,117,Aston Martin,18,2023,20,4,4.0,183.0,5.0,0.0,236.0,5.0,0.0,1,3
1119,4,Fernando Alonso,117,Aston Martin,80,2023,21,9,10.0,198.0,4.0,0.0,261.0,5.0,0.0,0,9
1120,4,Fernando Alonso,117,Aston Martin,24,2023,22,7,7.0,200.0,5.0,0.0,273.0,5.0,0.0,0,7
1121,4,Fernando Alonso,117,Aston Martin,3,2024,1,6,6.0,0.0,99.0,0.0,0.0,99.0,0.0,0,9
1122,4,Fernando Alonso,117,Aston Martin,77,2024,2,4,4.0,2.0,9.0,0.0,3.0,5.0,0.0,0,5
1123,4,Fernando Alonso,117,Aston Martin,1,2024,3,10,10.0,12.0,7.0,0.0,13.0,5.0,0.0,0,8
1124,4,Fernando Alonso,117,Aston Martin,22,2024,4,5,5.0,16.0,8.0,0.0,25.0,5.0,0.0,0,6
1125,4,Fernando Alonso,117,Aston Martin,17,2024,5,3,3.0,24.0,8.0,0.0,33.0,5.0,0.0,0,7
1126,4,Fernando Alonso,117,Aston Martin,79,2024,6,15,15.0,31.0,8.0,0.0,40.0,5.0,0.0,0,9
1127,4,Fernando Alonso,117,Aston Martin,21,2024,7,20,19.0,33.0,8.0,0.0,42.0,5.0,0.0,0,19
1128,4,Fernando Alonso,117,Aston Martin,6,2024,8,14,16.0,33.0,9.0,0.0,44.0,5.0,0.0,0,11
1129,4,Fernando Alonso,117,Aston Martin,7,2024,9,6,6.0,33.0,9.0,0.0,44.0,5.0,0.0,0,6
1130,4,Fernando Alonso,117,Aston Martin,4,2024,10,10,11.0,41.0,9.0,0.0,58.0,5.0,0.0,0,12
1131,4,Fernando Alonso,117,Aston Martin,70,2024,11,15,15.0,41.0,9.0,0.0,58.0,5.0,0.0,0,18
1132,4,Fernando Alonso,117,Aston Martin,9,2024,12,10,10.0,41.0,9.0,0.0,58.0,5.0,0.0,0,8
1133,4,Fernando Alonso,117,Aston Martin,11,2024,13,7,7.0,45.0,9.0,0.0,68.0,5.0,0.0,0,11
1134,4,Fernando Alonso,117,Aston Martin,13,2024,14,8,9.0,45.0,9.0,0.0,69.0,5.0,0.0,0,8
1135,4,Fernando Alonso,117,Aston Martin,39,2024,15,7,7.0,49.0,9.0,0.0,73.0,5.0,0.0,0,10
1136,4,Fernando Alonso,117,Aston Martin,14,2024,16,11,11.0,50.0,9.0,0.0,74.0,5.0,0.0,0,11
1137,4,Fernando Alonso,117,Aston Martin,73,2024,17,7,8.0,50.0,9.0,0.0,74.0,5.0,0.0,0,6
1138,4,Fernando Alonso,117,Aston Martin,15,2024,18,7,7.0,58.0,9.0,0.0,82.0,5.0,0.0,0,8
1139,4,Fernando Alonso,117,Aston Martin,69,2024,19,7,8.0,62.0,9.0,0.0,86.0,5.0,0.0,0,13
1140,4,Fernando Alonso,117,Aston Martin,32,2024,20,13,13.0,62.0,9.0,0.0,86.0,5.0,0.0,0,18
1141,4,Fernando Alonso,117,Aston Martin,18,2024,21,9,9.0,62.0,9.0,0.0,86.0,5.0,0.0,0,14
1142,4,Fernando Alonso,117,Aston Martin,80,2024,22,16,17.0,62.0,9.0,0.0,86.0,5.0,0.0,0,11
1143,4,Fernando Alonso,117,Aston Martin,78,2024,23,8,8.0,62.0,9.0,0.0,86.0,5.0,0.0,0,7
1144,4,Fernando Alonso,117,Aston Martin,24,2024,24,8,8.0,68.0,9.0,0.0,92.0,5.0,0.0,0,9
36,5,Heikki Kovalainen,4,Renault,1,2007,1,13,13.0,0.0,99.0,0.0,0.0,99.0,0.0,0,10
37,5,Heikki Kovalainen,4,Renault,2,2007,2,11,11.0,0.0,10.0,0.0,4.0,3.0,0.0,0,8
38,5,Heikki Kovalainen,4,Renault,3,2007,3,12,12.0,1.0,9.0,0.0,8.0,3.0,0.0,0,9
39,5,Heikki Kovalainen,4,Renault,4,2007,4,8,8.0,1.0,10.0,0.0,9.0,3.0,0.0,0,7
40,5,Heikki Kovalainen,4,Renault,6,2007,5,15,15.0,3.0,11.0,0.0,11.0,3.0,0.0,0,13
41,5,Heikki Kovalainen,4,Renault,7,2007,6,22,22.0,3.0,11.0,0.0,16.0,3.0,0.0,0,4
42,5,Heikki Kovalainen,4,Renault,19,2007,7,6,6.0,8.0,9.0,0.0,21.0,3.0,0.0,0,5
43,5,Heikki Kovalainen,4,Renault,8,2007,8,6,6.0,12.0,8.0,0.0,25.0,3.0,0.0,0,15
44,5,Heikki Kovalainen,4,Renault,9,2007,9,7,7.0,12.0,8.0,0.0,28.0,3.0,0.0,0,7
45,5,Heikki Kovalainen,4,Renault,20,2007,10,7,7.0,14.0,8.0,0.0,31.0,3.0,0.0,0,8
46,5,Heikki Kovalainen,4,Renault,11,2007,11,11,12.0,15.0,8.0,0.0,32.0,3.0,0.0,0,8
47,5,Heikki Kovalainen,4,Renault,5,2007,12,7,7.0,16.0,8.0,0.0,33.0,3.0,0.0,0,6
48,5,Heikki Kovalainen,4,Renault,14,2007,13,7,7.0,19.0,7.0,0.0,36.0,3.0,0.0,0,7
49,5,Heikki Kovalainen,4,Renault,13,2007,14,9,9.0,21.0,7.0,0.0,38.0,3.0,0.0,0,8
50,5,Heikki Kovalainen,4,Renault,16,2007,15,11,11.0,22.0,7.0,0.0,39.0,3.0,0.0,1,2
51,5,Heikki Kovalainen,4,Renault,17,2007,16,13,13.0,30.0,7.0,0.0,51.0,3.0,0.0,0,9
52,5,Heikki Kovalainen,4,Renault,18,2007,17,17,17.0,30.0,7.0,0.0,51.0,3.0,0.0,0,17
18,5,Heikki Kovalainen,1,McLaren,1,2008,1,3,3.0,0.0,99.0,0.0,0.0,99.0,0.0,0,5
19,5,Heikki Kovalainen,1,McLaren,2,2008,2,8,3.0,4.0,5.0,0.0,14.0,1.0,1.0,1,3
20,5,Heikki Kovalainen,1,McLaren,3,2008,3,5,5.0,10.0,4.0,0.0,24.0,1.0,1.0,0,5
21,5,Heikki Kovalainen,1,McLaren,4,2008,4,6,6.0,14.0,5.0,0.0,28.0,3.0,1.0,0,17
22,5,Heikki Kovalainen,1,McLaren,5,2008,5,2,2.0,14.0,6.0,0.0,34.0,3.0,1.0,0,12
23,5,Heikki Kovalainen,1,McLaren,6,2008,6,4,4.0,14.0,6.0,0.0,42.0,3.0,1.0,0,8
24,5,Heikki Kovalainen,1,McLaren,7,2008,7,7,7.0,15.0,6.0,0.0,53.0,2.0,2.0,0,9
25,5,Heikki Kovalainen,1,McLaren,8,2008,8,10,6.0,15.0,6.0,0.0,53.0,3.0,2.0,0,4
26,5,Heikki Kovalainen,1,McLaren,9,2008,9,1,1.0,20.0,6.0,0.0,58.0,3.0,2.0,0,5
27,5,Heikki Kovalainen,1,McLaren,10,2008,10,3,3.0,24.0,6.0,0.0,72.0,3.0,3.0,0,5
28,5,Heikki Kovalainen,1,McLaren,11,2008,11,2,2.0,28.0,6.0,0.0,86.0,3.0,4.0,1,1
29,5,Heikki Kovalainen,1,McLaren,12,2008,12,5,5.0,38.0,6.0,1.0,100.0,2.0,5.0,0,4
30,5,Heikki Kovalainen,1,McLaren,13,2008,13,3,3.0,43.0,5.0,1.0,113.0,2.0,5.0,0,10
31,5,Heikki Kovalainen,1,McLaren,14,2008,14,2,2.0,43.0,6.0,1.0,119.0,2.0,5.0,1,2
32,5,Heikki Kovalainen,1,McLaren,15,2008,15,5,5.0,51.0,6.0,1.0,129.0,2.0,5.0,0,10
33,5,Heikki Kovalainen,1,McLaren,16,2008,16,3,3.0,51.0,6.0,1.0,135.0,1.0,5.0,0,17
34,5,Heikki Kovalainen,1,McLaren,17,2008,17,5,5.0,51.0,6.0,1.0,135.0,2.0,5.0,0,18
35,5,Heikki Kovalainen,1,McLaren,18,2008,18,5,5.0,51.0,7.0,1.0,145.0,2.0,6.0,0,7
1,5,Heikki Kovalainen,1,McLaren,1,2009,1,12,14.0,0.0,99.0,0.0,0.0,99.0,0.0,0,19
2,5,Heikki Kovalainen,1,McLaren,2,2009,2,14,14.0,0.0,99.0,0.0,0.0,99.0,0.0,0,20
3,5,Heikki Kovalainen,1,McLaren,17,2009,3,12,12.0,0.0,20.0,0.0,1.0,8.0,0.0,0,5
4,5,Heikki Kovalainen,1,McLaren,3,2009,4,11,11.0,4.0,9.0,0.0,8.0,4.0,0.0,0,12
5,5,Heikki Kovalainen,1,McLaren,4,2009,5,18,18.0,4.0,10.0,0.0,13.0,4.0,0.0,0,16
6,5,Heikki Kovalainen,1,McLaren,6,2009,6,7,7.0,4.0,11.0,0.0,13.0,4.0,0.0,0,16
7,5,Heikki Kovalainen,1,McLaren,5,2009,7,14,14.0,4.0,13.0,0.0,13.0,5.0,0.0,0,14
8,5,Heikki Kovalainen,1,McLaren,9,2009,8,13,13.0,4.0,13.0,0.0,13.0,5.0,0.0,0,20
9,5,Heikki Kovalainen,1,McLaren,20,2009,9,6,6.0,4.0,13.0,0.0,13.0,6.0,0.0,0,8
10,5,Heikki Kovalainen,1,McLaren,11,2009,10,6,6.0,5.0,13.0,0.0,14.0,6.0,0.0,0,5
11,5,Heikki Kovalainen,1,McLaren,12,2009,11,2,2.0,9.0,12.0,0.0,28.0,5.0,1.0,0,4
12,5,Heikki Kovalainen,1,McLaren,13,2009,12,15,15.0,14.0,12.0,0.0,41.0,4.0,1.0,0,6
13,5,Heikki Kovalainen,1,McLaren,14,2009,13,4,4.0,17.0,10.0,0.0,44.0,4.0,1.0,0,6
14,5,Heikki Kovalainen,1,McLaren,15,2009,14,8,10.0,20.0,10.0,0.0,47.0,4.0,1.0,0,7
15,5,Heikki Kovalainen,1,McLaren,22,2009,15,11,9.0,22.0,12.0,0.0,59.0,4.0,2.0,0,11
16,5,Heikki Kovalainen,1,McLaren,18,2009,16,16,17.0,22.0,12.0,0.0,65.0,4.0,2.0,0,9
17,5,Heikki Kovalainen,1,McLaren,24,2009,17,18,13.0,22.0,12.0,0.0,71.0,3.0,2.0,0,11
337,5,Heikki Kovalainen,205,Lotus,3,2010,1,21,21.0,0.0,99.0,0.0,0.0,99.0,0.0,0,15
338,5,Heikki Kovalainen,205,Lotus,1,2010,2,19,19.0,0.0,15.0,0.0,0.0,9.0,0.0,0,13
339,5,Heikki Kovalainen,205,Lotus,2,2010,3,15,15.0,0.0,15.0,0.0,0.0,10.0,0.0,0,18
340,5,Heikki Kovalainen,205,Lotus,17,2010,4,21,21.0,0.0,17.0,0.0,0.0,10.0,0.0,0,14
341,5,Heikki Kovalainen,205,Lotus,4,2010,5,20,20.0,0.0,18.0,0.0,0.0,10.0,0.0,0,24
342,5,Heikki Kovalainen,205,Lotus,6,2010,6,18,18.0,0.0,19.0,0.0,0.0,10.0,0.0,0,16
343,5,Heikki Kovalainen,205,Lotus,5,2010,7,20,20.0,0.0,19.0,0.0,0.0,10.0,0.0,0,23
344,5,Heikki Kovalainen,205,Lotus,7,2010,8,19,19.0,0.0,19.0,0.0,0.0,10.0,0.0,0,16
345,5,Heikki Kovalainen,205,Lotus,12,2010,9,20,20.0,0.0,19.0,0.0,0.0,10.0,0.0,0,23
346,5,Heikki Kovalainen,205,Lotus,9,2010,10,18,19.0,0.0,19.0,0.0,0.0,10.0,0.0,0,17
347,5,Heikki Kovalainen,205,Lotus,10,2010,11,18,19.0,0.0,19.0,0.0,0.0,10.0,0.0,0,20
348,5,Heikki Kovalainen,205,Lotus,11,2010,12,19,20.0,0.0,19.0,0.0,0.0,10.0,0.0,0,14
349,5,Heikki Kovalainen,205,Lotus,13,2010,13,13,16.0,0.0,19.0,0.0,0.0,10.0,0.0,0,16
350,5,Heikki Kovalainen,205,Lotus,14,2010,14,18,19.0,0.0,19.0,0.0,0.0,10.0,0.0,0,18
351,5,Heikki Kovalainen,205,Lotus,15,2010,15,19,19.0,0.0,19.0,0.0,0.0,10.0,0.0,0,16
352,5,Heikki Kovalainen,205,Lotus,22,2010,16,20,20.0,0.0,19.0,0.0,0.0,10.0,0.0,0,12
353,5,Heikki Kovalainen,205,Lotus,35,2010,17,21,21.0,0.0,20.0,0.0,0.0,10.0,0.0,0,13
354,5,Heikki Kovalainen,205,Lotus,18,2010,18,20,21.0,0.0,20.0,0.0,0.0,10.0,0.0,0,18
355,5,Heikki Kovalainen,205,Lotus,24,2010,19,20,20.0,0.0,20.0,0.0,0.0,10.0,0.0,0,17
841,5,Heikki Kovalainen,205,Lotus,1,2011,1,19,19.0,0.0,99.0,0.0,0.0,99.0,0.0,0,18
842,5,Heikki Kovalainen,205,Lotus,2,2011,2,19,19.0,0.0,18.0,0.0,0.0,7.0,0.0,0,15
843,5,Heikki Kovalainen,205,Lotus,17,2011,3,19,19.0,0.0,18.0,0.0,0.0,9.0,0.0,0,16
844,5,Heikki Kovalainen,205,Lotus,5,2011,4,18,18.0,0.0,19.0,0.0,0.0,9.0,0.0,0,19
845,5,Heikki Kovalainen,205,Lotus,4,2011,5,15,15.0,0.0,20.0,0.0,0.0,9.0,0.0,0,23
846,5,Heikki Kovalainen,205,Lotus,6,2011,6,17,18.0,0.0,20.0,0.0,0.0,10.0,0.0,0,14
847,5,Heikki Kovalainen,205,Lotus,7,2011,7,19,20.0,0.0,19.0,0.0,0.0,10.0,0.0,0,23
848,5,Heikki Kovalainen,205,Lotus,12,2011,8,19,19.0,0.0,22.0,0.0,0.0,10.0,0.0,0,19
849,5,Heikki Kovalainen,205,Lotus,9,2011,9,17,17.0,0.0,22.0,0.0,0.0,10.0,0.0,0,24
850,5,Heikki Kovalainen,205,Lotus,20,2011,10,18,19.0,0.0,22.0,0.0,0.0,10.0,0.0,0,16
851,5,Heikki Kovalainen,205,Lotus,11,2011,11,18,19.0,0.0,23.0,0.0,0.0,10.0,0.0,0,21
852,5,Heikki Kovalainen,205,Lotus,13,2011,12,16,17.0,0.0,23.0,0.0,0.0,10.0,0.0,0,15
853,5,Heikki Kovalainen,205,Lotus,14,2011,13,20,20.0,0.0,24.0,0.0,0.0,10.0,0.0,0,13
854,5,Heikki Kovalainen,205,Lotus,15,2011,14,19,19.0,0.0,22.0,0.0,0.0,10.0,0.0,0,16
855,5,Heikki Kovalainen,205,Lotus,22,2011,15,18,18.0,0.0,22.0,0.0,0.0,10.0,0.0,0,18
856,5,Heikki Kovalainen,205,Lotus,35,2011,16,19,19.0,0.0,22.0,0.0,0.0,10.0,0.0,0,14
857,5,Heikki Kovalainen,205,Lotus,68,2011,17,18,19.0,0.0,22.0,0.0,0.0,10.0,0.0,0,14
858,5,Heikki Kovalainen,205,Lotus,24,2011,18,17,18.0,0.0,22.0,0.0,0.0,10.0,0.0,0,17
859,5,Heikki Kovalainen,205,Lotus,18,2011,19,19,19.0,0.0,22.0,0.0,0.0,10.0,0.0,0,16
860,5,Heikki Kovalainen,207,Caterham,1,2012,1,18,19.0,0.0,99.0,0.0,0.0,99.0,0.0,0,18
861,5,Heikki Kovalainen,207,Caterham,2,2012,2,24,19.0,0.0,18.0,0.0,0.0,11.0,0.0,0,18
862,5,Heikki Kovalainen,207,Caterham,17,2012,3,18,19.0,0.0,21.0,0.0,0.0,11.0,0.0,0,23
863,5,Heikki Kovalainen,207,Caterham,3,2012,4,16,16.0,0.0,22.0,0.0,0.0,11.0,0.0,0,17
864,5,Heikki Kovalainen,207,Caterham,4,2012,5,19,20.0,0.0,22.0,0.0,0.0,11.0,0.0,0,16
865,5,Heikki Kovalainen,207,Caterham,6,2012,6,17,18.0,0.0,22.0,0.0,0.0,11.0,0.0,0,13
866,5,Heikki Kovalainen,207,Caterham,7,2012,7,17,18.0,0.0,19.0,0.0,0.0,10.0,0.0,0,18
867,5,Heikki Kovalainen,207,Caterham,12,2012,8,16,16.0,0.0,19.0,0.0,0.0,10.0,0.0,0,14
868,5,Heikki Kovalainen,207,Caterham,9,2012,9,19,20.0,0.0,19.0,0.0,0.0,10.0,0.0,0,17
869,5,Heikki Kovalainen,207,Caterham,10,2012,10,16,19.0,0.0,19.0,0.0,0.0,10.0,0.0,0,19
870,5,Heikki Kovalainen,207,Caterham,11,2012,11,19,19.0,0.0,19.0,0.0,0.0,10.0,0.0,0,17
871,5,Heikki Kovalainen,207,Caterham,13,2012,12,18,19.0,0.0,19.0,0.0,0.0,10.0,0.0,0,17
872,5,Heikki Kovalainen,207,Caterham,14,2012,13,17,18.0,0.0,20.0,0.0,0.0,10.0,0.0,0,14
873,5,Heikki Kovalainen,207,Caterham,15,2012,14,19,20.0,0.0,19.0,0.0,0.0,10.0,0.0,0,15
874,5,Heikki Kovalainen,207,Caterham,22,2012,15,17,19.0,0.0,20.0,0.0,0.0,11.0,0.0,0,15
875,5,Heikki Kovalainen,207,Caterham,35,2012,16,19,20.0,0.0,20.0,0.0,0.0,11.0,0.0,0,17
876,5,Heikki Kovalainen,207,Caterham,68,2012,17,20,20.0,0.0,20.0,0.0,0.0,11.0,0.0,0,18
877,5,Heikki Kovalainen,207,Caterham,24,2012,18,18,19.0,0.0,20.0,0.0,0.0,11.0,0.0,0,13
878,5,Heikki Kovalainen,207,Caterham,69,2012,19,22,22.0,0.0,20.0,0.0,0.0,11.0,0.0,0,18
879,5,Heikki Kovalainen,207,Caterham,18,2012,20,20,20.0,0.0,20.0,0.0,0.0,11.0,0.0,0,14
898,5,Heikki Kovalainen,208,Lotus F1,69,2013,18,8,8.0,0.0,99.0,0.0,297.0,4.0,1.0,0,15
899,5,Heikki Kovalainen,208,Lotus F1,18,2013,19,11,11.0,0.0,23.0,0.0,315.0,4.0,1.0,0,14
52,6,Kazuki Nakajima,3,Williams,18,2007,17,19,19.0,0.0,99.0,0.0,28.0,4.0,0.0,0,10
18,6,Kazuki Nakajima,3,Williams,1,2008,1,13,14.0,0.0,99.0,0.0,0.0,99.0,0.0,0,6
19,6,Kazuki Nakajima,3,Williams,2,2008,2,22,18.0,3.0,6.0,0.0,9.0,2.0,0.0,0,17
20,6,Kazuki Nakajima,3,Williams,3,2008,3,16,16.0,3.0,9.0,0.0,9.0,4.0,0.0,0,14
21,6,Kazuki Nakajima,3,Williams,4,2008,4,12,12.0,3.0,11.0,0.0,10.0,4.0,0.0,0,7
22,6,Kazuki Nakajima,3,Williams,5,2008,5,16,16.0,5.0,11.0,0.0,12.0,4.0,0.0,0,19
23,6,Kazuki Nakajima,3,Williams,6,2008,6,13,14.0,5.0,11.0,0.0,13.0,4.0,0.0,0,7
24,6,Kazuki Nakajima,3,Williams,7,2008,7,12,12.0,7.0,11.0,0.0,15.0,4.0,0.0,0,15
25,6,Kazuki Nakajima,3,Williams,8,2008,8,15,16.0,7.0,11.0,0.0,15.0,6.0,0.0,0,15
26,6,Kazuki Nakajima,3,Williams,9,2008,9,15,15.0,7.0,11.0,0.0,15.0,6.0,0.0,0,8
27,6,Kazuki Nakajima,3,Williams,10,2008,10,16,16.0,8.0,12.0,0.0,16.0,6.0,0.0,0,14
28,6,Kazuki Nakajima,3,Williams,11,2008,11,16,17.0,8.0,13.0,0.0,16.0,7.0,0.0,0,13
29,6,Kazuki Nakajima,3,Williams,12,2008,12,11,11.0,8.0,14.0,0.0,16.0,7.0,0.0,0,15
30,6,Kazuki Nakajima,3,Williams,13,2008,13,19,19.0,8.0,15.0,0.0,17.0,7.0,0.0,0,14
31,6,Kazuki Nakajima,3,Williams,14,2008,14,18,18.0,8.0,15.0,0.0,17.0,7.0,0.0,0,12
32,6,Kazuki Nakajima,3,Williams,15,2008,15,10,10.0,8.0,15.0,0.0,17.0,8.0,0.0,0,8
33,6,Kazuki Nakajima,3,Williams,16,2008,16,14,14.0,9.0,15.0,0.0,26.0,8.0,0.0,0,15
34,6,Kazuki Nakajima,3,Williams,17,2008,17,17,17.0,9.0,15.0,0.0,26.0,8.0,0.0,0,12
35,6,Kazuki Nakajima,3,Williams,18,2008,18,16,16.0,9.0,15.0,0.0,26.0,8.0,0.0,0,17
1,6,Kazuki Nakajima,3,Williams,1,2009,1,11,13.0,0.0,99.0,0.0,0.0,99.0,0.0,0,18
2,6,Kazuki Nakajima,3,Williams,2,2009,2,11,12.0,0.0,99.0,0.0,3.0,4.0,0.0,0,12
3,6,Kazuki Nakajima,3,Williams,17,2009,3,14,15.0,0.0,15.0,0.0,3.5,5.0,0.0,0,18
4,6,Kazuki Nakajima,3,Williams,3,2009,4,12,12.0,0.0,18.0,0.0,3.5,8.0,0.0,0,20
5,6,Kazuki Nakajima,3,Williams,4,2009,5,11,11.0,0.0,19.0,0.0,3.5,8.0,0.0,0,13
6,6,Kazuki Nakajima,3,Williams,6,2009,6,10,10.0,0.0,20.0,0.0,4.5,8.0,0.0,0,15
7,6,Kazuki Nakajima,3,Williams,5,2009,7,12,12.0,0.0,20.0,0.0,7.5,7.0,0.0,0,12
8,6,Kazuki Nakajima,3,Williams,9,2009,8,5,5.0,0.0,20.0,0.0,11.5,6.0,0.0,0,11
9,6,Kazuki Nakajima,3,Williams,20,2009,9,13,13.0,0.0,20.0,0.0,15.5,5.0,0.0,0,12
10,6,Kazuki Nakajima,3,Williams,11,2009,10,9,9.0,0.0,20.0,0.0,20.5,5.0,0.0,0,9
11,6,Kazuki Nakajima,3,Williams,12,2009,11,17,17.0,0.0,18.0,0.0,25.5,6.0,0.0,0,18
12,6,Kazuki Nakajima,3,Williams,13,2009,12,18,18.0,0.0,19.0,0.0,29.5,6.0,0.0,0,13
13,6,Kazuki Nakajima,3,Williams,14,2009,13,17,17.0,0.0,19.0,0.0,30.5,6.0,0.0,0,10
14,6,Kazuki Nakajima,3,Williams,15,2009,14,10,11.0,0.0,19.0,0.0,30.5,6.0,0.0,0,9
15,6,Kazuki Nakajima,3,Williams,22,2009,15,15,17.0,0.0,19.0,0.0,30.5,6.0,0.0,0,15
16,6,Kazuki Nakajima,3,Williams,18,2009,16,9,9.0,0.0,19.0,0.0,34.5,6.0,0.0,0,15
17,6,Kazuki Nakajima,3,Williams,24,2009,17,13,14.0,0.0,19.0,0.0,34.5,6.0,0.0,0,13
18,7,Sébastien Bourdais,5,Toro Rosso,1,2008,1,17,18.0,0.0,99.0,0.0,0.0,99.0,0.0,0,7
19,7,Sébastien Bourdais,5,Toro Rosso,2,2008,2,18,19.0,2.0,7.0,0.0,2.0,5.0,0.0,0,22
20,7,Sébastien Bourdais,5,Toro Rosso,3,2008,3,15,15.0,2.0,10.0,0.0,2.0,8.0,0.0,0,15
21,7,Sébastien Bourdais,5,Toro Rosso,4,2008,4,16,16.0,2.0,12.0,0.0,2.0,8.0,0.0,0,19
22,7,Sébastien Bourdais,5,Toro Rosso,5,2008,5,18,18.0,2.0,13.0,0.0,2.0,9.0,0.0,0,18
23,7,Sébastien Bourdais,5,Toro Rosso,6,2008,6,16,16.0,2.0,13.0,0.0,2.0,9.0,0.0,0,20
24,7,Sébastien Bourdais,5,Toro Rosso,7,2008,7,18,16.0,2.0,15.0,0.0,6.0,8.0,0.0,0,13
25,7,Sébastien Bourdais,5,Toro Rosso,8,2008,8,14,14.0,2.0,17.0,0.0,7.0,9.0,0.0,0,17
26,7,Sébastien Bourdais,5,Toro Rosso,9,2008,9,13,13.0,2.0,18.0,0.0,7.0,9.0,0.0,0,11
27,7,Sébastien Bourdais,5,Toro Rosso,10,2008,10,15,15.0,2.0,17.0,0.0,7.0,9.0,0.0,0,12
28,7,Sébastien Bourdais,5,Toro Rosso,11,2008,11,19,14.0,2.0,18.0,0.0,8.0,9.0,0.0,0,18
29,7,Sébastien Bourdais,5,Toro Rosso,12,2008,12,10,10.0,2.0,18.0,0.0,8.0,9.0,0.0,0,10
30,7,Sébastien Bourdais,5,Toro Rosso,13,2008,13,9,9.0,2.0,18.0,0.0,11.0,9.0,0.0,0,7
31,7,Sébastien Bourdais,5,Toro Rosso,14,2008,14,4,4.0,4.0,17.0,0.0,17.0,8.0,0.0,0,18
32,7,Sébastien Bourdais,5,Toro Rosso,15,2008,15,17,17.0,4.0,17.0,0.0,27.0,6.0,1.0,0,12
33,7,Sébastien Bourdais,5,Toro Rosso,16,2008,16,10,10.0,4.0,17.0,0.0,31.0,6.0,1.0,0,10
34,7,Sébastien Bourdais,5,Toro Rosso,17,2008,17,8,10.0,4.0,17.0,0.0,34.0,6.0,1.0,0,13
35,7,Sébastien Bourdais,5,Toro Rosso,18,2008,18,9,9.0,4.0,17.0,0.0,34.0,6.0,1.0,0,14
1,7,Sébastien Bourdais,5,Toro Rosso,1,2009,1,17,20.0,0.0,99.0,0.0,0.0,99.0,0.0,0,8
2,7,Sébastien Bourdais,5,Toro Rosso,2,2009,2,15,15.0,1.0,8.0,0.0,3.0,5.0,0.0,0,10
3,7,Sébastien Bourdais,5,Toro Rosso,17,2009,3,15,16.0,1.0,11.0,0.0,3.0,6.0,0.0,0,11
4,7,Sébastien Bourdais,5,Toro Rosso,3,2009,4,20,20.0,1.0,13.0,0.0,4.0,7.0,0.0,0,13
5,7,Sébastien Bourdais,5,Toro Rosso,4,2009,5,17,17.0,1.0,14.0,0.0,4.0,7.0,0.0,0,19
6,7,Sébastien Bourdais,5,Toro Rosso,6,2009,6,14,14.0,1.0,15.0,0.0,4.0,9.0,0.0,0,8
7,7,Sébastien Bourdais,5,Toro Rosso,5,2009,7,20,20.0,2.0,15.0,0.0,5.0,9.0,0.0,0,18
8,7,Sébastien Bourdais,5,Toro Rosso,9,2009,8,17,17.0,2.0,16.0,0.0,5.0,9.0,0.0,0,19
9,7,Sébastien Bourdais,5,Toro Rosso,20,2009,9,19,20.0,2.0,16.0,0.0,5.0,9.0,0.0,0,20
156,8,Kimi Räikkönen,15,Sauber,19,2001,16,11,11.0,9.0,9.0,0.0,20.0,4.0,0.0,0,22
125,8,Kimi Räikkönen,1,McLaren,2,2002,2,5,5.0,4.0,3.0,0.0,4.0,3.0,0.0,0,18
140,8,Kimi Räikkönen,1,McLaren,22,2002,17,4,4.0,20.0,6.0,0.0,61.0,3.0,1.0,1,3
108,8,Kimi Räikkönen,1,McLaren,1,2003,1,15,15.0,0.0,99.0,0.0,0.0,99.0,0.0,1,3
109,8,Kimi Räikkönen,1,McLaren,2,2003,2,7,7.0,6.0,3.0,0.0,16.0,1.0,1.0,1,1
110,8,Kimi Räikkönen,1,McLaren,18,2003,3,4,4.0,16.0,1.0,1.0,26.0,1.0,2.0,1,2
111,8,Kimi Räikkönen,1,McLaren,21,2003,4,6,6.0,24.0,1.0,1.0,39.0,1.0,2.0,1,2
112,8,Kimi Räikkönen,1,McLaren,4,2003,5,20,20.0,32.0,1.0,1.0,51.0,1.0,2.0,0,20
113,8,Kimi Räikkönen,1,McLaren,70,2003,6,2,2.0,32.0,1.0,1.0,51.0,1.0,2.0,1,2
114,8,Kimi Räikkönen,1,McLaren,6,2003,7,2,2.0,40.0,1.0,1.0,63.0,2.0,2.0,1,2
115,8,Kimi Räikkönen,1,McLaren,7,2003,8,20,20.0,48.0,1.0,1.0,73.0,1.0,2.0,0,6
116,8,Kimi Räikkönen,1,McLaren,20,2003,9,1,1.0,51.0,2.0,1.0,76.0,2.0,2.0,0,20
117,8,Kimi Räikkönen,1,McLaren,8,2003,10,4,4.0,51.0,2.0,1.0,76.0,3.0,2.0,0,4
118,8,Kimi Räikkönen,1,McLaren,9,2003,11,3,3.0,56.0,2.0,1.0,85.0,3.0,2.0,1,3
119,8,Kimi Räikkönen,1,McLaren,10,2003,12,5,5.0,62.0,2.0,1.0,95.0,3.0,2.0,0,19
120,8,Kimi Räikkönen,1,McLaren,11,2003,13,7,7.0,62.0,3.0,1.0,103.0,3.0,2.0,1,2
121,8,Kimi Räikkönen,1,McLaren,14,2003,14,4,4.0,70.0,3.0,1.0,115.0,3.0,2.0,0,4
122,8,Kimi Räikkönen,1,McLaren,19,2003,15,1,1.0,75.0,3.0,1.0,120.0,3.0,2.0,1,2
123,8,Kimi Räikkönen,1,McLaren,22,2003,16,8,8.0,83.0,2.0,1.0,128.0,3.0,2.0,1,2
90,8,Kimi Räikkönen,1,McLaren,1,2004,1,10,10.0,0.0,99.0,0.0,0.0,99.0,0.0,0,20
91,8,Kimi Räikkönen,1,McLaren,2,2004,2,5,5.0,0.0,99.0,0.0,1.0,5.0,0.0,0,17
92,8,Kimi Räikkönen,1,McLaren,3,2004,3,19,20.0,0.0,99.0,0.0,4.0,5.0,0.0,0,20
93,8,Kimi Räikkönen,1,McLaren,21,2004,4,20,20.0,0.0,99.0,0.0,4.0,5.0,0.0,0,8
94,8,Kimi Räikkönen,1,McLaren,4,2004,5,13,13.0,1.0,12.0,0.0,5.0,5.0,0.0,0,11
95,8,Kimi Räikkönen,1,McLaren,6,2004,6,5,6.0,1.0,12.0,0.0,5.0,5.0,0.0,0,13
96,8,Kimi Räikkönen,1,McLaren,20,2004,7,4,4.0,1.0,15.0,0.0,5.0,6.0,0.0,0,18
97,8,Kimi Räikkönen,1,McLaren,7,2004,8,8,8.0,1.0,16.0,0.0,5.0,6.0,0.0,0,5
98,8,Kimi Räikkönen,1,McLaren,19,2004,9,7,7.0,5.0,12.0,0.0,12.0,6.0,0.0,0,6
99,8,Kimi Räikkönen,1,McLaren,8,2004,10,9,9.0,8.0,11.0,0.0,17.0,5.0,0.0,0,7
100,8,Kimi Räikkönen,1,McLaren,9,2004,11,1,1.0,10.0,11.0,0.0,22.0,5.0,0.0,1,2
101,8,Kimi Räikkönen,1,McLaren,10,2004,12,3,4.0,18.0,7.0,0.0,32.0,5.0,0.0,0,20
102,8,Kimi Räikkönen,1,McLaren,11,2004,13,10,10.0,18.0,8.0,0.0,37.0,5.0,0.0,0,20
103,8,Kimi Räikkönen,1,McLaren,13,2004,14,10,10.0,18.0,8.0,0.0,37.0,5.0,0.0,1,1
104,8,Kimi Räikkönen,1,McLaren,14,2004,15,7,7.0,28.0,7.0,1.0,49.0,5.0,1.0,0,19
105,8,Kimi Räikkönen,1,McLaren,17,2004,16,2,2.0,28.0,7.0,1.0,52.0,5.0,1.0,1,3
106,8,Kimi Räikkönen,1,McLaren,22,2004,17,12,12.0,34.0,7.0,1.0,58.0,5.0,1.0,0,6
107,8,Kimi Räikkönen,1,McLaren,18,2004,18,3,3.0,37.0,7.0,1.0,61.0,5.0,1.0,1,2
71,8,Kimi Räikkönen,1,McLaren,1,2005,1,10,10.0,0.0,99.0,0.0,0.0,99.0,0.0,0,8
72,8,Kimi Räikkönen,1,McLaren,2,2005,2,6,6.0,1.0,8.0,0.0,4.0,5.0,0.0,0,9
73,8,Kimi Räikkönen,1,McLaren,3,2005,3,9,9.0,1.0,12.0,0.0,9.0,6.0,0.0,1,3
74,8,Kimi Räikkönen,1,McLaren,21,2005,4,1,1.0,7.0,8.0,0.0,19.0,3.0,0.0,0,16
75,8,Kimi Räikkönen,1,McLaren,4,2005,5,1,1.0,7.0,11.0,0.0,25.0,3.0,0.0,1,1
76,8,Kimi Räikkönen,1,McLaren,6,2005,6,1,1.0,17.0,3.0,1.0,37.0,3.0,1.0,1,1
77,8,Kimi Räikkönen,1,McLaren,20,2005,7,2,2.0,27.0,2.0,2.0,51.0,2.0,2.0,0,11
78,8,Kimi Räikkönen,1,McLaren,7,2005,8,7,7.0,27.0,2.0,2.0,53.0,2.0,2.0,1,1
79,8,Kimi Räikkönen,1,McLaren,19,2005,9,2,2.0,37.0,2.0,3.0,63.0,2.0,3.0,0,8
80,8,Kimi Räikkönen,1,McLaren,8,2005,10,13,3.0,37.0,2.0,3.0,63.0,2.0,3.0,1,2
81,8,Kimi Räikkönen,1,McLaren,9,2005,11,12,2.0,45.0,2.0,3.0,71.0,2.0,3.0,1,3
82,8,Kimi Räikkönen,1,McLaren,10,2005,12,1,1.0,51.0,2.0,3.0,87.0,2.0,4.0,0,20
83,8,Kimi Räikkönen,1,McLaren,11,2005,13,4,4.0,51.0,2.0,3.0,95.0,2.0,4.0,1,1
84,8,Kimi Räikkönen,1,McLaren,5,2005,14,1,1.0,61.0,2.0,4.0,105.0,2.0,5.0,1,1
85,8,Kimi Räikkönen,1,McLaren,14,2005,15,11,1.0,71.0,2.0,5.0,121.0,2.0,6.0,0,4
86,8,Kimi Räikkönen,1,McLaren,13,2005,16,2,2.0,76.0,2.0,5.0,136.0,2.0,7.0,1,1
87,8,Kimi Räikkönen,1,McLaren,18,2005,17,5,5.0,86.0,2.0,6.0,146.0,2.0,8.0,1,2
88,8,Kimi Räikkönen,1,McLaren,22,2005,18,17,17.0,94.0,2.0,6.0,164.0,1.0,9.0,1,1
89,8,Kimi Räikkönen,1,McLaren,17,2005,19,3,3.0,104.0,2.0,7.0,174.0,2.0,10.0,1,2
53,8,Kimi Räikkönen,1,McLaren,3,2006,1,22,22.0,0.0,99.0,0.0,0.0,99.0,0.0,1,3
54,8,Kimi Räikkönen,1,McLaren,2,2006,2,6,7.0,6.0,3.0,0.0,10.0,2.0,0.0,0,22
55,8,Kimi Räikkönen,1,McLaren,1,2006,3,4,4.0,6.0,6.0,0.0,15.0,3.0,0.0,1,2
56,8,Kimi Räikkönen,1,McLaren,21,2006,4,8,8.0,14.0,3.0,0.0,23.0,2.0,0.0,0,5
57,8,Kimi Räikkönen,1,McLaren,20,2006,5,5,5.0,18.0,3.0,0.0,33.0,2.0,0.0,0,4
58,8,Kimi Räikkönen,1,McLaren,4,2006,6,9,9.0,23.0,3.0,0.0,38.0,3.0,0.0,0,5
59,8,Kimi Räikkönen,1,McLaren,6,2006,7,3,3.0,27.0,3.0,0.0,42.0,3.0,0.0,0,20
60,8,Kimi Räikkönen,1,McLaren,9,2006,8,2,2.0,27.0,4.0,0.0,50.0,3.0,0.0,1,3
61,8,Kimi Räikkönen,1,McLaren,7,2006,9,3,3.0,33.0,3.0,0.0,59.0,3.0,0.0,1,3
62,8,Kimi Räikkönen,1,McLaren,19,2006,10,9,9.0,39.0,3.0,0.0,65.0,3.0,0.0,0,16
63,8,Kimi Räikkönen,1,McLaren,8,2006,11,6,6.0,39.0,4.0,0.0,65.0,3.0,0.0,0,5
64,8,Kimi Räikkönen,1,McLaren,10,2006,12,1,1.0,43.0,4.0,0.0,71.0,3.0,0.0,1,3
65,8,Kimi Räikkönen,1,McLaren,11,2006,13,1,1.0,49.0,5.0,0.0,77.0,3.0,0.0,0,15
66,8,Kimi Räikkönen,1,McLaren,5,2006,14,7,8.0,49.0,5.0,0.0,85.0,3.0,0.0,0,21
67,8,Kimi Räikkönen,1,McLaren,14,2006,15,1,1.0,49.0,5.0,0.0,89.0,3.0,0.0,1,2
68,8,Kimi Räikkönen,1,McLaren,17,2006,16,5,5.0,57.0,5.0,0.0,97.0,3.0,0.0,0,21
69,8,Kimi Räikkönen,1,McLaren,22,2006,17,11,11.0,57.0,5.0,0.0,101.0,3.0,0.0,0,5
70,8,Kimi Räikkönen,1,McLaren,18,2006,18,2,2.0,61.0,5.0,0.0,105.0,3.0,0.0,0,5
36,8,Kimi Räikkönen,6,Ferrari,1,2007,1,1,1.0,0.0,99.0,0.0,0.0,99.0,0.0,1,1
37,8,Kimi Räikkönen,6,Ferrari,2,2007,2,3,3.0,10.0,1.0,1.0,13.0,1.0,1.0,1,3
38,8,Kimi Räikkönen,6,Ferrari,3,2007,3,3,3.0,16.0,2.0,1.0,23.0,1.0,1.0,1,3
39,8,Kimi Räikkönen,6,Ferrari,4,2007,4,3,3.0,22.0,2.0,1.0,39.0,1.0,2.0,0,19
40,8,Kimi Räikkönen,6,Ferrari,6,2007,5,16,16.0,22.0,4.0,1.0,49.0,1.0,3.0,0,8
41,8,Kimi Räikkönen,6,Ferrari,7,2007,6,4,4.0,23.0,4.0,1.0,56.0,1.0,3.0,0,5
42,8,Kimi Räikkönen,6,Ferrari,19,2007,7,4,4.0,27.0,4.0,1.0,60.0,1.0,3.0,0,4
43,8,Kimi Räikkönen,6,Ferrari,8,2007,8,3,3.0,32.0,4.0,1.0,71.0,1.0,3.0,1,1
44,8,Kimi Räikkönen,6,Ferrari,9,2007,9,2,2.0,42.0,4.0,2.0,89.0,1.0,4.0,1,1
45,8,Kimi Räikkönen,6,Ferrari,20,2007,10,1,1.0,52.0,3.0,3.0,103.0,1.0,5.0,0,14
46,8,Kimi Räikkönen,6,Ferrari,11,2007,11,3,4.0,52.0,4.0,3.0,111.0,1.0,5.0,1,2
47,8,Kimi Räikkönen,6,Ferrari,5,2007,12,3,3.0,60.0,3.0,3.0,119.0,1.0,5.0,1,2
48,8,Kimi Räikkönen,6,Ferrari,14,2007,13,5,5.0,68.0,4.0,3.0,137.0,1.0,6.0,1,3
49,8,Kimi Räikkönen,6,Ferrari,13,2007,14,1,1.0,74.0,3.0,3.0,143.0,1.0,6.0,1,1
50,8,Kimi Räikkönen,6,Ferrari,16,2007,15,3,3.0,84.0,3.0,4.0,161.0,1.0,7.0,1,3
51,8,Kimi Räikkönen,6,Ferrari,17,2007,16,2,2.0,90.0,3.0,4.0,170.0,1.0,7.0,1,1
52,8,Kimi Räikkönen,6,Ferrari,18,2007,17,3,3.0,100.0,3.0,5.0,186.0,1.0,8.0,1,1
18,8,Kimi Räikkönen,6,Ferrari,1,2008,1,15,16.0,0.0,99.0,0.0,0.0,99.0,0.0,0,8
19,8,Kimi Räikkönen,6,Ferrari,2,2008,2,2,2.0,1.0,8.0,0.0,1.0,6.0,0.0,1,1
20,8,Kimi Räikkönen,6,Ferrari,3,2008,3,4,4.0,11.0,2.0,1.0,11.0,3.0,1.0,1,2
21,8,Kimi Räikkönen,6,Ferrari,4,2008,4,1,1.0,19.0,1.0,1.0,29.0,2.0,2.0,1,1
22,8,Kimi Räikkönen,6,Ferrari,5,2008,5,4,4.0,29.0,1.0,2.0,47.0,1.0,3.0,1,3
23,8,Kimi Räikkönen,6,Ferrari,6,2008,6,2,2.0,35.0,1.0,2.0,63.0,1.0,4.0,0,9
24,8,Kimi Räikkönen,6,Ferrari,7,2008,7,3,3.0,35.0,2.0,2.0,69.0,1.0,4.0,0,18
25,8,Kimi Räikkönen,6,Ferrari,8,2008,8,1,1.0,35.0,4.0,2.0,73.0,1.0,4.0,1,2
26,8,Kimi Räikkönen,6,Ferrari,9,2008,9,3,3.0,43.0,3.0,2.0,91.0,1.0,5.0,0,4
27,8,Kimi Räikkönen,6,Ferrari,10,2008,10,6,6.0,48.0,3.0,2.0,96.0,1.0,5.0,0,6
28,8,Kimi Räikkönen,6,Ferrari,11,2008,11,6,6.0,51.0,3.0,2.0,105.0,1.0,5.0,1,3
29,8,Kimi Räikkönen,6,Ferrari,12,2008,12,4,4.0,57.0,2.0,2.0,111.0,1.0,5.0,0,18
30,8,Kimi Räikkönen,6,Ferrari,13,2008,13,4,4.0,57.0,3.0,2.0,121.0,1.0,6.0,0,18
31,8,Kimi Räikkönen,6,Ferrari,14,2008,14,14,14.0,57.0,4.0,2.0,131.0,1.0,7.0,0,9
32,8,Kimi Räikkönen,6,Ferrari,15,2008,15,3,3.0,57.0,4.0,2.0,134.0,1.0,7.0,0,15
33,8,Kimi Räikkönen,6,Ferrari,16,2008,16,2,2.0,57.0,4.0,2.0,134.0,2.0,7.0,1,3
34,8,Kimi Räikkönen,6,Ferrari,17,2008,17,2,2.0,63.0,4.0,2.0,142.0,1.0,7.0,1,3
35,8,Kimi Räikkönen,6,Ferrari,18,2008,18,3,3.0,69.0,4.0,2.0,156.0,1.0,7.0,1,3
1,8,Kimi Räikkönen,6,Ferrari,1,2009,1,7,9.0,0.0,99.0,0.0,0.0,99.0,0.0,0,15
2,8,Kimi Räikkönen,6,Ferrari,2,2009,2,7,9.0,0.0,15.0,0.0,0.0,9.0,0.0,0,14
3,8,Kimi Räikkönen,6,Ferrari,17,2009,3,8,8.0,0.0,18.0,0.0,0.0,10.0,0.0,0,10
4,8,Kimi Räikkönen,6,Ferrari,3,2009,4,10,10.0,0.0,16.0,0.0,0.0,9.0,0.0,0,6
5,8,Kimi Räikkönen,6,Ferrari,4,2009,5,16,16.0,3.0,12.0,0.0,3.0,9.0,0.0,0,15
6,8,Kimi Räikkönen,6,Ferrari,6,2009,6,2,2.0,3.0,13.0,0.0,6.0,7.0,0.0,1,3
7,8,Kimi Räikkönen,6,Ferrari,5,2009,7,6,6.0,9.0,8.0,0.0,17.0,4.0,0.0,0,9
8,8,Kimi Räikkönen,6,Ferrari,9,2009,8,9,9.0,9.0,10.0,0.0,20.0,4.0,0.0,0,8
9,8,Kimi Räikkönen,6,Ferrari,20,2009,9,9,9.0,10.0,10.0,0.0,26.0,4.0,0.0,0,19
10,8,Kimi Räikkönen,6,Ferrari,11,2009,10,7,7.0,10.0,10.0,0.0,32.0,4.0,0.0,1,2
11,8,Kimi Räikkönen,6,Ferrari,12,2009,11,6,6.0,18.0,9.0,0.0,40.0,3.0,0.0,1,3
12,8,Kimi Räikkönen,6,Ferrari,13,2009,12,6,6.0,24.0,7.0,0.0,46.0,3.0,0.0,1,1
13,8,Kimi Räikkönen,6,Ferrari,14,2009,13,3,3.0,34.0,5.0,1.0,56.0,3.0,1.0,1,3
14,8,Kimi Räikkönen,6,Ferrari,15,2009,14,12,13.0,40.0,5.0,1.0,62.0,3.0,1.0,0,10
15,8,Kimi Räikkönen,6,Ferrari,22,2009,15,5,8.0,40.0,5.0,1.0,62.0,3.0,1.0,0,4
16,8,Kimi Räikkönen,6,Ferrari,18,2009,16,5,5.0,45.0,5.0,1.0,67.0,3.0,1.0,0,6
17,8,Kimi Räikkönen,6,Ferrari,24,2009,17,11,11.0,48.0,6.0,1.0,70.0,4.0,1.0,0,12
860,8,Kimi Räikkönen,208,Lotus F1,1,2012,1,17,18.0,0.0,99.0,0.0,0.0,99.0,0.0,0,7
861,8,Kimi Räikkönen,208,Lotus F1,2,2012,2,10,5.0,6.0,7.0,0.0,6.0,5.0,0.0,0,5
862,8,Kimi Räikkönen,208,Lotus F1,17,2012,3,4,5.0,16.0,7.0,0.0,16.0,5.0,0.0,0,14
863,8,Kimi Räikkönen,208,Lotus F1,3,2012,4,11,11.0,16.0,8.0,0.0,24.0,6.0,0.0,1,2
864,8,Kimi Räikkönen,208,Lotus F1,4,2012,5,4,5.0,34.0,7.0,0.0,57.0,3.0,0.0,1,3
865,8,Kimi Räikkönen,208,Lotus F1,6,2012,6,8,8.0,49.0,4.0,0.0,84.0,3.0,0.0,0,9
866,8,Kimi Räikkönen,208,Lotus F1,7,2012,7,12,12.0,51.0,6.0,0.0,86.0,4.0,0.0,0,8
867,8,Kimi Räikkönen,208,Lotus F1,12,2012,8,5,5.0,55.0,6.0,0.0,108.0,3.0,0.0,1,2
868,8,Kimi Räikkönen,208,Lotus F1,9,2012,9,6,6.0,73.0,6.0,0.0,126.0,3.0,0.0,0,5
869,8,Kimi Räikkönen,208,Lotus F1,10,2012,10,10,10.0,83.0,5.0,0.0,144.0,3.0,0.0,1,3
870,8,Kimi Räikkönen,208,Lotus F1,11,2012,11,5,5.0,98.0,4.0,0.0,159.0,4.0,0.0,1,2
871,8,Kimi Räikkönen,208,Lotus F1,13,2012,12,3,4.0,116.0,5.0,0.0,192.0,3.0,0.0,1,3
872,8,Kimi Räikkönen,208,Lotus F1,14,2012,13,7,8.0,131.0,4.0,0.0,207.0,3.0,0.0,0,5
873,8,Kimi Räikkönen,208,Lotus F1,15,2012,14,12,12.0,141.0,3.0,0.0,217.0,4.0,0.0,0,6
874,8,Kimi Räikkönen,208,Lotus F1,22,2012,15,7,8.0,149.0,3.0,0.0,231.0,4.0,0.0,0,6
875,8,Kimi Räikkönen,208,Lotus F1,35,2012,16,5,5.0,157.0,3.0,0.0,239.0,4.0,0.0,0,5
876,8,Kimi Räikkönen,208,Lotus F1,68,2012,17,7,7.0,167.0,3.0,0.0,255.0,4.0,0.0,0,7
877,8,Kimi Räikkönen,208,Lotus F1,24,2012,18,4,5.0,173.0,3.0,0.0,263.0,4.0,0.0,1,1
878,8,Kimi Räikkönen,208,Lotus F1,69,2012,19,4,5.0,198.0,3.0,1.0,288.0,4.0,1.0,0,6
879,8,Kimi Räikkönen,208,Lotus F1,18,2012,20,8,9.0,206.0,3.0,1.0,302.0,4.0,1.0,0,10
880,8,Kimi Räikkönen,208,Lotus F1,1,2013,1,7,7.0,0.0,99.0,0.0,0.0,99.0,0.0,1,1
881,8,Kimi Räikkönen,208,Lotus F1,2,2013,2,10,7.0,25.0,1.0,1.0,26.0,2.0,1.0,0,7
882,8,Kimi Räikkönen,208,Lotus F1,17,2013,3,2,2.0,31.0,2.0,1.0,40.0,2.0,1.0,1,2
883,8,Kimi Räikkönen,208,Lotus F1,3,2013,4,8,9.0,49.0,2.0,1.0,60.0,3.0,1.0,1,2
884,8,Kimi Räikkönen,208,Lotus F1,4,2013,5,4,4.0,67.0,2.0,1.0,93.0,2.0,1.0,1,2
885,8,Kimi Räikkönen,208,Lotus F1,6,2013,6,5,5.0,85.0,2.0,1.0,111.0,3.0,1.0,0,10
886,8,Kimi Räikkönen,208,Lotus F1,7,2013,7,10,9.0,86.0,2.0,1.0,112.0,3.0,1.0,0,9
887,8,Kimi Räikkönen,208,Lotus F1,9,2013,8,8,9.0,88.0,3.0,1.0,114.0,4.0,1.0,0,5
888,8,Kimi Räikkönen,208,Lotus F1,20,2013,9,4,4.0,98.0,3.0,1.0,124.0,4.0,1.0,1,2
890,8,Kimi Räikkönen,208,Lotus F1,11,2013,10,6,6.0,116.0,3.0,1.0,157.0,4.0,1.0,1,2
891,8,Kimi Räikkönen,208,Lotus F1,13,2013,11,8,8.0,134.0,2.0,1.0,183.0,4.0,1.0,0,21
892,8,Kimi Räikkönen,208,Lotus F1,14,2013,12,11,11.0,134.0,4.0,1.0,187.0,4.0,1.0,0,11
893,8,Kimi Räikkönen,208,Lotus F1,15,2013,13,13,13.0,134.0,4.0,1.0,191.0,4.0,1.0,1,3
894,8,Kimi Räikkönen,208,Lotus F1,35,2013,14,9,10.0,149.0,4.0,1.0,206.0,4.0,1.0,1,2
895,8,Kimi Räikkönen,208,Lotus F1,22,2013,15,9,9.0,167.0,3.0,1.0,239.0,4.0,1.0,0,5
896,8,Kimi Räikkönen,208,Lotus F1,68,2013,16,6,6.0,177.0,3.0,1.0,264.0,4.0,1.0,0,7
897,8,Kimi Räikkönen,208,Lotus F1,24,2013,17,22,5.0,183.0,3.0,1.0,285.0,4.0,1.0,0,22
900,8,Kimi Räikkönen,6,Ferrari,1,2014,1,11,12.0,0.0,99.0,0.0,0.0,99.0,0.0,0,7
901,8,Kimi Räikkönen,6,Ferrari,2,2014,2,6,6.0,6.0,7.0,0.0,18.0,3.0,0.0,0,12
902,8,Kimi Räikkönen,6,Ferrari,3,2014,3,5,6.0,6.0,9.0,0.0,30.0,3.0,0.0,0,10
903,8,Kimi Räikkönen,6,Ferrari,17,2014,4,11,11.0,7.0,12.0,0.0,33.0,5.0,0.0,0,8
904,8,Kimi Räikkönen,6,Ferrari,4,2014,5,6,6.0,11.0,12.0,0.0,52.0,4.0,0.0,0,7
905,8,Kimi Räikkönen,6,Ferrari,6,2014,6,6,6.0,17.0,11.0,0.0,66.0,3.0,0.0,0,12
906,8,Kimi Räikkönen,6,Ferrari,7,2014,7,10,10.0,17.0,12.0,0.0,78.0,3.0,0.0,0,10
907,8,Kimi Räikkönen,6,Ferrari,70,2014,8,8,8.0,18.0,12.0,0.0,87.0,3.0,0.0,0,10
908,8,Kimi Räikkönen,6,Ferrari,9,2014,9,18,20.0,19.0,12.0,0.0,98.0,3.0,0.0,0,22
909,8,Kimi Räikkönen,6,Ferrari,10,2014,10,12,12.0,19.0,12.0,0.0,106.0,3.0,0.0,0,11
910,8,Kimi Räikkönen,6,Ferrari,11,2014,11,16,17.0,19.0,12.0,0.0,116.0,4.0,0.0,0,6
911,8,Kimi Räikkönen,6,Ferrari,13,2014,12,8,8.0,27.0,12.0,0.0,142.0,3.0,0.0,0,4
912,8,Kimi Räikkönen,6,Ferrari,14,2014,13,11,12.0,39.0,10.0,0.0,160.0,3.0,0.0,0,9
913,8,Kimi Räikkönen,6,Ferrari,15,2014,14,7,7.0,41.0,10.0,0.0,162.0,4.0,0.0,0,8
914,8,Kimi Räikkönen,6,Ferrari,22,2014,15,10,10.0,45.0,11.0,0.0,178.0,4.0,0.0,0,12
915,8,Kimi Räikkönen,6,Ferrari,71,2014,16,8,9.0,45.0,11.0,0.0,178.0,4.0,0.0,0,9
916,8,Kimi Räikkönen,6,Ferrari,69,2014,17,8,9.0,47.0,12.0,0.0,188.0,4.0,0.0,0,13
917,8,Kimi Räikkönen,6,Ferrari,18,2014,18,10,10.0,47.0,12.0,0.0,196.0,4.0,0.0,0,7
918,8,Kimi Räikkönen,6,Ferrari,24,2014,19,7,7.0,53.0,11.0,0.0,210.0,4.0,0.0,0,10
926,8,Kimi Räikkönen,6,Ferrari,1,2015,1,5,5.0,0.0,99.0,0.0,0.0,99.0,0.0,0,12
927,8,Kimi Räikkönen,6,Ferrari,2,2015,2,11,11.0,0.0,12.0,0.0,15.0,2.0,0.0,0,4
928,8,Kimi Räikkönen,6,Ferrari,17,2015,3,6,6.0,12.0,5.0,0.0,52.0,2.0,1.0,0,4
929,8,Kimi Räikkönen,6,Ferrari,3,2015,4,4,4.0,24.0,5.0,0.0,79.0,2.0,1.0,1,2
930,8,Kimi Räikkönen,6,Ferrari,4,2015,5,7,7.0,42.0,4.0,0.0,107.0,2.0,1.0,0,5
931,8,Kimi Räikkönen,6,Ferrari,6,2015,6,6,6.0,52.0,4.0,0.0,132.0,2.0,1.0,0,6
932,8,Kimi Räikkönen,6,Ferrari,7,2015,7,3,3.0,60.0,4.0,0.0,158.0,2.0,1.0,0,4
933,8,Kimi Räikkönen,6,Ferrari,70,2015,8,14,18.0,72.0,4.0,0.0,180.0,2.0,1.0,0,19
934,8,Kimi Räikkönen,6,Ferrari,9,2015,9,5,5.0,72.0,4.0,0.0,192.0,2.0,1.0,0,8
936,8,Kimi Räikkönen,6,Ferrari,11,2015,10,5,5.0,76.0,5.0,0.0,211.0,2.0,1.0,0,18
937,8,Kimi Räikkönen,6,Ferrari,13,2015,11,16,14.0,76.0,5.0,0.0,236.0,2.0,2.0,0,7
938,8,Kimi Räikkönen,6,Ferrari,14,2015,12,2,2.0,82.0,4.0,0.0,242.0,2.0,2.0,0,5
939,8,Kimi Räikkönen,6,Ferrari,15,2015,13,3,3.0,92.0,5.0,0.0,270.0,2.0,2.0,1,3
940,8,Kimi Räikkönen,6,Ferrari,22,2015,14,6,6.0,107.0,4.0,0.0,310.0,2.0,3.0,0,4
941,8,Kimi Räikkönen,6,Ferrari,71,2015,15,5,5.0,119.0,4.0,0.0,337.0,2.0,3.0,0,8
942,8,Kimi Räikkönen,6,Ferrari,69,2015,16,18,8.0,123.0,4.0,0.0,359.0,2.0,3.0,0,16
943,8,Kimi Räikkönen,6,Ferrari,32,2015,17,19,15.0,123.0,4.0,0.0,374.0,2.0,3.0,0,19
944,8,Kimi Räikkönen,6,Ferrari,18,2015,18,4,5.0,123.0,5.0,0.0,374.0,2.0,3.0,0,4
945,8,Kimi Räikkönen,6,Ferrari,24,2015,19,3,3.0,135.0,5.0,0.0,401.0,2.0,3.0,1,3
948,8,Kimi Räikkönen,6,Ferrari,1,2016,1,4,4.0,0.0,99.0,0.0,0.0,99.0,0.0,0,18
949,8,Kimi Räikkönen,6,Ferrari,3,2016,2,4,4.0,0.0,18.0,0.0,15.0,2.0,0.0,1,2
950,8,Kimi Räikkönen,6,Ferrari,17,2016,3,3,3.0,18.0,4.0,0.0,33.0,2.0,0.0,0,5
951,8,Kimi Räikkönen,6,Ferrari,71,2016,4,3,4.0,28.0,5.0,0.0,61.0,2.0,0.0,1,3
952,8,Kimi Räikkönen,6,Ferrari,4,2016,5,5,5.0,43.0,3.0,0.0,76.0,2.0,0.0,1,2
953,8,Kimi Räikkönen,6,Ferrari,6,2016,6,11,6.0,61.0,2.0,0.0,109.0,2.0,0.0,0,21
954,8,Kimi Räikkönen,6,Ferrari,7,2016,7,6,6.0,61.0,4.0,0.0,121.0,2.0,0.0,0,6
955,8,Kimi Räikkönen,6,Ferrari,73,2016,8,4,5.0,69.0,5.0,0.0,147.0,2.0,0.0,0,4
956,8,Kimi Räikkönen,6,Ferrari,70,2016,9,4,6.0,81.0,4.0,0.0,177.0,2.0,0.0,1,3
957,8,Kimi Räikkönen,6,Ferrari,9,2016,10,5,5.0,96.0,4.0,0.0,192.0,2.0,0.0,0,5
958,8,Kimi Räikkönen,6,Ferrari,11,2016,11,14,14.0,106.0,3.0,0.0,204.0,2.0,0.0,0,6
959,8,Kimi Räikkönen,6,Ferrari,10,2016,12,5,5.0,114.0,4.0,0.0,224.0,2.0,0.0,0,6
960,8,Kimi Räikkönen,6,Ferrari,13,2016,13,3,3.0,122.0,4.0,0.0,242.0,3.0,0.0,0,9
961,8,Kimi Räikkönen,6,Ferrari,14,2016,14,4,4.0,124.0,5.0,0.0,252.0,3.0,0.0,0,4
962,8,Kimi Räikkönen,6,Ferrari,15,2016,15,5,5.0,136.0,5.0,0.0,279.0,3.0,0.0,0,4
963,8,Kimi Räikkönen,6,Ferrari,2,2016,16,6,6.0,148.0,5.0,0.0,301.0,3.0,0.0,0,4
964,8,Kimi Räikkönen,6,Ferrari,22,2016,17,8,3.0,160.0,4.0,0.0,313.0,3.0,0.0,0,5
965,8,Kimi Räikkönen,6,Ferrari,69,2016,18,5,5.0,170.0,4.0,0.0,335.0,3.0,0.0,0,19
966,8,Kimi Räikkönen,6,Ferrari,32,2016,19,6,6.0,170.0,5.0,0.0,347.0,3.0,0.0,0,6
967,8,Kimi Räikkönen,6,Ferrari,18,2016,20,3,3.0,178.0,5.0,0.0,365.0,3.0,0.0,0,20
968,8,Kimi Räikkönen,6,Ferrari,24,2016,21,4,4.0,178.0,6.0,0.0,375.0,3.0,0.0,0,6
969,8,Kimi Räikkönen,6,Ferrari,1,2017,1,4,4.0,0.0,99.0,0.0,0.0,99.0,0.0,0,4
970,8,Kimi Räikkönen,6,Ferrari,17,2017,2,4,4.0,12.0,4.0,0.0,37.0,1.0,1.0,0,5
971,8,Kimi Räikkönen,6,Ferrari,3,2017,3,5,5.0,22.0,5.0,0.0,65.0,2.0,1.0,0,4
972,8,Kimi Räikkönen,6,Ferrari,71,2017,4,2,2.0,34.0,4.0,0.0,102.0,1.0,2.0,1,3
973,8,Kimi Räikkönen,6,Ferrari,4,2017,5,4,4.0,49.0,4.0,0.0,135.0,2.0,2.0,0,20
974,8,Kimi Räikkönen,6,Ferrari,6,2017,6,1,1.0,49.0,4.0,0.0,153.0,2.0,2.0,1,2
975,8,Kimi Räikkönen,6,Ferrari,7,2017,7,4,4.0,67.0,4.0,0.0,196.0,1.0,3.0,0,7
976,8,Kimi Räikkönen,6,Ferrari,73,2017,8,3,3.0,73.0,4.0,0.0,214.0,2.0,3.0,0,14
977,8,Kimi Räikkönen,6,Ferrari,70,2017,9,3,4.0,73.0,5.0,0.0,226.0,2.0,3.0,0,5
978,8,Kimi Räikkönen,6,Ferrari,9,2017,10,2,2.0,83.0,5.0,0.0,254.0,2.0,3.0,1,3
979,8,Kimi Räikkönen,6,Ferrari,11,2017,11,2,2.0,98.0,5.0,0.0,275.0,2.0,3.0,1,2
980,8,Kimi Räikkönen,6,Ferrari,13,2017,12,4,4.0,116.0,5.0,0.0,318.0,2.0,4.0,0,4
981,8,Kimi Räikkönen,6,Ferrari,14,2017,13,5,7.0,128.0,5.0,0.0,348.0,2.0,4.0,0,5
982,8,Kimi Räikkönen,6,Ferrari,15,2017,14,4,4.0,138.0,5.0,0.0,373.0,2.0,4.0,0,20
983,8,Kimi Räikkönen,6,Ferrari,2,2017,15,0,2.0,138.0,5.0,0.0,373.0,2.0,4.0,0,20
984,8,Kimi Räikkönen,6,Ferrari,22,2017,16,10,6.0,138.0,5.0,0.0,385.0,2.0,4.0,0,5
985,8,Kimi Räikkönen,6,Ferrari,69,2017,17,5,5.0,148.0,5.0,0.0,395.0,2.0,4.0,1,3
986,8,Kimi Räikkönen,6,Ferrari,32,2017,18,5,5.0,163.0,5.0,0.0,428.0,2.0,4.0,1,3
987,8,Kimi Räikkönen,6,Ferrari,18,2017,19,3,3.0,178.0,5.0,0.0,455.0,2.0,4.0,1,3
988,8,Kimi Räikkönen,6,Ferrari,24,2017,20,5,5.0,193.0,5.0,0.0,495.0,2.0,5.0,0,4
989,8,Kimi Räikkönen,6,Ferrari,1,2018,1,2,2.0,0.0,99.0,0.0,0.0,99.0,0.0,1,3
990,8,Kimi Räikkönen,6,Ferrari,3,2018,2,2,2.0,15.0,3.0,0.0,40.0,1.0,1.0,0,18
991,8,Kimi Räikkönen,6,Ferrari,17,2018,3,2,2.0,15.0,5.0,0.0,65.0,1.0,2.0,1,3
992,8,Kimi Räikkönen,6,Ferrari,73,2018,4,6,6.0,30.0,5.0,0.0,84.0,2.0,2.0,1,2
993,8,Kimi Räikkönen,6,Ferrari,4,2018,5,4,4.0,48.0,3.0,0.0,114.0,1.0,2.0,0,17
994,8,Kimi Räikkönen,6,Ferrari,6,2018,6,4,4.0,48.0,4.0,0.0,126.0,2.0,2.0,0,4
995,8,Kimi Räikkönen,6,Ferrari,7,2018,7,5,5.0,60.0,5.0,0.0,156.0,2.0,2.0,0,6
996,8,Kimi Räikkönen,6,Ferrari,34,2018,8,6,6.0,68.0,5.0,0.0,189.0,2.0,3.0,1,3
997,8,Kimi Räikkönen,6,Ferrari,70,2018,9,3,4.0,83.0,5.0,0.0,214.0,2.0,3.0,1,2
998,8,Kimi Räikkönen,6,Ferrari,9,2018,10,3,3.0,101.0,3.0,0.0,247.0,1.0,3.0,1,3
999,8,Kimi Räikkönen,6,Ferrari,10,2018,11,3,3.0,116.0,3.0,0.0,287.0,1.0,4.0,1,3
1000,8,Kimi Räikkönen,6,Ferrari,11,2018,12,3,3.0,131.0,3.0,0.0,302.0,2.0,4.0,1,3
1001,8,Kimi Räikkönen,6,Ferrari,13,2018,13,6,6.0,146.0,3.0,0.0,335.0,2.0,4.0,0,17
1002,8,Kimi Räikkönen,6,Ferrari,14,2018,14,1,1.0,146.0,3.0,0.0,360.0,2.0,5.0,1,2
1003,8,Kimi Räikkönen,6,Ferrari,15,2018,15,5,5.0,164.0,3.0,0.0,390.0,2.0,5.0,0,5
1004,8,Kimi Räikkönen,6,Ferrari,71,2018,16,4,4.0,174.0,3.0,0.0,415.0,2.0,5.0,0,4
1005,8,Kimi Räikkönen,6,Ferrari,22,2018,17,4,4.0,186.0,4.0,0.0,442.0,2.0,5.0,0,5
1006,8,Kimi Räikkönen,6,Ferrari,69,2018,18,2,3.0,196.0,4.0,0.0,460.0,2.0,5.0,1,1
1007,8,Kimi Räikkönen,6,Ferrari,32,2018,19,6,6.0,221.0,3.0,1.0,497.0,2.0,6.0,1,3
1008,8,Kimi Räikkönen,6,Ferrari,18,2018,20,4,4.0,236.0,3.0,1.0,530.0,2.0,6.0,1,3
1009,8,Kimi Räikkönen,6,Ferrari,24,2018,21,4,4.0,251.0,3.0,1.0,553.0,2.0,6.0,0,19
1010,8,Kimi Räikkönen,51,Alfa Romeo,1,2019,1,9,9.0,0.0,99.0,0.0,0.0,99.0,0.0,0,8
1011,8,Kimi Räikkönen,51,Alfa Romeo,3,2019,2,8,9.0,4.0,8.0,0.0,4.0,6.0,0.0,0,7
1012,8,Kimi Räikkönen,51,Alfa Romeo,17,2019,3,13,13.0,10.0,6.0,0.0,10.0,4.0,0.0,0,9
1013,8,Kimi Räikkönen,51,Alfa Romeo,73,2019,4,0,19.0,12.0,7.0,0.0,12.0,5.0,0.0,0,10
1014,8,Kimi Räikkönen,51,Alfa Romeo,4,2019,5,14,14.0,13.0,8.0,0.0,13.0,6.0,0.0,0,14
1015,8,Kimi Räikkönen,51,Alfa Romeo,6,2019,6,14,14.0,13.0,9.0,0.0,13.0,7.0,0.0,0,17
1016,8,Kimi Räikkönen,51,Alfa Romeo,7,2019,7,16,17.0,13.0,10.0,0.0,13.0,9.0,0.0,0,15
1017,8,Kimi Räikkönen,51,Alfa Romeo,34,2019,8,12,12.0,13.0,11.0,0.0,13.0,9.0,0.0,0,7
1018,8,Kimi Räikkönen,51,Alfa Romeo,70,2019,9,6,7.0,19.0,8.0,0.0,19.0,7.0,0.0,0,9
1019,8,Kimi Räikkönen,51,Alfa Romeo,9,2019,10,12,12.0,21.0,9.0,0.0,22.0,6.0,0.0,0,8
1020,8,Kimi Räikkönen,51,Alfa Romeo,10,2019,11,5,5.0,25.0,8.0,0.0,26.0,6.0,0.0,0,12
1021,8,Kimi Räikkönen,51,Alfa Romeo,11,2019,12,10,10.0,25.0,9.0,0.0,26.0,9.0,0.0,0,7
1022,8,Kimi Räikkönen,51,Alfa Romeo,13,2019,13,6,8.0,31.0,8.0,0.0,32.0,7.0,0.0,0,16
1023,8,Kimi Räikkönen,51,Alfa Romeo,14,2019,14,0,10.0,31.0,9.0,0.0,32.0,8.0,0.0,0,15
1024,8,Kimi Räikkönen,51,Alfa Romeo,15,2019,15,12,13.0,31.0,12.0,0.0,34.0,8.0,0.0,0,18
1025,8,Kimi Räikkönen,51,Alfa Romeo,71,2019,16,15,16.0,31.0,13.0,0.0,35.0,8.0,0.0,0,13
1026,8,Kimi Räikkönen,51,Alfa Romeo,22,2019,17,13,13.0,31.0,14.0,0.0,35.0,8.0,0.0,0,12
1027,8,Kimi Räikkönen,51,Alfa Romeo,32,2019,18,14,14.0,31.0,14.0,0.0,35.0,8.0,0.0,0,19
1028,8,Kimi Räikkönen,51,Alfa Romeo,69,2019,19,17,17.0,31.0,14.0,0.0,35.0,8.0,0.0,0,11
1029,8,Kimi Räikkönen,51,Alfa Romeo,18,2019,20,8,9.0,31.0,14.0,0.0,35.0,8.0,0.0,0,4
1030,8,Kimi Räikkönen,51,Alfa Romeo,24,2019,21,17,18.0,43.0,12.0,0.0,57.0,8.0,0.0,0,13
1031,8,Kimi Räikkönen,51,Alfa Romeo,70,2020,1,19,19.0,0.0,99.0,0.0,0.0,99.0,0.0,0,14
1032,8,Kimi Räikkönen,51,Alfa Romeo,70,2020,2,16,16.0,0.0,14.0,0.0,2.0,7.0,0.0,0,11
1033,8,Kimi Räikkönen,51,Alfa Romeo,11,2020,3,20,20.0,0.0,17.0,0.0,2.0,8.0,0.0,0,15
1034,8,Kimi Räikkönen,51,Alfa Romeo,9,2020,4,16,18.0,0.0,17.0,0.0,2.0,8.0,0.0,0,17
1035,8,Kimi Räikkönen,51,Alfa Romeo,9,2020,5,20,20.0,0.0,18.0,0.0,2.0,8.0,0.0,0,15
1036,8,Kimi Räikkönen,51,Alfa Romeo,4,2020,6,14,14.0,0.0,18.0,0.0,2.0,8.0,0.0,0,14
1037,8,Kimi Räikkönen,51,Alfa Romeo,13,2020,7,16,16.0,0.0,18.0,0.0,2.0,8.0,0.0,0,12
1038,8,Kimi Räikkönen,51,Alfa Romeo,14,2020,8,14,14.0,0.0,18.0,0.0,2.0,8.0,0.0,0,13
1039,8,Kimi Räikkönen,51,Alfa Romeo,76,2020,9,13,13.0,0.0,19.0,0.0,2.0,8.0,0.0,0,9
1040,8,Kimi Räikkönen,51,Alfa Romeo,71,2020,10,19,20.0,2.0,16.0,0.0,4.0,8.0,0.0,0,14
1041,8,Kimi Räikkönen,51,Alfa Romeo,20,2020,11,19,19.0,2.0,16.0,0.0,4.0,8.0,0.0,0,12
1042,8,Kimi Räikkönen,51,Alfa Romeo,75,2020,12,16,16.0,2.0,17.0,0.0,5.0,8.0,0.0,0,11
1043,8,Kimi Räikkönen,51,Alfa Romeo,21,2020,13,18,18.0,2.0,17.0,0.0,5.0,8.0,0.0,0,9
1044,8,Kimi Räikkönen,51,Alfa Romeo,5,2020,14,8,8.0,4.0,16.0,0.0,8.0,8.0,0.0,0,15
1045,8,Kimi Räikkönen,51,Alfa Romeo,3,2020,15,17,17.0,4.0,16.0,0.0,8.0,8.0,0.0,0,15
1046,8,Kimi Räikkönen,51,Alfa Romeo,3,2020,16,18,19.0,4.0,16.0,0.0,8.0,8.0,0.0,0,14
1047,8,Kimi Räikkönen,51,Alfa Romeo,24,2020,17,15,16.0,4.0,16.0,0.0,8.0,8.0,0.0,0,12
1052,8,Kimi Räikkönen,51,Alfa Romeo,3,2021,1,14,14.0,0.0,99.0,0.0,0.0,99.0,0.0,0,11
1053,8,Kimi Räikkönen,51,Alfa Romeo,21,2021,2,16,16.0,0.0,11.0,0.0,0.0,7.0,0.0,0,13
1054,8,Kimi Räikkönen,51,Alfa Romeo,75,2021,3,15,15.0,0.0,14.0,0.0,0.0,8.0,0.0,0,20
1055,8,Kimi Räikkönen,51,Alfa Romeo,4,2021,4,17,17.0,0.0,14.0,0.0,0.0,8.0,0.0,0,12
1056,8,Kimi Räikkönen,51,Alfa Romeo,6,2021,5,14,14.0,0.0,14.0,0.0,0.0,8.0,0.0,0,11
1057,8,Kimi Räikkönen,51,Alfa Romeo,73,2021,6,14,14.0,0.0,16.0,0.0,1.0,8.0,0.0,0,10
1059,8,Kimi Räikkönen,51,Alfa Romeo,34,2021,7,17,17.0,1.0,15.0,0.0,2.0,8.0,0.0,0,17
1058,8,Kimi Räikkönen,51,Alfa Romeo,70,2021,8,18,18.0,1.0,15.0,0.0,2.0,8.0,0.0,0,11
1060,8,Kimi Räikkönen,51,Alfa Romeo,70,2021,9,16,16.0,1.0,15.0,0.0,2.0,8.0,0.0,0,15
1061,8,Kimi Räikkönen,51,Alfa Romeo,9,2021,10,13,17.0,1.0,15.0,0.0,2.0,8.0,0.0,0,15
1062,8,Kimi Räikkönen,51,Alfa Romeo,11,2021,11,13,13.0,1.0,15.0,0.0,2.0,8.0,0.0,0,10
1063,8,Kimi Räikkönen,51,Alfa Romeo,13,2021,12,0,19.0,2.0,17.0,0.0,3.0,9.0,0.0,0,18
1066,8,Kimi Räikkönen,51,Alfa Romeo,71,2021,15,13,16.0,2.0,17.0,0.0,3.0,9.0,0.0,0,8
1067,8,Kimi Räikkönen,51,Alfa Romeo,5,2021,16,17,19.0,6.0,17.0,0.0,7.0,9.0,0.0,0,12
1069,8,Kimi Räikkönen,51,Alfa Romeo,69,2021,17,15,18.0,6.0,17.0,0.0,7.0,9.0,0.0,0,13
1070,8,Kimi Räikkönen,51,Alfa Romeo,32,2021,18,10,12.0,6.0,17.0,0.0,7.0,9.0,0.0,0,8
1071,8,Kimi Räikkönen,51,Alfa Romeo,18,2021,19,0,14.0,10.0,16.0,0.0,11.0,9.0,0.0,0,12
1051,8,Kimi Räikkönen,51,Alfa Romeo,78,2021,20,16,16.0,10.0,16.0,0.0,11.0,9.0,0.0,0,14
1072,8,Kimi Räikkönen,51,Alfa Romeo,77,2021,21,12,12.0,10.0,16.0,0.0,11.0,9.0,0.0,0,15
1073,8,Kimi Räikkönen,51,Alfa Romeo,24,2021,22,18,18.0,10.0,16.0,0.0,13.0,9.0,0.0,0,19
65,9,Robert Kubica,2,BMW Sauber,11,2006,13,9,10.0,0.0,99.0,0.0,20.0,6.0,0.0,0,22
66,9,Robert Kubica,2,BMW Sauber,5,2006,14,8,9.0,0.0,99.0,0.0,26.0,6.0,0.0,0,12
67,9,Robert Kubica,2,BMW Sauber,14,2006,15,6,6.0,0.0,23.0,0.0,26.0,6.0,0.0,1,3
68,9,Robert Kubica,2,BMW Sauber,17,2006,16,9,9.0,6.0,15.0,0.0,33.0,5.0,0.0,0,13
69,9,Robert Kubica,2,BMW Sauber,22,2006,17,12,12.0,6.0,16.0,0.0,35.0,5.0,0.0,0,9
70,9,Robert Kubica,2,BMW Sauber,18,2006,18,9,9.0,6.0,16.0,0.0,36.0,5.0,0.0,0,9
36,9,Robert Kubica,2,BMW Sauber,1,2007,1,5,5.0,0.0,99.0,0.0,0.0,99.0,0.0,0,20
37,9,Robert Kubica,2,BMW Sauber,2,2007,2,7,7.0,0.0,99.0,0.0,5.0,2.0,0.0,0,18
38,9,Robert Kubica,2,BMW Sauber,3,2007,3,6,6.0,0.0,20.0,0.0,10.0,2.0,0.0,0,6
39,9,Robert Kubica,2,BMW Sauber,4,2007,4,5,5.0,3.0,8.0,0.0,18.0,2.0,0.0,0,4
40,9,Robert Kubica,2,BMW Sauber,6,2007,5,8,8.0,8.0,6.0,0.0,23.0,2.0,0.0,0,5
41,9,Robert Kubica,2,BMW Sauber,7,2007,6,8,8.0,12.0,7.0,0.0,30.0,2.0,0.0,0,17
43,9,Robert Kubica,2,BMW Sauber,8,2007,8,4,4.0,12.0,7.0,0.0,39.0,2.0,0.0,0,4
44,9,Robert Kubica,2,BMW Sauber,9,2007,9,5,5.0,17.0,6.0,0.0,48.0,2.0,0.0,0,4
45,9,Robert Kubica,2,BMW Sauber,20,2007,10,5,5.0,22.0,6.0,0.0,56.0,2.0,0.0,0,7
46,9,Robert Kubica,2,BMW Sauber,11,2007,11,7,7.0,24.0,6.0,0.0,61.0,2.0,0.0,0,5
47,9,Robert Kubica,2,BMW Sauber,5,2007,12,5,5.0,28.0,6.0,0.0,71.0,2.0,0.0,0,8
48,9,Robert Kubica,2,BMW Sauber,14,2007,13,6,6.0,29.0,6.0,0.0,77.0,2.0,0.0,0,5
49,9,Robert Kubica,2,BMW Sauber,13,2007,14,14,14.0,33.0,6.0,0.0,86.0,2.0,0.0,0,9
50,9,Robert Kubica,2,BMW Sauber,16,2007,15,9,9.0,33.0,6.0,0.0,90.0,2.0,0.0,0,7
51,9,Robert Kubica,2,BMW Sauber,17,2007,16,9,9.0,35.0,6.0,0.0,92.0,2.0,0.0,0,18
52,9,Robert Kubica,2,BMW Sauber,18,2007,17,7,7.0,35.0,6.0,0.0,94.0,2.0,0.0,0,5
18,9,Robert Kubica,2,BMW Sauber,1,2008,1,2,2.0,0.0,99.0,0.0,0.0,99.0,0.0,0,9
19,9,Robert Kubica,2,BMW Sauber,2,2008,2,4,6.0,0.0,99.0,0.0,8.0,3.0,0.0,1,2
20,9,Robert Kubica,2,BMW Sauber,3,2008,3,1,1.0,8.0,5.0,0.0,19.0,2.0,0.0,1,3
21,9,Robert Kubica,2,BMW Sauber,4,2008,4,4,4.0,14.0,4.0,0.0,30.0,1.0,0.0,0,4
22,9,Robert Kubica,2,BMW Sauber,5,2008,5,5,5.0,19.0,3.0,0.0,35.0,2.0,0.0,0,4
23,9,Robert Kubica,2,BMW Sauber,6,2008,6,5,5.0,24.0,4.0,0.0,44.0,2.0,0.0,1,2
24,9,Robert Kubica,2,BMW Sauber,7,2008,7,2,2.0,32.0,4.0,0.0,52.0,3.0,0.0,1,1
25,9,Robert Kubica,2,BMW Sauber,8,2008,8,5,7.0,42.0,1.0,1.0,70.0,2.0,1.0,0,5
26,9,Robert Kubica,2,BMW Sauber,9,2008,9,10,10.0,46.0,2.0,1.0,74.0,2.0,1.0,0,14
27,9,Robert Kubica,2,BMW Sauber,10,2008,10,7,7.0,46.0,4.0,1.0,82.0,2.0,1.0,0,7
28,9,Robert Kubica,2,BMW Sauber,11,2008,11,4,4.0,48.0,4.0,1.0,89.0,2.0,1.0,0,8
29,9,Robert Kubica,2,BMW Sauber,12,2008,12,3,3.0,49.0,4.0,1.0,90.0,3.0,1.0,1,3
30,9,Robert Kubica,2,BMW Sauber,13,2008,13,8,8.0,55.0,4.0,1.0,96.0,3.0,1.0,0,6
31,9,Robert Kubica,2,BMW Sauber,14,2008,14,11,11.0,58.0,3.0,1.0,107.0,3.0,1.0,1,3
32,9,Robert Kubica,2,BMW Sauber,15,2008,15,4,4.0,64.0,3.0,1.0,117.0,3.0,1.0,0,11
33,9,Robert Kubica,2,BMW Sauber,16,2008,16,6,6.0,64.0,3.0,1.0,120.0,3.0,1.0,1,2
34,9,Robert Kubica,2,BMW Sauber,17,2008,17,11,12.0,72.0,3.0,1.0,128.0,3.0,1.0,0,6
35,9,Robert Kubica,2,BMW Sauber,18,2008,18,13,13.0,75.0,3.0,1.0,135.0,3.0,1.0,0,11
1,9,Robert Kubica,2,BMW Sauber,1,2009,1,4,4.0,0.0,99.0,0.0,0.0,99.0,0.0,0,14
2,9,Robert Kubica,2,BMW Sauber,2,2009,2,6,8.0,0.0,14.0,0.0,0.0,7.0,0.0,0,19
3,9,Robert Kubica,2,BMW Sauber,17,2009,3,17,18.0,0.0,19.0,0.0,4.0,3.0,0.0,0,13
4,9,Robert Kubica,2,BMW Sauber,3,2009,4,13,13.0,0.0,19.0,0.0,4.0,5.0,0.0,0,18
5,9,Robert Kubica,2,BMW Sauber,4,2009,5,10,10.0,0.0,20.0,0.0,4.0,6.0,0.0,0,11
6,9,Robert Kubica,2,BMW Sauber,6,2009,6,17,18.0,0.0,18.0,0.0,6.0,6.0,0.0,0,17
7,9,Robert Kubica,2,BMW Sauber,5,2009,7,10,10.0,0.0,19.0,0.0,6.0,8.0,0.0,0,7
8,9,Robert Kubica,2,BMW Sauber,9,2009,8,12,12.0,2.0,15.0,0.0,8.0,8.0,0.0,0,13
9,9,Robert Kubica,2,BMW Sauber,20,2009,9,16,16.0,2.0,15.0,0.0,8.0,8.0,0.0,0,14
10,9,Robert Kubica,2,BMW Sauber,11,2009,10,18,19.0,2.0,15.0,0.0,8.0,8.0,0.0,0,13
11,9,Robert Kubica,2,BMW Sauber,12,2009,11,10,10.0,2.0,15.0,0.0,8.0,8.0,0.0,0,8
12,9,Robert Kubica,2,BMW Sauber,13,2009,12,5,5.0,3.0,14.0,0.0,9.0,8.0,0.0,0,4
13,9,Robert Kubica,2,BMW Sauber,14,2009,13,13,13.0,8.0,15.0,0.0,18.0,7.0,0.0,0,19
14,9,Robert Kubica,2,BMW Sauber,15,2009,14,7,9.0,8.0,15.0,0.0,20.0,7.0,0.0,0,8
15,9,Robert Kubica,2,BMW Sauber,22,2009,15,9,13.0,9.0,14.0,0.0,21.0,8.0,0.0,0,9
16,9,Robert Kubica,2,BMW Sauber,18,2009,16,8,8.0,9.0,14.0,0.0,24.0,8.0,0.0,1,2
17,9,Robert Kubica,2,BMW Sauber,24,2009,17,7,7.0,17.0,13.0,0.0,32.0,7.0,0.0,0,10
337,9,Robert Kubica,4,Renault,3,2010,1,9,9.0,0.0,99.0,0.0,0.0,99.0,0.0,0,11
338,9,Robert Kubica,4,Renault,1,2010,2,9,9.0,0.0,11.0,0.0,0.0,7.0,0.0,1,2
339,9,Robert Kubica,4,Renault,2,2010,3,6,6.0,18.0,6.0,0.0,18.0,4.0,0.0,0,4
340,9,Robert Kubica,4,Renault,17,2010,4,8,8.0,30.0,7.0,0.0,30.0,5.0,0.0,0,5
341,9,Robert Kubica,4,Renault,4,2010,5,7,7.0,40.0,7.0,0.0,46.0,5.0,0.0,0,8
342,9,Robert Kubica,4,Renault,6,2010,6,2,2.0,44.0,8.0,0.0,50.0,5.0,0.0,1,3
343,9,Robert Kubica,4,Renault,5,2010,7,7,7.0,59.0,6.0,0.0,65.0,5.0,0.0,0,6
344,9,Robert Kubica,4,Renault,7,2010,8,8,8.0,67.0,6.0,0.0,73.0,5.0,0.0,0,7
345,9,Robert Kubica,4,Renault,12,2010,9,6,6.0,73.0,7.0,0.0,79.0,5.0,0.0,0,5
346,9,Robert Kubica,4,Renault,9,2010,10,6,6.0,83.0,6.0,0.0,89.0,5.0,0.0,0,23
347,9,Robert Kubica,4,Renault,10,2010,11,7,7.0,83.0,7.0,0.0,89.0,5.0,0.0,0,7
348,9,Robert Kubica,4,Renault,11,2010,12,8,8.0,89.0,7.0,0.0,96.0,5.0,0.0,0,21
349,9,Robert Kubica,4,Renault,13,2010,13,3,3.0,89.0,8.0,0.0,106.0,5.0,0.0,1,3
350,9,Robert Kubica,4,Renault,14,2010,14,9,9.0,104.0,7.0,0.0,123.0,5.0,0.0,0,8
351,9,Robert Kubica,4,Renault,15,2010,15,8,8.0,108.0,8.0,0.0,127.0,5.0,0.0,0,7
352,9,Robert Kubica,4,Renault,22,2010,16,3,4.0,114.0,8.0,0.0,133.0,5.0,0.0,0,19
353,9,Robert Kubica,4,Renault,35,2010,17,8,8.0,114.0,8.0,0.0,133.0,5.0,0.0,0,5
354,9,Robert Kubica,4,Renault,18,2010,18,7,7.0,124.0,7.0,0.0,143.0,5.0,0.0,0,9
355,9,Robert Kubica,4,Renault,24,2010,19,11,11.0,126.0,8.0,0.0,145.0,5.0,0.0,0,5
1010,9,Robert Kubica,3,Williams,1,2019,1,20,20.0,0.0,99.0,0.0,0.0,99.0,0.0,0,17
1011,9,Robert Kubica,3,Williams,3,2019,2,20,20.0,0.0,17.0,0.0,0.0,10.0,0.0,0,16
1012,9,Robert Kubica,3,Williams,17,2019,3,18,18.0,0.0,17.0,0.0,0.0,10.0,0.0,0,17
1013,9,Robert Kubica,3,Williams,73,2019,4,0,18.0,0.0,20.0,0.0,0.0,10.0,0.0,0,16
1014,9,Robert Kubica,3,Williams,4,2019,5,17,20.0,0.0,20.0,0.0,0.0,10.0,0.0,0,18
1015,9,Robert Kubica,3,Williams,6,2019,6,20,20.0,0.0,20.0,0.0,0.0,10.0,0.0,0,18
1016,9,Robert Kubica,3,Williams,7,2019,7,19,20.0,0.0,20.0,0.0,0.0,10.0,0.0,0,18
1017,9,Robert Kubica,3,Williams,34,2019,8,18,20.0,0.0,20.0,0.0,0.0,10.0,0.0,0,18
1018,9,Robert Kubica,3,Williams,70,2019,9,17,20.0,0.0,20.0,0.0,0.0,10.0,0.0,0,20
1019,9,Robert Kubica,3,Williams,9,2019,10,20,20.0,0.0,20.0,0.0,0.0,10.0,0.0,0,15
1020,9,Robert Kubica,3,Williams,10,2019,11,18,19.0,0.0,20.0,0.0,0.0,10.0,0.0,0,10
1021,9,Robert Kubica,3,Williams,11,2019,12,19,20.0,1.0,19.0,0.0,1.0,10.0,0.0,0,19
1022,9,Robert Kubica,3,Williams,13,2019,13,0,20.0,1.0,19.0,0.0,1.0,10.0,0.0,0,17
1023,9,Robert Kubica,3,Williams,14,2019,14,15,19.0,1.0,19.0,0.0,1.0,10.0,0.0,0,17
1024,9,Robert Kubica,3,Williams,15,2019,15,19,19.0,1.0,19.0,0.0,1.0,10.0,0.0,0,16
1025,9,Robert Kubica,3,Williams,71,2019,16,18,18.0,1.0,19.0,0.0,1.0,10.0,0.0,0,16
1026,9,Robert Kubica,3,Williams,22,2019,17,0,20.0,1.0,19.0,0.0,1.0,10.0,0.0,0,17
1027,9,Robert Kubica,3,Williams,32,2019,18,20,20.0,1.0,19.0,0.0,1.0,10.0,0.0,0,18
1028,9,Robert Kubica,3,Williams,69,2019,19,19,20.0,1.0,19.0,0.0,1.0,10.0,0.0,0,19
1029,9,Robert Kubica,3,Williams,18,2019,20,19,19.0,1.0,19.0,0.0,1.0,10.0,0.0,0,16
1030,9,Robert Kubica,3,Williams,24,2019,21,19,20.0,1.0,19.0,0.0,1.0,10.0,0.0,0,19
1064,9,Robert Kubica,51,Alfa Romeo,39,2021,13,16,18.0,0.0,99.0,0.0,3.0,9.0,0.0,0,15
1065,9,Robert Kubica,51,Alfa Romeo,14,2021,14,17,19.0,0.0,21.0,0.0,3.0,9.0,0.0,0,14
97,10,Timo Glock,17,Jordan,7,2004,8,16,16.0,0.0,99.0,0.0,2.0,9.0,0.0,0,7
105,10,Timo Glock,17,Jordan,17,2004,16,16,17.0,2.0,16.0,0.0,5.0,9.0,0.0,0,15
106,10,Timo Glock,17,Jordan,22,2004,17,17,17.0,2.0,19.0,0.0,5.0,9.0,0.0,0,15
107,10,Timo Glock,17,Jordan,18,2004,18,17,18.0,2.0,19.0,0.0,5.0,9.0,0.0,0,15
18,10,Timo Glock,7,Toyota,1,2008,1,18,9.0,0.0,99.0,0.0,0.0,99.0,0.0,0,10
19,10,Timo Glock,7,Toyota,2,2008,2,10,10.0,0.0,99.0,0.0,0.0,99.0,0.0,0,21
20,10,Timo Glock,7,Toyota,3,2008,3,13,13.0,0.0,99.0,0.0,5.0,6.0,0.0,0,9
21,10,Timo Glock,7,Toyota,4,2008,4,14,14.0,0.0,14.0,0.0,8.0,5.0,0.0,0,11
22,10,Timo Glock,7,Toyota,5,2008,5,15,15.0,0.0,14.0,0.0,9.0,5.0,0.0,0,13
23,10,Timo Glock,7,Toyota,6,2008,6,10,11.0,0.0,15.0,0.0,9.0,6.0,0.0,0,12
24,10,Timo Glock,7,Toyota,7,2008,7,11,11.0,0.0,17.0,0.0,9.0,6.0,0.0,0,4
25,10,Timo Glock,7,Toyota,8,2008,8,8,10.0,5.0,13.0,0.0,17.0,5.0,0.0,0,11
26,10,Timo Glock,7,Toyota,9,2008,9,12,12.0,5.0,13.0,0.0,23.0,5.0,0.0,0,12
27,10,Timo Glock,7,Toyota,10,2008,10,11,11.0,5.0,14.0,0.0,25.0,4.0,0.0,0,20
28,10,Timo Glock,7,Toyota,11,2008,11,5,5.0,5.0,16.0,0.0,25.0,4.0,0.0,1,2
29,10,Timo Glock,7,Toyota,12,2008,12,13,13.0,13.0,10.0,0.0,35.0,4.0,0.0,0,7
30,10,Timo Glock,7,Toyota,13,2008,13,13,13.0,15.0,10.0,0.0,41.0,4.0,0.0,0,9
31,10,Timo Glock,7,Toyota,14,2008,14,9,9.0,15.0,10.0,0.0,41.0,4.0,0.0,0,11
32,10,Timo Glock,7,Toyota,15,2008,15,7,8.0,15.0,11.0,0.0,41.0,4.0,0.0,0,4
33,10,Timo Glock,7,Toyota,16,2008,16,8,8.0,20.0,10.0,0.0,46.0,5.0,0.0,0,19
34,10,Timo Glock,7,Toyota,17,2008,17,12,13.0,20.0,11.0,0.0,50.0,5.0,0.0,0,7
35,10,Timo Glock,7,Toyota,18,2008,18,10,10.0,22.0,10.0,0.0,52.0,5.0,0.0,0,6
1,10,Timo Glock,7,Toyota,1,2009,1,19,6.0,0.0,99.0,0.0,0.0,99.0,0.0,0,4
2,10,Timo Glock,7,Toyota,2,2009,2,3,5.0,5.0,4.0,0.0,11.0,2.0,0.0,1,3
3,10,Timo Glock,7,Toyota,17,2009,3,19,14.0,8.0,4.0,0.0,16.5,2.0,0.0,0,7
4,10,Timo Glock,7,Toyota,3,2009,4,2,2.0,10.0,4.0,0.0,18.5,3.0,0.0,0,7
5,10,Timo Glock,7,Toyota,4,2009,5,6,6.0,12.0,5.0,0.0,26.5,3.0,0.0,0,10
6,10,Timo Glock,7,Toyota,6,2009,6,20,20.0,12.0,6.0,0.0,26.5,3.0,0.0,0,10
7,10,Timo Glock,7,Toyota,5,2009,7,13,13.0,12.0,6.0,0.0,26.5,3.0,0.0,0,8
8,10,Timo Glock,7,Toyota,9,2009,8,8,8.0,13.0,6.0,0.0,32.5,3.0,0.0,0,9
9,10,Timo Glock,7,Toyota,20,2009,9,20,19.0,13.0,8.0,0.0,34.5,3.0,0.0,0,9
10,10,Timo Glock,7,Toyota,11,2009,10,13,14.0,13.0,8.0,0.0,34.5,3.0,0.0,0,6
11,10,Timo Glock,7,Toyota,12,2009,11,13,13.0,16.0,10.0,0.0,38.5,4.0,0.0,0,14
12,10,Timo Glock,7,Toyota,13,2009,12,7,7.0,16.0,10.0,0.0,38.5,5.0,0.0,0,10
13,10,Timo Glock,7,Toyota,14,2009,13,16,16.0,16.0,11.0,0.0,38.5,5.0,0.0,0,11
14,10,Timo Glock,7,Toyota,15,2009,14,6,7.0,16.0,12.0,0.0,38.5,5.0,0.0,1,2
15,10,Timo Glock,7,Toyota,22,2009,15,20,14.0,24.0,9.0,0.0,46.5,5.0,0.0,0,20
337,10,Timo Glock,166,Virgin,3,2010,1,19,19.0,0.0,99.0,0.0,0.0,99.0,0.0,0,20
338,10,Timo Glock,166,Virgin,1,2010,2,23,21.0,0.0,20.0,0.0,0.0,12.0,0.0,0,15
339,10,Timo Glock,166,Virgin,2,2010,3,16,16.0,0.0,21.0,0.0,0.0,12.0,0.0,0,23
340,10,Timo Glock,166,Virgin,17,2010,4,19,19.0,0.0,22.0,0.0,0.0,12.0,0.0,0,24
341,10,Timo Glock,166,Virgin,4,2010,5,22,21.0,0.0,23.0,0.0,0.0,12.0,0.0,0,18
342,10,Timo Glock,166,Virgin,6,2010,6,20,20.0,0.0,24.0,0.0,0.0,12.0,0.0,0,21
343,10,Timo Glock,166,Virgin,5,2010,7,21,21.0,0.0,24.0,0.0,0.0,12.0,0.0,0,18
344,10,Timo Glock,166,Virgin,7,2010,8,21,21.0,0.0,24.0,0.0,0.0,12.0,0.0,0,20
345,10,Timo Glock,166,Virgin,12,2010,9,22,22.0,0.0,24.0,0.0,0.0,12.0,0.0,0,19
346,10,Timo Glock,166,Virgin,9,2010,10,19,20.0,0.0,24.0,0.0,0.0,12.0,0.0,0,18
347,10,Timo Glock,166,Virgin,10,2010,11,23,20.0,0.0,24.0,0.0,0.0,12.0,0.0,0,18
348,10,Timo Glock,166,Virgin,11,2010,12,18,19.0,0.0,24.0,0.0,0.0,12.0,0.0,0,16
349,10,Timo Glock,166,Virgin,13,2010,13,20,17.0,0.0,24.0,0.0,0.0,12.0,0.0,0,18
350,10,Timo Glock,166,Virgin,14,2010,14,24,21.0,0.0,24.0,0.0,0.0,12.0,0.0,0,17
351,10,Timo Glock,166,Virgin,15,2010,15,18,18.0,0.0,24.0,0.0,0.0,12.0,0.0,0,17
352,10,Timo Glock,166,Virgin,22,2010,16,22,22.0,0.0,24.0,0.0,0.0,12.0,0.0,0,14
353,10,Timo Glock,166,Virgin,35,2010,17,19,20.0,0.0,24.0,0.0,0.0,12.0,0.0,0,19
354,10,Timo Glock,166,Virgin,18,2010,18,17,19.0,0.0,25.0,0.0,0.0,12.0,0.0,0,20
355,10,Timo Glock,166,Virgin,24,2010,19,21,21.0,0.0,25.0,0.0,0.0,12.0,0.0,0,22
841,10,Timo Glock,166,Virgin,1,2011,1,21,21.0,0.0,99.0,0.0,0.0,99.0,0.0,0,15
842,10,Timo Glock,166,Virgin,2,2011,2,21,21.0,0.0,15.0,0.0,0.0,8.0,0.0,0,16
843,10,Timo Glock,166,Virgin,17,2011,3,22,22.0,0.0,19.0,0.0,0.0,10.0,0.0,0,21
844,10,Timo Glock,166,Virgin,5,2011,4,21,22.0,0.0,20.0,0.0,0.0,11.0,0.0,0,24
845,10,Timo Glock,166,Virgin,4,2011,5,20,20.0,0.0,21.0,0.0,0.0,11.0,0.0,0,19
846,10,Timo Glock,166,Virgin,6,2011,6,20,21.0,0.0,22.0,0.0,0.0,11.0,0.0,0,23
847,10,Timo Glock,166,Virgin,7,2011,7,21,22.0,0.0,22.0,0.0,0.0,11.0,0.0,0,16
848,10,Timo Glock,166,Virgin,12,2011,8,21,21.0,0.0,25.0,0.0,0.0,12.0,0.0,0,21
849,10,Timo Glock,166,Virgin,9,2011,9,20,20.0,0.0,25.0,0.0,0.0,12.0,0.0,0,16
850,10,Timo Glock,166,Virgin,20,2011,10,19,20.0,0.0,25.0,0.0,0.0,12.0,0.0,0,17
851,10,Timo Glock,166,Virgin,11,2011,11,20,21.0,0.0,24.0,0.0,0.0,12.0,0.0,0,17
852,10,Timo Glock,166,Virgin,13,2011,12,19,20.0,0.0,24.0,0.0,0.0,12.0,0.0,0,18
853,10,Timo Glock,166,Virgin,14,2011,13,21,21.0,0.0,25.0,0.0,0.0,12.0,0.0,0,15
854,10,Timo Glock,166,Virgin,15,2011,14,21,21.0,0.0,25.0,0.0,0.0,12.0,0.0,0,24
855,10,Timo Glock,166,Virgin,22,2011,15,21,21.0,0.0,25.0,0.0,0.0,12.0,0.0,0,20
856,10,Timo Glock,166,Virgin,35,2011,16,21,21.0,0.0,25.0,0.0,0.0,12.0,0.0,0,18
857,10,Timo Glock,166,Virgin,68,2011,17,22,24.0,0.0,25.0,0.0,0.0,12.0,0.0,0,23
858,10,Timo Glock,166,Virgin,24,2011,18,19,20.0,0.0,25.0,0.0,0.0,12.0,0.0,0,19
859,10,Timo Glock,166,Virgin,18,2011,19,24,24.0,0.0,25.0,0.0,0.0,12.0,0.0,0,24
860,10,Timo Glock,206,Marussia,1,2012,1,20,21.0,0.0,99.0,0.0,0.0,99.0,0.0,0,14
861,10,Timo Glock,206,Marussia,2,2012,2,20,21.0,0.0,14.0,0.0,0.0,10.0,0.0,0,17
862,10,Timo Glock,206,Marussia,17,2012,3,20,21.0,0.0,17.0,0.0,0.0,10.0,0.0,0,19
863,10,Timo Glock,206,Marussia,3,2012,4,23,23.0,0.0,19.0,0.0,0.0,10.0,0.0,0,19
864,10,Timo Glock,206,Marussia,4,2012,5,21,22.0,0.0,19.0,0.0,0.0,10.0,0.0,0,18
865,10,Timo Glock,206,Marussia,6,2012,6,19,20.0,0.0,19.0,0.0,0.0,10.0,0.0,0,14
866,10,Timo Glock,206,Marussia,7,2012,7,21,22.0,0.0,20.0,0.0,0.0,11.0,0.0,0,21
868,10,Timo Glock,206,Marussia,9,2012,9,20,21.0,0.0,21.0,0.0,0.0,11.0,0.0,0,18
869,10,Timo Glock,206,Marussia,10,2012,10,22,22.0,0.0,21.0,0.0,0.0,11.0,0.0,0,22
870,10,Timo Glock,206,Marussia,11,2012,11,22,22.0,0.0,21.0,0.0,0.0,11.0,0.0,0,21
871,10,Timo Glock,206,Marussia,13,2012,12,20,21.0,0.0,21.0,0.0,0.0,11.0,0.0,0,15
872,10,Timo Glock,206,Marussia,14,2012,13,19,20.0,0.0,21.0,0.0,0.0,11.0,0.0,0,17
873,10,Timo Glock,206,Marussia,15,2012,14,20,21.0,0.0,22.0,0.0,0.0,11.0,0.0,0,12
874,10,Timo Glock,206,Marussia,22,2012,15,18,20.0,0.0,19.0,0.0,0.0,10.0,0.0,0,16
875,10,Timo Glock,206,Marussia,35,2012,16,20,22.0,0.0,19.0,0.0,0.0,10.0,0.0,0,18
876,10,Timo Glock,206,Marussia,68,2012,17,21,21.0,0.0,19.0,0.0,0.0,10.0,0.0,0,20
877,10,Timo Glock,206,Marussia,24,2012,18,21,22.0,0.0,19.0,0.0,0.0,10.0,0.0,0,14
878,10,Timo Glock,206,Marussia,69,2012,19,19,19.0,0.0,19.0,0.0,0.0,10.0,0.0,0,19
879,10,Timo Glock,206,Marussia,18,2012,20,21,21.0,0.0,19.0,0.0,0.0,10.0,0.0,0,16
125,11,Takuma Sato,17,Jordan,2,2002,2,15,15.0,0.0,99.0,0.0,0.0,99.0,0.0,0,9
140,11,Takuma Sato,17,Jordan,22,2002,17,7,7.0,0.0,21.0,0.0,7.0,8.0,0.0,0,5
123,11,Takuma Sato,16,BAR,22,2003,16,13,13.0,0.0,99.0,0.0,18.0,6.0,0.0,0,6
90,11,Takuma Sato,16,BAR,1,2004,1,7,7.0,0.0,99.0,0.0,0.0,99.0,0.0,0,9
91,11,Takuma Sato,16,BAR,2,2004,2,20,20.0,0.0,9.0,0.0,3.0,4.0,0.0,0,15
92,11,Takuma Sato,16,BAR,3,2004,3,5,5.0,0.0,11.0,0.0,9.0,4.0,0.0,0,5
93,11,Takuma Sato,16,BAR,21,2004,4,7,7.0,4.0,8.0,0.0,19.0,4.0,0.0,0,16
94,11,Takuma Sato,16,BAR,4,2004,5,3,3.0,4.0,8.0,0.0,27.0,3.0,0.0,0,5
95,11,Takuma Sato,16,BAR,6,2004,6,7,8.0,8.0,8.0,0.0,32.0,3.0,0.0,0,17
96,11,Takuma Sato,16,BAR,20,2004,7,2,2.0,8.0,8.0,0.0,40.0,3.0,0.0,0,16
97,11,Takuma Sato,16,BAR,7,2004,8,20,17.0,8.0,8.0,0.0,46.0,3.0,0.0,0,12
98,11,Takuma Sato,16,BAR,19,2004,9,3,3.0,8.0,9.0,0.0,52.0,3.0,0.0,1,3
99,11,Takuma Sato,16,BAR,8,2004,10,7,7.0,14.0,7.0,0.0,58.0,3.0,0.0,0,20
100,11,Takuma Sato,16,BAR,9,2004,11,8,9.0,14.0,7.0,0.0,62.0,3.0,0.0,0,11
101,11,Takuma Sato,16,BAR,10,2004,12,8,9.0,14.0,8.0,0.0,67.0,3.0,0.0,0,8
102,11,Takuma Sato,16,BAR,11,2004,13,3,3.0,15.0,9.0,0.0,76.0,3.0,0.0,0,6
103,11,Takuma Sato,16,BAR,13,2004,14,15,15.0,18.0,9.0,0.0,83.0,3.0,0.0,0,18
104,11,Takuma Sato,16,BAR,14,2004,15,5,5.0,18.0,9.0,0.0,83.0,3.0,0.0,0,4
105,11,Takuma Sato,16,BAR,17,2004,16,18,9.0,23.0,9.0,0.0,94.0,2.0,0.0,0,6
106,11,Takuma Sato,16,BAR,22,2004,17,4,4.0,26.0,8.0,0.0,105.0,2.0,0.0,0,4
107,11,Takuma Sato,16,BAR,18,2004,18,6,6.0,31.0,8.0,0.0,116.0,2.0,0.0,0,6
71,11,Takuma Sato,16,BAR,1,2005,1,20,19.0,0.0,99.0,0.0,0.0,99.0,0.0,0,14
73,11,Takuma Sato,16,BAR,3,2005,3,13,13.0,0.0,17.0,0.0,0.0,10.0,0.0,0,15
74,11,Takuma Sato,16,BAR,21,2005,4,6,6.0,0.0,21.0,0.0,0.0,10.0,0.0,0,20
77,11,Takuma Sato,16,BAR,20,2005,7,16,16.0,0.0,23.0,0.0,0.0,10.0,0.0,0,12
78,11,Takuma Sato,16,BAR,7,2005,8,6,6.0,0.0,22.0,0.0,0.0,9.0,0.0,0,15
79,11,Takuma Sato,16,BAR,19,2005,9,8,8.0,0.0,23.0,0.0,0.0,9.0,0.0,0,12
80,11,Takuma Sato,16,BAR,8,2005,10,4,5.0,0.0,23.0,0.0,0.0,10.0,0.0,0,11
81,11,Takuma Sato,16,BAR,9,2005,11,7,8.0,0.0,23.0,0.0,5.0,10.0,0.0,0,16
82,11,Takuma Sato,16,BAR,10,2005,12,8,8.0,0.0,23.0,0.0,9.0,9.0,0.0,0,12
83,11,Takuma Sato,16,BAR,11,2005,13,10,10.0,0.0,23.0,0.0,15.0,7.0,0.0,0,8
84,11,Takuma Sato,16,BAR,5,2005,14,20,14.0,1.0,23.0,0.0,20.0,7.0,0.0,0,9
85,11,Takuma Sato,16,BAR,14,2005,15,4,5.0,1.0,22.0,0.0,24.0,7.0,0.0,0,16
86,11,Takuma Sato,16,BAR,13,2005,16,10,11.0,1.0,23.0,0.0,25.0,7.0,0.0,0,19
87,11,Takuma Sato,16,BAR,18,2005,17,19,19.0,1.0,23.0,0.0,31.0,6.0,0.0,0,10
88,11,Takuma Sato,16,BAR,22,2005,18,5,5.0,1.0,23.0,0.0,33.0,6.0,0.0,0,20
89,11,Takuma Sato,16,BAR,17,2005,19,17,17.0,1.0,23.0,0.0,37.0,6.0,0.0,0,17
53,11,Takuma Sato,8,Super Aguri,3,2006,1,20,20.0,0.0,99.0,0.0,0.0,99.0,0.0,0,18
54,11,Takuma Sato,8,Super Aguri,2,2006,2,17,21.0,0.0,18.0,0.0,0.0,11.0,0.0,0,14
55,11,Takuma Sato,8,Super Aguri,1,2006,3,21,21.0,0.0,21.0,0.0,0.0,11.0,0.0,0,12
56,11,Takuma Sato,8,Super Aguri,21,2006,4,21,21.0,0.0,20.0,0.0,0.0,11.0,0.0,0,18
57,11,Takuma Sato,8,Super Aguri,20,2006,5,20,21.0,0.0,20.0,0.0,0.0,11.0,0.0,0,16
58,11,Takuma Sato,8,Super Aguri,4,2006,6,19,20.0,0.0,21.0,0.0,0.0,11.0,0.0,0,17
59,11,Takuma Sato,8,Super Aguri,6,2006,7,19,19.0,0.0,21.0,0.0,0.0,11.0,0.0,0,22
60,11,Takuma Sato,8,Super Aguri,9,2006,8,20,20.0,0.0,21.0,0.0,0.0,11.0,0.0,0,17
61,11,Takuma Sato,8,Super Aguri,7,2006,9,20,21.0,0.0,21.0,0.0,0.0,11.0,0.0,0,15
62,11,Takuma Sato,8,Super Aguri,19,2006,10,18,18.0,0.0,21.0,0.0,0.0,11.0,0.0,0,14
63,11,Takuma Sato,8,Super Aguri,8,2006,11,21,22.0,0.0,21.0,0.0,0.0,11.0,0.0,0,22
64,11,Takuma Sato,8,Super Aguri,10,2006,12,17,19.0,0.0,22.0,0.0,0.0,11.0,0.0,0,14
65,11,Takuma Sato,8,Super Aguri,11,2006,13,19,20.0,0.0,22.0,0.0,0.0,11.0,0.0,0,13
66,11,Takuma Sato,8,Super Aguri,5,2006,14,21,22.0,0.0,22.0,0.0,0.0,11.0,0.0,0,17
67,11,Takuma Sato,8,Super Aguri,14,2006,15,21,21.0,0.0,22.0,0.0,0.0,11.0,0.0,0,16
68,11,Takuma Sato,8,Super Aguri,17,2006,16,21,21.0,0.0,23.0,0.0,0.0,11.0,0.0,0,22
69,11,Takuma Sato,8,Super Aguri,22,2006,17,20,20.0,0.0,23.0,0.0,0.0,11.0,0.0,0,15
70,11,Takuma Sato,8,Super Aguri,18,2006,18,19,20.0,0.0,23.0,0.0,0.0,11.0,0.0,0,10
36,11,Takuma Sato,8,Super Aguri,1,2007,1,10,10.0,0.0,99.0,0.0,0.0,99.0,0.0,0,12
37,11,Takuma Sato,8,Super Aguri,2,2007,2,14,14.0,0.0,12.0,0.0,0.0,7.0,0.0,0,13
38,11,Takuma Sato,8,Super Aguri,3,2007,3,17,17.0,0.0,14.0,0.0,0.0,8.0,0.0,0,19
39,11,Takuma Sato,8,Super Aguri,4,2007,4,13,13.0,0.0,15.0,0.0,0.0,8.0,0.0,0,8
40,11,Takuma Sato,8,Super Aguri,6,2007,5,21,21.0,1.0,12.0,0.0,1.0,7.0,0.0,0,17
41,11,Takuma Sato,8,Super Aguri,7,2007,6,11,11.0,1.0,13.0,0.0,1.0,7.0,0.0,0,6
42,11,Takuma Sato,8,Super Aguri,19,2007,7,18,18.0,4.0,12.0,0.0,4.0,7.0,0.0,0,19
43,11,Takuma Sato,8,Super Aguri,8,2007,8,22,22.0,4.0,13.0,0.0,4.0,7.0,0.0,0,16
44,11,Takuma Sato,8,Super Aguri,9,2007,9,21,21.0,4.0,13.0,0.0,4.0,7.0,0.0,0,14
45,11,Takuma Sato,8,Super Aguri,20,2007,10,16,16.0,4.0,13.0,0.0,4.0,7.0,0.0,0,15
46,11,Takuma Sato,8,Super Aguri,11,2007,11,19,19.0,4.0,14.0,0.0,4.0,7.0,0.0,0,15
47,11,Takuma Sato,8,Super Aguri,5,2007,12,17,17.0,4.0,15.0,0.0,4.0,7.0,0.0,0,18
48,11,Takuma Sato,8,Super Aguri,14,2007,13,17,17.0,4.0,15.0,0.0,4.0,7.0,0.0,0,16
49,11,Takuma Sato,8,Super Aguri,13,2007,14,18,18.0,4.0,15.0,0.0,4.0,7.0,0.0,0,15
50,11,Takuma Sato,8,Super Aguri,16,2007,15,21,21.0,4.0,15.0,0.0,4.0,7.0,0.0,0,15
51,11,Takuma Sato,8,Super Aguri,17,2007,16,20,20.0,4.0,15.0,0.0,4.0,7.0,0.0,0,14
52,11,Takuma Sato,8,Super Aguri,18,2007,17,18,18.0,4.0,17.0,0.0,4.0,9.0,0.0,0,12
18,11,Takuma Sato,8,Super Aguri,1,2008,1,19,20.0,0.0,99.0,0.0,0.0,99.0,0.0,0,11
19,11,Takuma Sato,8,Super Aguri,2,2008,2,19,20.0,0.0,99.0,0.0,0.0,99.0,0.0,0,16
20,11,Takuma Sato,8,Super Aguri,3,2008,3,22,22.0,0.0,18.0,0.0,0.0,11.0,0.0,0,17
21,11,Takuma Sato,8,Super Aguri,4,2008,4,22,22.0,0.0,20.0,0.0,0.0,11.0,0.0,0,13
18,12,Nelson Piquet Jr.,4,Renault,1,2008,1,20,21.0,0.0,99.0,0.0,0.0,99.0,0.0,0,12
19,12,Nelson Piquet Jr.,4,Renault,2,2008,2,13,13.0,0.0,99.0,0.0,5.0,4.0,0.0,0,11
20,12,Nelson Piquet Jr.,4,Renault,3,2008,3,14,14.0,0.0,14.0,0.0,6.0,5.0,0.0,0,20
21,12,Nelson Piquet Jr.,4,Renault,4,2008,4,10,10.0,0.0,17.0,0.0,6.0,6.0,0.0,0,20
22,12,Nelson Piquet Jr.,4,Renault,5,2008,5,17,17.0,0.0,18.0,0.0,6.0,7.0,0.0,0,15
23,12,Nelson Piquet Jr.,4,Renault,6,2008,6,17,17.0,0.0,18.0,0.0,9.0,7.0,0.0,0,17
24,12,Nelson Piquet Jr.,4,Renault,7,2008,7,15,15.0,0.0,19.0,0.0,9.0,7.0,0.0,0,17
25,12,Nelson Piquet Jr.,4,Renault,8,2008,8,9,11.0,0.0,19.0,0.0,9.0,7.0,0.0,0,7
26,12,Nelson Piquet Jr.,4,Renault,9,2008,9,7,7.0,2.0,17.0,0.0,12.0,7.0,0.0,0,16
27,12,Nelson Piquet Jr.,4,Renault,10,2008,10,17,17.0,2.0,18.0,0.0,15.0,7.0,0.0,1,2
28,12,Nelson Piquet Jr.,4,Renault,11,2008,11,10,10.0,10.0,11.0,0.0,23.0,6.0,0.0,0,6
29,12,Nelson Piquet Jr.,4,Renault,12,2008,12,15,15.0,13.0,11.0,0.0,31.0,5.0,0.0,0,11
30,12,Nelson Piquet Jr.,4,Renault,13,2008,13,12,12.0,13.0,11.0,0.0,31.0,5.0,0.0,0,20
31,12,Nelson Piquet Jr.,4,Renault,14,2008,14,17,17.0,13.0,11.0,0.0,36.0,5.0,0.0,0,10
32,12,Nelson Piquet Jr.,4,Renault,15,2008,15,16,16.0,13.0,12.0,0.0,41.0,5.0,0.0,0,20
33,12,Nelson Piquet Jr.,4,Renault,16,2008,16,12,12.0,13.0,13.0,0.0,51.0,4.0,1.0,0,4
34,12,Nelson Piquet Jr.,4,Renault,17,2008,17,10,11.0,18.0,12.0,0.0,66.0,4.0,2.0,0,8
35,12,Nelson Piquet Jr.,4,Renault,18,2008,18,11,11.0,19.0,12.0,0.0,72.0,4.0,2.0,0,19
1,12,Nelson Piquet Jr.,4,Renault,1,2009,1,14,17.0,0.0,99.0,0.0,0.0,99.0,0.0,0,17
2,12,Nelson Piquet Jr.,4,Renault,2,2009,2,17,17.0,0.0,99.0,0.0,4.0,3.0,0.0,0,13
3,12,Nelson Piquet Jr.,4,Renault,17,2009,3,16,17.0,0.0,17.0,0.0,4.0,4.0,0.0,0,16
4,12,Nelson Piquet Jr.,4,Renault,3,2009,4,15,15.0,0.0,20.0,0.0,4.0,6.0,0.0,0,10
5,12,Nelson Piquet Jr.,4,Renault,4,2009,5,12,12.0,0.0,17.0,0.0,5.0,5.0,0.0,0,12
6,12,Nelson Piquet Jr.,4,Renault,6,2009,6,12,12.0,0.0,17.0,0.0,9.0,5.0,0.0,0,19
7,12,Nelson Piquet Jr.,4,Renault,5,2009,7,17,17.0,0.0,18.0,0.0,11.0,6.0,0.0,0,16
8,12,Nelson Piquet Jr.,4,Renault,9,2009,8,14,14.0,0.0,19.0,0.0,11.0,7.0,0.0,0,12
9,12,Nelson Piquet Jr.,4,Renault,20,2009,9,10,10.0,0.0,19.0,0.0,11.0,7.0,0.0,0,13
10,12,Nelson Piquet Jr.,4,Renault,11,2009,10,14,15.0,0.0,19.0,0.0,13.0,7.0,0.0,0,12
125,13,Felipe Massa,15,Sauber,2,2002,2,14,14.0,0.0,99.0,0.0,0.0,99.0,0.0,0,6
140,13,Felipe Massa,15,Sauber,22,2002,17,15,15.0,4.0,12.0,0.0,11.0,5.0,0.0,0,19
90,13,Felipe Massa,15,Sauber,1,2004,1,11,11.0,0.0,99.0,0.0,0.0,99.0,0.0,0,15
91,13,Felipe Massa,15,Sauber,2,2004,2,11,11.0,0.0,99.0,0.0,0.0,6.0,0.0,0,8
92,13,Felipe Massa,15,Sauber,3,2004,3,13,13.0,1.0,9.0,0.0,1.0,6.0,0.0,0,12
93,13,Felipe Massa,15,Sauber,21,2004,4,12,12.0,1.0,10.0,0.0,1.0,6.0,0.0,0,10
94,13,Felipe Massa,15,Sauber,4,2004,5,17,17.0,1.0,10.0,0.0,1.0,6.0,0.0,0,9
95,13,Felipe Massa,15,Sauber,6,2004,6,16,16.0,1.0,11.0,0.0,3.0,6.0,0.0,0,5
96,13,Felipe Massa,15,Sauber,20,2004,7,16,16.0,5.0,9.0,0.0,7.0,5.0,0.0,0,9
97,13,Felipe Massa,15,Sauber,7,2004,8,17,19.0,5.0,9.0,0.0,10.0,5.0,0.0,0,11
98,13,Felipe Massa,15,Sauber,19,2004,9,15,15.0,5.0,11.0,0.0,15.0,5.0,0.0,0,18
99,13,Felipe Massa,15,Sauber,8,2004,10,16,16.0,5.0,12.0,0.0,15.0,6.0,0.0,0,13
100,13,Felipe Massa,15,Sauber,9,2004,11,10,11.0,5.0,12.0,0.0,15.0,6.0,0.0,0,9
101,13,Felipe Massa,15,Sauber,10,2004,12,16,16.0,5.0,12.0,0.0,18.0,6.0,0.0,0,13
102,13,Felipe Massa,15,Sauber,11,2004,13,20,20.0,5.0,13.0,0.0,18.0,6.0,0.0,0,19
103,13,Felipe Massa,15,Sauber,13,2004,14,8,8.0,5.0,13.0,0.0,19.0,6.0,0.0,0,4
104,13,Felipe Massa,15,Sauber,14,2004,15,16,16.0,10.0,12.0,0.0,28.0,6.0,0.0,0,12
105,13,Felipe Massa,15,Sauber,17,2004,16,4,4.0,10.0,12.0,0.0,29.0,6.0,0.0,0,8
106,13,Felipe Massa,15,Sauber,22,2004,17,19,20.0,11.0,12.0,0.0,32.0,6.0,0.0,0,9
107,13,Felipe Massa,15,Sauber,18,2004,18,4,4.0,11.0,12.0,0.0,33.0,6.0,0.0,0,8
71,13,Felipe Massa,15,Sauber,1,2005,1,18,20.0,0.0,99.0,0.0,0.0,99.0,0.0,0,10
72,13,Felipe Massa,15,Sauber,2,2005,2,14,14.0,0.0,10.0,0.0,0.0,7.0,0.0,0,10
73,13,Felipe Massa,15,Sauber,3,2005,3,12,12.0,0.0,13.0,0.0,0.0,7.0,0.0,0,7
74,13,Felipe Massa,15,Sauber,21,2005,4,18,8.0,2.0,13.0,0.0,2.0,7.0,0.0,0,10
75,13,Felipe Massa,15,Sauber,4,2005,5,10,10.0,2.0,16.0,0.0,7.0,7.0,0.0,0,11
76,13,Felipe Massa,15,Sauber,6,2005,6,11,11.0,2.0,16.0,0.0,7.0,7.0,0.0,0,9
77,13,Felipe Massa,15,Sauber,20,2005,7,11,11.0,2.0,16.0,0.0,7.0,7.0,0.0,0,14
78,13,Felipe Massa,15,Sauber,7,2005,8,11,11.0,2.0,16.0,0.0,7.0,7.0,0.0,0,4
79,13,Felipe Massa,15,Sauber,19,2005,9,10,10.0,7.0,12.0,0.0,12.0,7.0,0.0,0,14
80,13,Felipe Massa,15,Sauber,8,2005,10,9,10.0,7.0,12.0,0.0,12.0,7.0,0.0,0,19
81,13,Felipe Massa,15,Sauber,9,2005,11,16,16.0,7.0,12.0,0.0,13.0,7.0,0.0,0,10
82,13,Felipe Massa,15,Sauber,10,2005,12,13,13.0,7.0,13.0,0.0,13.0,7.0,0.0,0,8
83,13,Felipe Massa,15,Sauber,11,2005,13,14,14.0,8.0,13.0,0.0,14.0,8.0,0.0,0,14
84,13,Felipe Massa,15,Sauber,5,2005,14,8,8.0,8.0,13.0,0.0,14.0,8.0,0.0,0,19
85,13,Felipe Massa,15,Sauber,14,2005,15,15,15.0,8.0,13.0,0.0,14.0,8.0,0.0,0,9
86,13,Felipe Massa,15,Sauber,13,2005,16,7,8.0,8.0,13.0,0.0,14.0,8.0,0.0,0,10
87,13,Felipe Massa,15,Sauber,18,2005,17,8,9.0,8.0,14.0,0.0,17.0,8.0,0.0,0,11
88,13,Felipe Massa,15,Sauber,22,2005,18,10,10.0,8.0,14.0,0.0,17.0,8.0,0.0,0,10
89,13,Felipe Massa,15,Sauber,17,2005,19,11,11.0,8.0,14.0,0.0,17.0,8.0,0.0,0,6
53,13,Felipe Massa,6,Ferrari,3,2006,1,2,2.0,0.0,99.0,0.0,0.0,99.0,0.0,0,9
54,13,Felipe Massa,6,Ferrari,2,2006,2,21,16.0,0.0,9.0,0.0,8.0,3.0,0.0,0,5
55,13,Felipe Massa,6,Ferrari,1,2006,3,15,16.0,4.0,7.0,0.0,15.0,2.0,0.0,0,22
56,13,Felipe Massa,6,Ferrari,21,2006,4,4,4.0,4.0,10.0,0.0,15.0,3.0,0.0,0,4
57,13,Felipe Massa,6,Ferrari,20,2006,5,3,3.0,9.0,7.0,0.0,30.0,3.0,1.0,1,3
58,13,Felipe Massa,6,Ferrari,4,2006,6,4,4.0,15.0,5.0,0.0,46.0,2.0,2.0,0,4
59,13,Felipe Massa,6,Ferrari,6,2006,7,21,21.0,20.0,5.0,0.0,59.0,2.0,2.0,0,9
60,13,Felipe Massa,6,Ferrari,9,2006,8,4,4.0,20.0,6.0,0.0,63.0,2.0,2.0,0,5
61,13,Felipe Massa,6,Ferrari,7,2006,9,10,10.0,24.0,6.0,0.0,75.0,2.0,2.0,0,5
62,13,Felipe Massa,6,Ferrari,19,2006,10,2,2.0,28.0,5.0,0.0,87.0,2.0,2.0,1,2
63,13,Felipe Massa,6,Ferrari,8,2006,11,2,2.0,36.0,5.0,0.0,105.0,2.0,3.0,1,3
64,13,Felipe Massa,6,Ferrari,10,2006,12,3,3.0,42.0,5.0,0.0,121.0,2.0,4.0,1,2
65,13,Felipe Massa,6,Ferrari,11,2006,13,2,2.0,50.0,3.0,0.0,139.0,2.0,5.0,0,7
66,13,Felipe Massa,6,Ferrari,5,2006,14,1,1.0,52.0,3.0,0.0,142.0,2.0,5.0,1,1
67,13,Felipe Massa,6,Ferrari,14,2006,15,4,4.0,62.0,3.0,1.0,158.0,2.0,6.0,0,9
68,13,Felipe Massa,6,Ferrari,17,2006,16,20,20.0,62.0,3.0,1.0,168.0,1.0,7.0,0,18
69,13,Felipe Massa,6,Ferrari,22,2006,17,1,1.0,62.0,4.0,1.0,178.0,2.0,8.0,1,2
70,13,Felipe Massa,6,Ferrari,18,2006,18,1,1.0,70.0,3.0,1.0,186.0,2.0,8.0,1,1
36,13,Felipe Massa,6,Ferrari,1,2007,1,22,16.0,0.0,99.0,0.0,0.0,99.0,0.0,0,6
37,13,Felipe Massa,6,Ferrari,2,2007,2,1,1.0,3.0,6.0,0.0,13.0,1.0,1.0,0,5
38,13,Felipe Massa,6,Ferrari,3,2007,3,1,1.0,7.0,6.0,0.0,23.0,1.0,1.0,1,1
39,13,Felipe Massa,6,Ferrari,4,2007,4,1,1.0,17.0,4.0,1.0,39.0,1.0,2.0,1,1
40,13,Felipe Massa,6,Ferrari,6,2007,5,3,3.0,27.0,3.0,2.0,49.0,1.0,3.0,1,3
41,13,Felipe Massa,6,Ferrari,7,2007,6,5,5.0,33.0,3.0,2.0,56.0,1.0,3.0,0,21
42,13,Felipe Massa,6,Ferrari,19,2007,7,3,3.0,33.0,3.0,2.0,60.0,1.0,3.0,1,3
43,13,Felipe Massa,6,Ferrari,8,2007,8,1,1.0,39.0,3.0,2.0,71.0,1.0,3.0,1,2
44,13,Felipe Massa,6,Ferrari,9,2007,9,4,4.0,47.0,3.0,2.0,89.0,1.0,4.0,0,5
45,13,Felipe Massa,6,Ferrari,20,2007,10,3,3.0,51.0,4.0,2.0,103.0,1.0,5.0,1,2
46,13,Felipe Massa,6,Ferrari,11,2007,11,14,14.0,59.0,3.0,2.0,111.0,1.0,5.0,0,13
47,13,Felipe Massa,6,Ferrari,5,2007,12,1,1.0,59.0,4.0,2.0,119.0,1.0,5.0,1,1
48,13,Felipe Massa,6,Ferrari,14,2007,13,3,3.0,69.0,3.0,3.0,137.0,1.0,6.0,0,21
49,13,Felipe Massa,6,Ferrari,13,2007,14,2,2.0,69.0,4.0,3.0,143.0,1.0,6.0,1,2
50,13,Felipe Massa,6,Ferrari,16,2007,15,4,4.0,77.0,4.0,3.0,161.0,1.0,7.0,0,6
51,13,Felipe Massa,6,Ferrari,17,2007,16,3,3.0,80.0,4.0,3.0,170.0,1.0,7.0,1,3
52,13,Felipe Massa,6,Ferrari,18,2007,17,1,1.0,86.0,4.0,3.0,186.0,1.0,8.0,1,2
18,13,Felipe Massa,6,Ferrari,1,2008,1,4,4.0,0.0,99.0,0.0,0.0,99.0,0.0,0,13
19,13,Felipe Massa,6,Ferrari,2,2008,2,1,1.0,0.0,99.0,0.0,1.0,6.0,0.0,0,19
20,13,Felipe Massa,6,Ferrari,3,2008,3,2,2.0,0.0,99.0,0.0,11.0,3.0,1.0,1,1
21,13,Felipe Massa,6,Ferrari,4,2008,4,3,3.0,10.0,6.0,1.0,29.0,2.0,2.0,1,2
22,13,Felipe Massa,6,Ferrari,5,2008,5,1,1.0,18.0,4.0,1.0,47.0,1.0,3.0,1,1
23,13,Felipe Massa,6,Ferrari,6,2008,6,1,1.0,28.0,2.0,2.0,63.0,1.0,4.0,1,3
24,13,Felipe Massa,6,Ferrari,7,2008,7,6,6.0,34.0,3.0,2.0,69.0,1.0,4.0,0,5
25,13,Felipe Massa,6,Ferrari,8,2008,8,2,2.0,38.0,3.0,2.0,73.0,1.0,4.0,1,1
26,13,Felipe Massa,6,Ferrari,9,2008,9,9,9.0,48.0,1.0,3.0,91.0,1.0,5.0,0,13
27,13,Felipe Massa,6,Ferrari,10,2008,10,2,2.0,48.0,2.0,3.0,96.0,1.0,5.0,1,3
28,13,Felipe Massa,6,Ferrari,11,2008,11,3,3.0,54.0,2.0,3.0,105.0,1.0,5.0,0,17
29,13,Felipe Massa,6,Ferrari,12,2008,12,1,1.0,54.0,3.0,3.0,111.0,1.0,5.0,1,1
30,13,Felipe Massa,6,Ferrari,13,2008,13,2,2.0,64.0,2.0,4.0,121.0,1.0,6.0,1,1
31,13,Felipe Massa,6,Ferrari,14,2008,14,6,6.0,74.0,2.0,5.0,131.0,1.0,7.0,0,6
32,13,Felipe Massa,6,Ferrari,15,2008,15,1,1.0,77.0,2.0,5.0,134.0,1.0,7.0,0,13
33,13,Felipe Massa,6,Ferrari,16,2008,16,5,5.0,77.0,2.0,5.0,134.0,2.0,7.0,0,7
34,13,Felipe Massa,6,Ferrari,17,2008,17,3,3.0,79.0,2.0,5.0,142.0,1.0,7.0,1,2
35,13,Felipe Massa,6,Ferrari,18,2008,18,1,1.0,87.0,2.0,5.0,156.0,1.0,7.0,1,1
1,13,Felipe Massa,6,Ferrari,1,2009,1,6,7.0,0.0,99.0,0.0,0.0,99.0,0.0,0,16
2,13,Felipe Massa,6,Ferrari,2,2009,2,16,16.0,0.0,99.0,0.0,0.0,9.0,0.0,0,9
3,13,Felipe Massa,6,Ferrari,17,2009,3,13,13.0,0.0,13.0,0.0,0.0,10.0,0.0,0,19
4,13,Felipe Massa,6,Ferrari,3,2009,4,8,8.0,0.0,15.0,0.0,0.0,9.0,0.0,0,14
5,13,Felipe Massa,6,Ferrari,4,2009,5,4,4.0,0.0,15.0,0.0,3.0,9.0,0.0,0,6
6,13,Felipe Massa,6,Ferrari,6,2009,6,5,5.0,3.0,12.0,0.0,6.0,7.0,0.0,0,4
7,13,Felipe Massa,6,Ferrari,5,2009,7,7,7.0,8.0,10.0,0.0,17.0,4.0,0.0,0,6
8,13,Felipe Massa,6,Ferrari,9,2009,8,11,11.0,11.0,8.0,0.0,20.0,4.0,0.0,0,4
9,13,Felipe Massa,6,Ferrari,20,2009,9,8,8.0,16.0,6.0,0.0,26.0,4.0,0.0,1,3
10,13,Felipe Massa,6,Ferrari,11,2009,10,0,10.0,22.0,5.0,0.0,32.0,4.0,0.0,0,20
337,13,Felipe Massa,6,Ferrari,3,2010,1,2,2.0,0.0,99.0,0.0,0.0,99.0,0.0,1,2
338,13,Felipe Massa,6,Ferrari,1,2010,2,5,5.0,18.0,2.0,0.0,43.0,1.0,1.0,1,3
339,13,Felipe Massa,6,Ferrari,2,2010,3,21,21.0,33.0,2.0,0.0,70.0,1.0,1.0,0,7
340,13,Felipe Massa,6,Ferrari,17,2010,4,7,7.0,39.0,1.0,0.0,76.0,1.0,1.0,0,9
341,13,Felipe Massa,6,Ferrari,4,2010,5,9,9.0,41.0,6.0,0.0,90.0,2.0,1.0,0,6
342,13,Felipe Massa,6,Ferrari,6,2010,6,4,4.0,49.0,7.0,0.0,116.0,2.0,1.0,0,4
343,13,Felipe Massa,6,Ferrari,5,2010,7,8,8.0,61.0,5.0,0.0,136.0,2.0,1.0,0,7
344,13,Felipe Massa,6,Ferrari,7,2010,8,6,7.0,67.0,7.0,0.0,146.0,3.0,1.0,0,15
345,13,Felipe Massa,6,Ferrari,12,2010,9,5,5.0,67.0,8.0,0.0,161.0,3.0,1.0,0,11
346,13,Felipe Massa,6,Ferrari,9,2010,10,7,7.0,67.0,8.0,0.0,165.0,3.0,1.0,0,15
347,13,Felipe Massa,6,Ferrari,10,2010,11,3,3.0,67.0,8.0,0.0,165.0,3.0,1.0,1,2
348,13,Felipe Massa,6,Ferrari,11,2010,12,4,4.0,85.0,8.0,0.0,208.0,3.0,2.0,0,4
349,13,Felipe Massa,6,Ferrari,13,2010,13,6,6.0,97.0,6.0,0.0,238.0,3.0,2.0,0,4
350,13,Felipe Massa,6,Ferrari,14,2010,14,3,3.0,109.0,6.0,0.0,250.0,3.0,2.0,1,3
351,13,Felipe Massa,6,Ferrari,15,2010,15,24,24.0,124.0,6.0,0.0,290.0,3.0,3.0,0,8
352,13,Felipe Massa,6,Ferrari,22,2010,16,12,12.0,128.0,6.0,0.0,319.0,3.0,4.0,0,21
353,13,Felipe Massa,6,Ferrari,35,2010,17,6,6.0,128.0,6.0,0.0,334.0,3.0,4.0,1,3
354,13,Felipe Massa,6,Ferrari,18,2010,18,9,9.0,143.0,6.0,0.0,374.0,3.0,5.0,0,15
355,13,Felipe Massa,6,Ferrari,24,2010,19,6,6.0,143.0,6.0,0.0,389.0,3.0,5.0,0,10
841,13,Felipe Massa,6,Ferrari,1,2011,1,8,8.0,0.0,99.0,0.0,0.0,99.0,0.0,0,7
842,13,Felipe Massa,6,Ferrari,2,2011,2,7,7.0,6.0,7.0,0.0,18.0,3.0,0.0,0,5
843,13,Felipe Massa,6,Ferrari,17,2011,3,6,6.0,16.0,6.0,0.0,36.0,3.0,0.0,0,6
844,13,Felipe Massa,6,Ferrari,5,2011,4,10,10.0,24.0,6.0,0.0,50.0,3.0,0.0,0,11
845,13,Felipe Massa,6,Ferrari,4,2011,5,8,8.0,24.0,6.0,0.0,65.0,3.0,0.0,0,22
846,13,Felipe Massa,6,Ferrari,6,2011,6,6,6.0,24.0,8.0,0.0,75.0,3.0,0.0,0,21
847,13,Felipe Massa,6,Ferrari,7,2011,7,3,3.0,24.0,8.0,0.0,93.0,3.0,0.0,0,6
848,13,Felipe Massa,6,Ferrari,12,2011,8,5,5.0,32.0,6.0,0.0,101.0,3.0,0.0,0,5
849,13,Felipe Massa,6,Ferrari,9,2011,9,4,4.0,42.0,6.0,0.0,129.0,3.0,0.0,0,5
850,13,Felipe Massa,6,Ferrari,20,2011,10,5,5.0,52.0,6.0,0.0,164.0,3.0,1.0,0,5
851,13,Felipe Massa,6,Ferrari,11,2011,11,4,4.0,62.0,6.0,0.0,192.0,3.0,1.0,0,6
852,13,Felipe Massa,6,Ferrari,13,2011,12,4,4.0,70.0,6.0,0.0,215.0,3.0,1.0,0,8
853,13,Felipe Massa,6,Ferrari,14,2011,13,6,6.0,74.0,6.0,0.0,231.0,3.0,1.0,0,6
854,13,Felipe Massa,6,Ferrari,15,2011,14,6,6.0,82.0,6.0,0.0,254.0,3.0,1.0,0,9
855,13,Felipe Massa,6,Ferrari,22,2011,15,4,4.0,84.0,6.0,0.0,268.0,3.0,1.0,0,7
856,13,Felipe Massa,6,Ferrari,35,2011,16,5,5.0,90.0,6.0,0.0,292.0,3.0,1.0,0,6
857,13,Felipe Massa,6,Ferrari,68,2011,17,6,6.0,98.0,6.0,0.0,310.0,3.0,1.0,0,20
858,13,Felipe Massa,6,Ferrari,24,2011,18,6,6.0,98.0,6.0,0.0,325.0,3.0,1.0,0,5
859,13,Felipe Massa,6,Ferrari,18,2011,19,7,7.0,108.0,6.0,0.0,353.0,3.0,1.0,0,5
860,13,Felipe Massa,6,Ferrari,1,2012,1,16,16.0,0.0,99.0,0.0,0.0,99.0,0.0,0,17
861,13,Felipe Massa,6,Ferrari,2,2012,2,12,12.0,0.0,17.0,0.0,10.0,4.0,0.0,0,15
862,13,Felipe Massa,6,Ferrari,17,2012,3,12,12.0,0.0,19.0,0.0,35.0,3.0,1.0,0,13
863,13,Felipe Massa,6,Ferrari,3,2012,4,14,14.0,0.0,18.0,0.0,37.0,3.0,1.0,0,9
864,13,Felipe Massa,6,Ferrari,4,2012,5,16,17.0,2.0,17.0,0.0,45.0,4.0,1.0,0,15
865,13,Felipe Massa,6,Ferrari,6,2012,6,7,7.0,2.0,17.0,0.0,63.0,4.0,1.0,0,6
866,13,Felipe Massa,6,Ferrari,7,2012,7,6,6.0,10.0,14.0,0.0,86.0,3.0,1.0,0,10
867,13,Felipe Massa,6,Ferrari,12,2012,8,13,13.0,11.0,14.0,0.0,97.0,4.0,1.0,0,16
868,13,Felipe Massa,6,Ferrari,9,2012,9,5,5.0,11.0,16.0,0.0,122.0,4.0,2.0,0,4
869,13,Felipe Massa,6,Ferrari,10,2012,10,13,14.0,23.0,13.0,0.0,152.0,2.0,2.0,0,12
870,13,Felipe Massa,6,Ferrari,11,2012,11,7,7.0,23.0,14.0,0.0,177.0,2.0,3.0,0,9
871,13,Felipe Massa,6,Ferrari,13,2012,12,14,14.0,25.0,14.0,0.0,189.0,4.0,3.0,0,5
872,13,Felipe Massa,6,Ferrari,14,2012,13,3,3.0,35.0,11.0,0.0,199.0,4.0,3.0,0,4
873,13,Felipe Massa,6,Ferrari,15,2012,14,13,13.0,47.0,10.0,0.0,226.0,3.0,3.0,0,8
874,13,Felipe Massa,6,Ferrari,22,2012,15,10,11.0,51.0,10.0,0.0,245.0,3.0,3.0,1,2
875,13,Felipe Massa,6,Ferrari,35,2012,16,6,6.0,69.0,9.0,0.0,263.0,3.0,3.0,0,4
876,13,Felipe Massa,6,Ferrari,68,2012,17,6,6.0,81.0,9.0,0.0,290.0,2.0,3.0,0,6
877,13,Felipe Massa,6,Ferrari,24,2012,18,8,9.0,89.0,9.0,0.0,316.0,2.0,3.0,0,7
878,13,Felipe Massa,6,Ferrari,69,2012,19,11,7.0,95.0,7.0,0.0,340.0,2.0,3.0,0,4
879,13,Felipe Massa,6,Ferrari,18,2012,20,5,5.0,107.0,7.0,0.0,367.0,2.0,3.0,1,3
880,13,Felipe Massa,6,Ferrari,1,2013,1,4,4.0,0.0,99.0,0.0,0.0,99.0,0.0,0,4
881,13,Felipe Massa,6,Ferrari,2,2013,2,2,2.0,12.0,4.0,0.0,30.0,1.0,0.0,0,5
882,13,Felipe Massa,6,Ferrari,17,2013,3,5,5.0,22.0,5.0,0.0,40.0,3.0,0.0,0,6
883,13,Felipe Massa,6,Ferrari,3,2013,4,4,6.0,30.0,5.0,0.0,73.0,2.0,1.0,0,15
884,13,Felipe Massa,6,Ferrari,4,2013,5,9,6.0,30.0,6.0,0.0,77.0,3.0,1.0,1,3
885,13,Felipe Massa,6,Ferrari,6,2013,6,21,22.0,45.0,5.0,0.0,117.0,2.0,2.0,0,21
886,13,Felipe Massa,6,Ferrari,7,2013,7,16,16.0,45.0,7.0,0.0,123.0,2.0,2.0,0,8
887,13,Felipe Massa,6,Ferrari,9,2013,8,11,12.0,49.0,7.0,0.0,145.0,2.0,2.0,0,6
888,13,Felipe Massa,6,Ferrari,20,2013,9,7,7.0,57.0,7.0,0.0,168.0,3.0,2.0,0,22
890,13,Felipe Massa,6,Ferrari,11,2013,10,7,7.0,57.0,7.0,0.0,180.0,3.0,2.0,0,8
891,13,Felipe Massa,6,Ferrari,13,2013,11,10,10.0,61.0,7.0,0.0,194.0,3.0,2.0,0,7
892,13,Felipe Massa,6,Ferrari,14,2013,12,4,4.0,67.0,7.0,0.0,218.0,3.0,2.0,0,4
893,13,Felipe Massa,6,Ferrari,15,2013,13,6,6.0,79.0,7.0,0.0,248.0,2.0,2.0,0,6
894,13,Felipe Massa,6,Ferrari,35,2013,14,6,7.0,87.0,7.0,0.0,274.0,2.0,2.0,0,9
895,13,Felipe Massa,6,Ferrari,22,2013,15,5,5.0,89.0,7.0,0.0,284.0,2.0,2.0,0,10
896,13,Felipe Massa,6,Ferrari,68,2013,16,5,5.0,90.0,7.0,0.0,297.0,2.0,2.0,0,4
897,13,Felipe Massa,6,Ferrari,24,2013,17,7,8.0,102.0,8.0,0.0,309.0,3.0,2.0,0,8
898,13,Felipe Massa,6,Ferrari,69,2013,18,13,15.0,106.0,8.0,0.0,323.0,3.0,2.0,0,13
899,13,Felipe Massa,6,Ferrari,18,2013,19,9,9.0,106.0,8.0,0.0,333.0,3.0,2.0,0,7
900,13,Felipe Massa,3,Williams,1,2014,1,9,9.0,0.0,99.0,0.0,0.0,99.0,0.0,0,20
901,13,Felipe Massa,3,Williams,2,2014,2,13,13.0,0.0,20.0,0.0,10.0,4.0,0.0,0,7
902,13,Felipe Massa,3,Williams,3,2014,3,7,8.0,6.0,10.0,0.0,20.0,4.0,0.0,0,7
903,13,Felipe Massa,3,Williams,17,2014,4,6,6.0,12.0,11.0,0.0,30.0,6.0,0.0,0,15
904,13,Felipe Massa,3,Williams,4,2014,5,9,9.0,12.0,11.0,0.0,36.0,6.0,0.0,0,13
905,13,Felipe Massa,3,Williams,6,2014,6,16,16.0,12.0,12.0,0.0,46.0,5.0,0.0,0,7
906,13,Felipe Massa,3,Williams,7,2014,7,5,5.0,18.0,11.0,0.0,52.0,6.0,0.0,0,12
907,13,Felipe Massa,3,Williams,70,2014,8,1,1.0,18.0,11.0,0.0,58.0,6.0,0.0,0,4
908,13,Felipe Massa,3,Williams,9,2014,9,15,18.0,30.0,9.0,0.0,85.0,5.0,0.0,0,21
909,13,Felipe Massa,3,Williams,10,2014,10,3,3.0,30.0,10.0,0.0,103.0,4.0,0.0,0,22
910,13,Felipe Massa,3,Williams,11,2014,11,6,6.0,30.0,10.0,0.0,121.0,3.0,0.0,0,5
911,13,Felipe Massa,3,Williams,13,2014,12,9,9.0,40.0,9.0,0.0,135.0,4.0,0.0,0,13
912,13,Felipe Massa,3,Williams,14,2014,13,4,4.0,40.0,9.0,0.0,150.0,4.0,0.0,1,3
913,13,Felipe Massa,3,Williams,15,2014,14,6,6.0,55.0,9.0,0.0,177.0,3.0,0.0,0,5
914,13,Felipe Massa,3,Williams,22,2014,15,4,4.0,65.0,9.0,0.0,187.0,3.0,0.0,0,7
915,13,Felipe Massa,3,Williams,71,2014,16,18,18.0,71.0,9.0,0.0,201.0,3.0,0.0,0,11
916,13,Felipe Massa,3,Williams,69,2014,17,4,4.0,71.0,9.0,0.0,216.0,3.0,0.0,0,4
917,13,Felipe Massa,3,Williams,18,2014,18,3,3.0,83.0,8.0,0.0,238.0,3.0,0.0,1,3
918,13,Felipe Massa,3,Williams,24,2014,19,4,4.0,98.0,8.0,0.0,254.0,3.0,0.0,1,2
926,13,Felipe Massa,3,Williams,1,2015,1,3,3.0,0.0,99.0,0.0,0.0,99.0,0.0,0,4
927,13,Felipe Massa,3,Williams,2,2015,2,7,7.0,12.0,4.0,0.0,12.0,4.0,0.0,0,6
928,13,Felipe Massa,3,Williams,17,2015,3,4,4.0,20.0,4.0,0.0,30.0,3.0,0.0,0,5
929,13,Felipe Massa,3,Williams,3,2015,4,6,6.0,30.0,4.0,0.0,48.0,3.0,0.0,0,10
930,13,Felipe Massa,3,Williams,4,2015,5,9,9.0,31.0,5.0,0.0,61.0,3.0,0.0,0,6
931,13,Felipe Massa,3,Williams,6,2015,6,12,14.0,39.0,6.0,0.0,81.0,3.0,0.0,0,15
932,13,Felipe Massa,3,Williams,7,2015,7,15,17.0,39.0,6.0,0.0,81.0,3.0,0.0,0,6
933,13,Felipe Massa,3,Williams,70,2015,8,4,4.0,47.0,6.0,0.0,104.0,3.0,0.0,1,3
934,13,Felipe Massa,3,Williams,9,2015,9,3,3.0,62.0,6.0,0.0,129.0,3.0,0.0,0,4
936,13,Felipe Massa,3,Williams,11,2015,10,8,8.0,74.0,6.0,0.0,151.0,3.0,0.0,0,12
937,13,Felipe Massa,3,Williams,13,2015,11,6,7.0,74.0,6.0,0.0,151.0,3.0,0.0,0,6
938,13,Felipe Massa,3,Williams,14,2015,12,5,5.0,82.0,5.0,0.0,161.0,3.0,0.0,1,3
939,13,Felipe Massa,3,Williams,15,2015,13,9,9.0,97.0,4.0,0.0,188.0,3.0,0.0,0,19
940,13,Felipe Massa,3,Williams,22,2015,14,5,5.0,97.0,6.0,0.0,198.0,3.0,0.0,0,17
941,13,Felipe Massa,3,Williams,71,2015,15,15,15.0,97.0,6.0,0.0,208.0,3.0,0.0,0,4
942,13,Felipe Massa,3,Williams,69,2015,16,7,9.0,109.0,6.0,0.0,220.0,3.0,0.0,0,17
943,13,Felipe Massa,3,Williams,32,2015,17,7,7.0,109.0,6.0,0.0,220.0,3.0,0.0,0,6
944,13,Felipe Massa,3,Williams,18,2015,18,8,8.0,117.0,6.0,0.0,243.0,3.0,0.0,0,20
945,13,Felipe Massa,3,Williams,24,2015,19,8,8.0,117.0,6.0,0.0,253.0,3.0,0.0,0,8
948,13,Felipe Massa,3,Williams,1,2016,1,6,6.0,0.0,99.0,0.0,0.0,99.0,0.0,0,5
949,13,Felipe Massa,3,Williams,3,2016,2,7,7.0,10.0,5.0,0.0,14.0,3.0,0.0,0,8
950,13,Felipe Massa,3,Williams,17,2016,3,10,11.0,14.0,7.0,0.0,20.0,4.0,0.0,0,6
951,13,Felipe Massa,3,Williams,71,2016,4,4,5.0,22.0,6.0,0.0,29.0,4.0,0.0,0,5
952,13,Felipe Massa,3,Williams,4,2016,5,18,18.0,32.0,6.0,0.0,51.0,4.0,0.0,0,8
953,13,Felipe Massa,3,Williams,6,2016,6,14,14.0,36.0,7.0,0.0,65.0,4.0,0.0,0,10
954,13,Felipe Massa,3,Williams,7,2016,7,8,8.0,37.0,7.0,0.0,66.0,4.0,0.0,0,20
955,13,Felipe Massa,3,Williams,73,2016,8,5,6.0,37.0,8.0,0.0,81.0,4.0,0.0,0,10
956,13,Felipe Massa,3,Williams,70,2016,9,0,10.0,38.0,9.0,0.0,90.0,4.0,0.0,0,20
957,13,Felipe Massa,3,Williams,9,2016,10,12,12.0,38.0,9.0,0.0,92.0,4.0,0.0,0,11
958,13,Felipe Massa,3,Williams,11,2016,11,18,18.0,38.0,9.0,0.0,92.0,4.0,0.0,0,18
959,13,Felipe Massa,3,Williams,10,2016,12,10,10.0,38.0,9.0,0.0,94.0,4.0,0.0,0,22
960,13,Felipe Massa,3,Williams,13,2016,13,10,10.0,38.0,9.0,0.0,96.0,4.0,0.0,0,10
961,13,Felipe Massa,3,Williams,14,2016,14,11,11.0,39.0,10.0,0.0,101.0,5.0,0.0,0,9
962,13,Felipe Massa,3,Williams,15,2016,15,11,12.0,41.0,10.0,0.0,111.0,4.0,0.0,0,12
963,13,Felipe Massa,3,Williams,2,2016,16,10,10.0,41.0,10.0,0.0,111.0,5.0,0.0,0,13
964,13,Felipe Massa,3,Williams,22,2016,17,12,12.0,41.0,11.0,0.0,121.0,5.0,0.0,0,9
965,13,Felipe Massa,3,Williams,69,2016,18,9,9.0,43.0,10.0,0.0,124.0,5.0,0.0,0,7
966,13,Felipe Massa,3,Williams,32,2016,19,9,9.0,49.0,11.0,0.0,130.0,5.0,0.0,0,9
967,13,Felipe Massa,3,Williams,18,2016,20,13,13.0,51.0,11.0,0.0,136.0,5.0,0.0,0,18
968,13,Felipe Massa,3,Williams,24,2016,21,10,10.0,51.0,11.0,0.0,136.0,5.0,0.0,0,9
969,13,Felipe Massa,3,Williams,1,2017,1,7,7.0,0.0,99.0,0.0,0.0,99.0,0.0,0,6
970,13,Felipe Massa,3,Williams,17,2017,2,6,6.0,8.0,6.0,0.0,8.0,4.0,0.0,0,14
971,13,Felipe Massa,3,Williams,3,2017,3,8,8.0,8.0,8.0,0.0,8.0,6.0,0.0,0,6
972,13,Felipe Massa,3,Williams,71,2017,4,6,6.0,16.0,7.0,0.0,16.0,5.0,0.0,0,9
973,13,Felipe Massa,3,Williams,4,2017,5,9,9.0,18.0,8.0,0.0,18.0,5.0,0.0,0,13
974,13,Felipe Massa,3,Williams,6,2017,6,14,15.0,18.0,9.0,0.0,18.0,6.0,0.0,0,9
975,13,Felipe Massa,3,Williams,7,2017,7,7,7.0,20.0,9.0,0.0,20.0,6.0,0.0,0,19
976,13,Felipe Massa,3,Williams,73,2017,8,9,9.0,20.0,10.0,0.0,22.0,6.0,0.0,0,16
977,13,Felipe Massa,3,Williams,70,2017,9,17,17.0,20.0,10.0,0.0,37.0,5.0,0.0,0,9
978,13,Felipe Massa,3,Williams,9,2017,10,14,15.0,22.0,10.0,0.0,40.0,5.0,0.0,0,10
980,13,Felipe Massa,3,Williams,13,2017,12,16,16.0,23.0,11.0,0.0,41.0,5.0,0.0,0,8
981,13,Felipe Massa,3,Williams,14,2017,13,7,9.0,27.0,11.0,0.0,45.0,5.0,0.0,0,8
982,13,Felipe Massa,3,Williams,15,2017,14,17,17.0,31.0,11.0,0.0,55.0,5.0,0.0,0,11
983,13,Felipe Massa,3,Williams,2,2017,15,11,11.0,31.0,11.0,0.0,59.0,5.0,0.0,0,9
984,13,Felipe Massa,3,Williams,22,2017,16,8,9.0,33.0,11.0,0.0,65.0,5.0,0.0,0,10
985,13,Felipe Massa,3,Williams,69,2017,17,10,11.0,34.0,11.0,0.0,66.0,5.0,0.0,0,9
986,13,Felipe Massa,3,Williams,32,2017,18,10,11.0,36.0,10.0,0.0,68.0,5.0,0.0,0,11
987,13,Felipe Massa,3,Williams,18,2017,19,9,10.0,36.0,11.0,0.0,76.0,5.0,0.0,0,7
988,13,Felipe Massa,3,Williams,24,2017,20,10,10.0,42.0,10.0,0.0,82.0,5.0,0.0,0,10
261,14,David Coulthard,3,Williams,4,1994,5,9,9.0,0.0,99.0,0.0,7.0,5.0,0.0,0,17
262,14,David Coulthard,3,Williams,7,1994,6,5,5.0,0.0,33.0,0.0,17.0,3.0,1.0,0,5
264,14,David Coulthard,3,Williams,9,1994,8,7,7.0,2.0,16.0,0.0,31.0,3.0,1.0,0,5
265,14,David Coulthard,3,Williams,10,1994,9,6,6.0,4.0,15.0,0.0,43.0,2.0,2.0,0,13
266,14,David Coulthard,3,Williams,11,1994,10,3,3.0,4.0,18.0,0.0,43.0,3.0,2.0,0,15
267,14,David Coulthard,3,Williams,13,1994,11,7,7.0,4.0,19.0,0.0,49.0,3.0,2.0,0,4
268,14,David Coulthard,3,Williams,14,1994,12,5,5.0,7.0,11.0,0.0,62.0,2.0,3.0,0,6
269,14,David Coulthard,3,Williams,27,1994,13,3,3.0,8.0,10.0,0.0,73.0,2.0,4.0,1,2
240,14,David Coulthard,3,Williams,18,1995,1,3,3.0,0.0,99.0,0.0,0.0,99.0,0.0,1,2
241,14,David Coulthard,3,Williams,25,1995,2,1,1.0,6.0,2.0,0.0,6.0,2.0,0.0,0,19
242,14,David Coulthard,3,Williams,21,1995,3,3,3.0,6.0,4.0,0.0,16.0,2.0,1.0,0,4
243,14,David Coulthard,3,Williams,4,1995,4,4,4.0,9.0,4.0,0.0,29.0,1.0,2.0,0,17
244,14,David Coulthard,3,Williams,6,1995,5,3,3.0,9.0,6.0,0.0,32.0,2.0,2.0,0,22
245,14,David Coulthard,3,Williams,7,1995,6,3,3.0,9.0,6.0,0.0,38.0,2.0,2.0,0,22
246,14,David Coulthard,3,Williams,8,1995,7,3,3.0,9.0,6.0,0.0,38.0,3.0,2.0,1,3
247,14,David Coulthard,3,Williams,9,1995,8,3,3.0,13.0,5.0,0.0,48.0,2.0,2.0,1,3
248,14,David Coulthard,3,Williams,10,1995,9,3,3.0,17.0,5.0,0.0,52.0,2.0,2.0,1,2
249,14,David Coulthard,3,Williams,11,1995,10,2,2.0,23.0,5.0,0.0,58.0,2.0,2.0,1,2
250,14,David Coulthard,3,Williams,13,1995,11,5,5.0,29.0,4.0,0.0,74.0,2.0,3.0,0,22
251,14,David Coulthard,3,Williams,14,1995,12,1,1.0,29.0,4.0,0.0,80.0,2.0,3.0,0,19
252,14,David Coulthard,3,Williams,27,1995,13,1,1.0,29.0,5.0,0.0,80.0,2.0,3.0,1,1
253,14,David Coulthard,3,Williams,20,1995,14,1,1.0,39.0,3.0,1.0,94.0,2.0,4.0,1,3
254,14,David Coulthard,3,Williams,28,1995,15,1,1.0,43.0,3.0,1.0,98.0,2.0,4.0,1,2
255,14,David Coulthard,3,Williams,22,1995,16,6,6.0,49.0,3.0,1.0,108.0,2.0,4.0,0,14
256,14,David Coulthard,3,Williams,29,1995,17,2,2.0,49.0,3.0,1.0,108.0,2.0,4.0,0,19
224,14,David Coulthard,1,McLaren,1,1996,1,13,13.0,0.0,99.0,0.0,0.0,99.0,0.0,0,16
225,14,David Coulthard,1,McLaren,18,1996,2,14,14.0,0.0,99.0,0.0,2.0,4.0,0.0,0,15
226,14,David Coulthard,1,McLaren,25,1996,3,9,9.0,0.0,99.0,0.0,5.0,4.0,0.0,0,7
227,14,David Coulthard,1,McLaren,20,1996,4,6,6.0,0.0,12.0,0.0,5.0,4.0,0.0,1,3
228,14,David Coulthard,1,McLaren,21,1996,5,4,4.0,4.0,8.0,0.0,9.0,4.0,0.0,0,14
229,14,David Coulthard,1,McLaren,6,1996,6,5,5.0,4.0,9.0,0.0,9.0,4.0,0.0,1,2
230,14,David Coulthard,1,McLaren,4,1996,7,14,14.0,10.0,6.0,0.0,16.0,4.0,0.0,0,18
207,14,David Coulthard,1,McLaren,1,1997,1,4,4.0,0.0,99.0,0.0,0.0,99.0,0.0,1,1
208,14,David Coulthard,1,McLaren,18,1997,2,12,12.0,10.0,1.0,1.0,14.0,1.0,1.0,0,10
209,14,David Coulthard,1,McLaren,25,1997,3,10,10.0,10.0,1.0,1.0,17.0,1.0,1.0,0,22
210,14,David Coulthard,1,McLaren,21,1997,4,10,10.0,10.0,2.0,1.0,19.0,2.0,1.0,0,14
211,14,David Coulthard,1,McLaren,6,1997,5,5,5.0,10.0,4.0,1.0,20.0,3.0,1.0,0,19
212,14,David Coulthard,1,McLaren,4,1997,6,3,3.0,10.0,5.0,1.0,20.0,3.0,1.0,0,6
213,14,David Coulthard,1,McLaren,7,1997,7,5,5.0,11.0,5.0,1.0,21.0,3.0,1.0,0,7
214,14,David Coulthard,1,McLaren,8,1997,8,9,9.0,11.0,7.0,1.0,21.0,4.0,1.0,0,7
215,14,David Coulthard,1,McLaren,9,1997,9,6,6.0,11.0,7.0,1.0,21.0,4.0,1.0,0,4
216,14,David Coulthard,1,McLaren,10,1997,10,8,8.0,14.0,7.0,1.0,24.0,4.0,1.0,0,19
191,14,David Coulthard,1,McLaren,1,1998,1,2,2.0,0.0,99.0,0.0,0.0,99.0,0.0,1,2
192,14,David Coulthard,1,McLaren,18,1998,2,2,2.0,6.0,2.0,0.0,16.0,1.0,1.0,1,2
193,14,David Coulthard,1,McLaren,25,1998,3,1,1.0,12.0,2.0,0.0,32.0,1.0,2.0,0,6
199,14,David Coulthard,1,McLaren,9,1998,9,4,4.0,30.0,3.0,1.0,80.0,1.0,5.0,0,15
200,14,David Coulthard,1,McLaren,70,1998,10,14,14.0,30.0,3.0,1.0,86.0,1.0,5.0,1,2
201,14,David Coulthard,1,McLaren,10,1998,11,2,2.0,36.0,3.0,1.0,102.0,1.0,6.0,1,2
203,14,David Coulthard,1,McLaren,13,1998,13,2,2.0,48.0,3.0,1.0,125.0,1.0,7.0,0,7
175,14,David Coulthard,1,McLaren,1,1999,1,2,2.0,0.0,99.0,0.0,0.0,99.0,0.0,0,18
176,14,David Coulthard,1,McLaren,18,1999,2,2,2.0,0.0,99.0,0.0,0.0,99.0,0.0,0,18
177,14,David Coulthard,1,McLaren,21,1999,3,2,2.0,0.0,99.0,0.0,10.0,2.0,1.0,1,2
158,14,David Coulthard,1,McLaren,1,2000,1,2,2.0,0.0,99.0,0.0,0.0,99.0,0.0,0,19
160,14,David Coulthard,1,McLaren,21,2000,3,3,3.0,0.0,99.0,0.0,0.0,99.0,0.0,1,3
161,14,David Coulthard,1,McLaren,9,2000,4,4,4.0,4.0,7.0,0.0,10.0,2.0,0.0,1,1
173,14,David Coulthard,1,McLaren,22,2000,16,3,3.0,63.0,3.0,3.0,143.0,2.0,7.0,1,3
156,14,David Coulthard,1,McLaren,19,2001,16,7,7.0,57.0,2.0,2.0,81.0,2.0,3.0,1,3
125,14,David Coulthard,1,McLaren,2,2002,2,6,6.0,0.0,99.0,0.0,4.0,3.0,0.0,0,20
140,14,David Coulthard,1,McLaren,22,2002,17,3,3.0,41.0,5.0,1.0,61.0,3.0,1.0,0,18
108,14,David Coulthard,1,McLaren,1,2003,1,11,11.0,0.0,99.0,0.0,0.0,99.0,0.0,1,1
109,14,David Coulthard,1,McLaren,2,2003,2,4,4.0,10.0,1.0,1.0,16.0,1.0,1.0,0,18
110,14,David Coulthard,1,McLaren,18,2003,3,2,2.0,10.0,2.0,1.0,26.0,1.0,2.0,0,4
111,14,David Coulthard,1,McLaren,21,2003,4,12,12.0,15.0,2.0,1.0,39.0,1.0,2.0,0,5
112,14,David Coulthard,1,McLaren,4,2003,5,8,8.0,19.0,2.0,1.0,51.0,1.0,2.0,0,16
113,14,David Coulthard,1,McLaren,70,2003,6,14,14.0,19.0,5.0,1.0,51.0,1.0,2.0,0,5
114,14,David Coulthard,1,McLaren,6,2003,7,6,6.0,23.0,5.0,1.0,63.0,2.0,2.0,0,7
115,14,David Coulthard,1,McLaren,7,2003,8,11,11.0,25.0,6.0,1.0,73.0,1.0,2.0,0,14
116,14,David Coulthard,1,McLaren,20,2003,9,9,9.0,25.0,7.0,1.0,76.0,2.0,2.0,0,15
117,14,David Coulthard,1,McLaren,8,2003,10,5,5.0,25.0,7.0,1.0,76.0,3.0,2.0,0,5
118,14,David Coulthard,1,McLaren,9,2003,11,12,12.0,29.0,7.0,1.0,85.0,3.0,2.0,0,5
119,14,David Coulthard,1,McLaren,10,2003,12,10,10.0,33.0,7.0,1.0,95.0,3.0,2.0,1,2
120,14,David Coulthard,1,McLaren,11,2003,13,9,9.0,41.0,7.0,1.0,103.0,3.0,2.0,0,5
121,14,David Coulthard,1,McLaren,14,2003,14,8,8.0,45.0,7.0,1.0,115.0,3.0,2.0,0,14
122,14,David Coulthard,1,McLaren,19,2003,15,8,8.0,45.0,7.0,1.0,120.0,3.0,2.0,0,14
123,14,David Coulthard,1,McLaren,22,2003,16,7,7.0,45.0,7.0,1.0,128.0,3.0,2.0,1,3
90,14,David Coulthard,1,McLaren,1,2004,1,12,12.0,0.0,99.0,0.0,0.0,99.0,0.0,0,8
91,14,David Coulthard,1,McLaren,2,2004,2,9,9.0,1.0,8.0,0.0,1.0,5.0,0.0,0,6
92,14,David Coulthard,1,McLaren,3,2004,3,10,10.0,4.0,8.0,0.0,4.0,5.0,0.0,0,18
93,14,David Coulthard,1,McLaren,21,2004,4,11,11.0,4.0,9.0,0.0,4.0,5.0,0.0,0,12
94,14,David Coulthard,1,McLaren,4,2004,5,10,10.0,4.0,9.0,0.0,5.0,5.0,0.0,0,10
95,14,David Coulthard,1,McLaren,6,2004,6,8,9.0,4.0,9.0,0.0,5.0,5.0,0.0,0,18
96,14,David Coulthard,1,McLaren,20,2004,7,18,18.0,4.0,10.0,0.0,5.0,6.0,0.0,0,17
97,14,David Coulthard,1,McLaren,7,2004,8,9,9.0,4.0,11.0,0.0,5.0,6.0,0.0,0,6
98,14,David Coulthard,1,McLaren,19,2004,9,12,12.0,7.0,10.0,0.0,12.0,6.0,0.0,0,7
99,14,David Coulthard,1,McLaren,8,2004,10,3,3.0,9.0,10.0,0.0,17.0,5.0,0.0,0,6
100,14,David Coulthard,1,McLaren,9,2004,11,6,7.0,12.0,9.0,0.0,22.0,5.0,0.0,0,7
101,14,David Coulthard,1,McLaren,10,2004,12,4,5.0,14.0,9.0,0.0,32.0,5.0,0.0,0,4
102,14,David Coulthard,1,McLaren,11,2004,13,12,12.0,19.0,7.0,0.0,37.0,5.0,0.0,0,9
103,14,David Coulthard,1,McLaren,13,2004,14,4,4.0,19.0,7.0,0.0,37.0,5.0,0.0,0,7
104,14,David Coulthard,1,McLaren,14,2004,15,10,10.0,21.0,8.0,0.0,49.0,5.0,1.0,0,6
105,14,David Coulthard,1,McLaren,17,2004,16,9,10.0,24.0,8.0,0.0,52.0,5.0,1.0,0,9
106,14,David Coulthard,1,McLaren,22,2004,17,8,8.0,24.0,9.0,0.0,58.0,5.0,1.0,0,18
107,14,David Coulthard,1,McLaren,18,2004,18,12,13.0,24.0,9.0,0.0,61.0,5.0,1.0,0,11
71,14,David Coulthard,9,Red Bull,1,2005,1,5,5.0,0.0,99.0,0.0,0.0,99.0,0.0,0,4
72,14,David Coulthard,9,Red Bull,2,2005,2,8,8.0,5.0,4.0,0.0,7.0,3.0,0.0,0,6
73,14,David Coulthard,9,Red Bull,3,2005,3,14,14.0,8.0,5.0,0.0,11.0,3.0,0.0,0,8
74,14,David Coulthard,9,Red Bull,21,2005,4,14,15.0,9.0,5.0,0.0,12.0,5.0,0.0,0,11
75,14,David Coulthard,9,Red Bull,4,2005,5,9,9.0,9.0,7.0,0.0,13.0,6.0,0.0,0,8
76,14,David Coulthard,9,Red Bull,6,2005,6,7,7.0,10.0,9.0,0.0,14.0,6.0,0.0,0,17
77,14,David Coulthard,9,Red Bull,20,2005,7,12,12.0,10.0,10.0,0.0,14.0,6.0,0.0,0,4
78,14,David Coulthard,9,Red Bull,7,2005,8,12,12.0,15.0,11.0,0.0,19.0,6.0,0.0,0,7
79,14,David Coulthard,9,Red Bull,19,2005,9,16,16.0,17.0,10.0,0.0,22.0,6.0,0.0,0,20
80,14,David Coulthard,9,Red Bull,8,2005,10,15,15.0,17.0,10.0,0.0,22.0,6.0,0.0,0,10
81,14,David Coulthard,9,Red Bull,9,2005,11,13,13.0,17.0,10.0,0.0,22.0,6.0,0.0,0,13
82,14,David Coulthard,9,Red Bull,10,2005,12,11,11.0,17.0,11.0,0.0,22.0,6.0,0.0,0,7
83,14,David Coulthard,9,Red Bull,11,2005,13,13,13.0,19.0,11.0,0.0,24.0,6.0,0.0,0,19
84,14,David Coulthard,9,Red Bull,5,2005,14,12,12.0,19.0,12.0,0.0,24.0,6.0,0.0,0,7
85,14,David Coulthard,9,Red Bull,14,2005,15,10,11.0,21.0,12.0,0.0,27.0,6.0,0.0,0,15
86,14,David Coulthard,9,Red Bull,13,2005,16,11,12.0,21.0,12.0,0.0,27.0,6.0,0.0,0,17
87,14,David Coulthard,9,Red Bull,18,2005,17,14,16.0,21.0,12.0,0.0,27.0,7.0,0.0,0,20
88,14,David Coulthard,9,Red Bull,22,2005,18,6,6.0,21.0,12.0,0.0,27.0,7.0,0.0,0,6
89,14,David Coulthard,9,Red Bull,17,2005,19,7,7.0,24.0,12.0,0.0,30.0,7.0,0.0,0,9
53,14,David Coulthard,9,Red Bull,3,2006,1,13,13.0,0.0,99.0,0.0,0.0,99.0,0.0,0,10
54,14,David Coulthard,9,Red Bull,2,2006,2,19,11.0,0.0,10.0,0.0,1.0,6.0,0.0,0,20
55,14,David Coulthard,9,Red Bull,1,2006,3,11,12.0,0.0,15.0,0.0,1.0,8.0,0.0,0,8
56,14,David Coulthard,9,Red Bull,21,2006,4,14,14.0,1.0,14.0,0.0,2.0,8.0,0.0,0,17
57,14,David Coulthard,9,Red Bull,20,2006,5,12,14.0,1.0,14.0,0.0,2.0,8.0,0.0,0,21
58,14,David Coulthard,9,Red Bull,4,2006,6,21,22.0,1.0,14.0,0.0,2.0,8.0,0.0,0,14
59,14,David Coulthard,9,Red Bull,6,2006,7,7,7.0,1.0,14.0,0.0,2.0,8.0,0.0,1,3
60,14,David Coulthard,9,Red Bull,9,2006,8,11,11.0,7.0,11.0,0.0,8.0,8.0,0.0,0,12
61,14,David Coulthard,9,Red Bull,7,2006,9,22,16.0,7.0,11.0,0.0,8.0,8.0,0.0,0,8
62,14,David Coulthard,9,Red Bull,19,2006,10,17,17.0,8.0,11.0,0.0,9.0,8.0,0.0,0,7
63,14,David Coulthard,9,Red Bull,8,2006,11,9,10.0,10.0,10.0,0.0,11.0,7.0,0.0,0,9
64,14,David Coulthard,9,Red Bull,10,2006,12,10,10.0,10.0,11.0,0.0,11.0,7.0,0.0,0,11
65,14,David Coulthard,9,Red Bull,11,2006,13,12,13.0,10.0,11.0,0.0,12.0,7.0,0.0,0,5
66,14,David Coulthard,9,Red Bull,5,2006,14,16,17.0,14.0,11.0,0.0,16.0,7.0,0.0,0,15
67,14,David Coulthard,9,Red Bull,14,2006,15,14,14.0,14.0,12.0,0.0,16.0,7.0,0.0,0,12
68,14,David Coulthard,9,Red Bull,17,2006,16,12,12.0,14.0,12.0,0.0,16.0,7.0,0.0,0,9
69,14,David Coulthard,9,Red Bull,22,2006,17,17,17.0,14.0,12.0,0.0,16.0,7.0,0.0,0,21
70,14,David Coulthard,9,Red Bull,18,2006,18,18,19.0,14.0,13.0,0.0,16.0,7.0,0.0,0,18
36,14,David Coulthard,9,Red Bull,1,2007,1,18,19.0,0.0,99.0,0.0,0.0,99.0,0.0,0,19
37,14,David Coulthard,9,Red Bull,2,2007,2,13,13.0,0.0,99.0,0.0,0.0,8.0,0.0,0,20
38,14,David Coulthard,9,Red Bull,3,2007,3,21,21.0,0.0,99.0,0.0,0.0,6.0,0.0,0,18
39,14,David Coulthard,9,Red Bull,4,2007,4,9,9.0,0.0,99.0,0.0,0.0,6.0,0.0,0,5
40,14,David Coulthard,9,Red Bull,6,2007,5,13,13.0,4.0,9.0,0.0,4.0,6.0,0.0,0,14
41,14,David Coulthard,9,Red Bull,7,2007,6,14,14.0,4.0,9.0,0.0,4.0,6.0,0.0,0,16
42,14,David Coulthard,9,Red Bull,19,2007,7,11,11.0,4.0,11.0,0.0,4.0,6.0,0.0,0,20
43,14,David Coulthard,9,Red Bull,8,2007,8,16,16.0,4.0,12.0,0.0,6.0,6.0,0.0,0,13
44,14,David Coulthard,9,Red Bull,9,2007,9,12,12.0,4.0,12.0,0.0,6.0,6.0,0.0,0,11
45,14,David Coulthard,9,Red Bull,20,2007,10,20,20.0,4.0,12.0,0.0,6.0,6.0,0.0,0,5
46,14,David Coulthard,9,Red Bull,11,2007,11,10,11.0,8.0,11.0,0.0,16.0,5.0,0.0,0,11
47,14,David Coulthard,9,Red Bull,5,2007,12,13,13.0,8.0,11.0,0.0,16.0,5.0,0.0,0,10
48,14,David Coulthard,9,Red Bull,14,2007,13,20,20.0,8.0,12.0,0.0,16.0,5.0,0.0,0,22
49,14,David Coulthard,9,Red Bull,13,2007,14,11,11.0,8.0,12.0,0.0,16.0,5.0,0.0,0,20
50,14,David Coulthard,9,Red Bull,16,2007,15,12,12.0,8.0,12.0,0.0,18.0,5.0,0.0,0,4
51,14,David Coulthard,9,Red Bull,17,2007,16,5,5.0,13.0,11.0,0.0,23.0,5.0,0.0,0,8
52,14,David Coulthard,9,Red Bull,18,2007,17,9,9.0,14.0,10.0,0.0,24.0,5.0,0.0,0,9
18,14,David Coulthard,9,Red Bull,1,2008,1,8,8.0,0.0,99.0,0.0,0.0,99.0,0.0,0,14
19,14,David Coulthard,9,Red Bull,2,2008,2,12,12.0,0.0,99.0,0.0,0.0,99.0,0.0,0,9
20,14,David Coulthard,9,Red Bull,3,2008,3,17,17.0,0.0,12.0,0.0,2.0,7.0,0.0,0,18
21,14,David Coulthard,9,Red Bull,4,2008,4,17,17.0,0.0,13.0,0.0,4.0,7.0,0.0,0,12
22,14,David Coulthard,9,Red Bull,5,2008,5,10,10.0,0.0,15.0,0.0,8.0,6.0,0.0,0,9
23,14,David Coulthard,9,Red Bull,6,2008,6,15,10.0,0.0,14.0,0.0,10.0,5.0,0.0,0,19
24,14,David Coulthard,9,Red Bull,7,2008,7,13,13.0,0.0,16.0,0.0,15.0,5.0,0.0,1,3
25,14,David Coulthard,9,Red Bull,8,2008,8,7,9.0,6.0,12.0,0.0,21.0,4.0,0.0,0,9
26,14,David Coulthard,9,Red Bull,9,2008,9,11,11.0,6.0,12.0,0.0,24.0,4.0,0.0,0,20
27,14,David Coulthard,9,Red Bull,10,2008,10,10,10.0,6.0,13.0,0.0,24.0,5.0,0.0,0,13
28,14,David Coulthard,9,Red Bull,11,2008,11,13,13.0,6.0,14.0,0.0,24.0,5.0,0.0,0,11
29,14,David Coulthard,9,Red Bull,12,2008,12,17,17.0,6.0,15.0,0.0,24.0,6.0,0.0,0,17
30,14,David Coulthard,9,Red Bull,13,2008,13,14,14.0,6.0,16.0,0.0,24.0,6.0,0.0,0,11
31,14,David Coulthard,9,Red Bull,14,2008,14,13,13.0,6.0,16.0,0.0,25.0,6.0,0.0,0,16
32,14,David Coulthard,9,Red Bull,15,2008,15,14,14.0,6.0,16.0,0.0,26.0,7.0,0.0,0,7
33,14,David Coulthard,9,Red Bull,16,2008,16,11,11.0,8.0,16.0,0.0,28.0,7.0,0.0,0,20
34,14,David Coulthard,9,Red Bull,17,2008,17,15,16.0,8.0,16.0,0.0,29.0,7.0,0.0,0,10
35,14,David Coulthard,9,Red Bull,18,2008,18,14,14.0,8.0,16.0,0.0,29.0,7.0,0.0,0,20
207,15,Jarno Trulli,18,Minardi,1,1997,1,17,17.0,0.0,99.0,0.0,0.0,99.0,0.0,0,9
208,15,Jarno Trulli,18,Minardi,18,1997,2,17,17.0,0.0,9.0,0.0,0.0,7.0,0.0,0,12
209,15,Jarno Trulli,18,Minardi,25,1997,3,18,18.0,0.0,13.0,0.0,0.0,8.0,0.0,0,9
210,15,Jarno Trulli,18,Minardi,21,1997,4,20,20.0,0.0,16.0,0.0,0.0,9.0,0.0,0,22
211,15,Jarno Trulli,18,Minardi,6,1997,5,18,18.0,0.0,16.0,0.0,0.0,9.0,0.0,0,18
212,15,Jarno Trulli,18,Minardi,4,1997,6,18,18.0,0.0,19.0,0.0,0.0,10.0,0.0,0,15
213,15,Jarno Trulli,18,Minardi,7,1997,7,20,20.0,0.0,19.0,0.0,0.0,10.0,0.0,0,16
214,15,Jarno Trulli,20,Prost,8,1997,8,6,6.0,0.0,20.0,0.0,16.0,5.0,0.0,0,10
215,15,Jarno Trulli,20,Prost,9,1997,9,13,13.0,0.0,20.0,0.0,16.0,5.0,0.0,0,8
216,15,Jarno Trulli,20,Prost,10,1997,10,11,11.0,0.0,20.0,0.0,16.0,5.0,0.0,0,4
191,15,Jarno Trulli,20,Prost,1,1998,1,15,15.0,0.0,99.0,0.0,0.0,99.0,0.0,0,12
192,15,Jarno Trulli,20,Prost,18,1998,2,12,12.0,0.0,99.0,0.0,0.0,7.0,0.0,0,20
193,15,Jarno Trulli,20,Prost,25,1998,3,16,16.0,0.0,99.0,0.0,0.0,7.0,0.0,0,11
199,15,Jarno Trulli,20,Prost,9,1998,9,14,14.0,0.0,21.0,0.0,0.0,11.0,0.0,0,16
200,15,Jarno Trulli,20,Prost,70,1998,10,16,16.0,0.0,22.0,0.0,0.0,11.0,0.0,0,10
201,15,Jarno Trulli,20,Prost,10,1998,11,14,14.0,0.0,20.0,0.0,0.0,11.0,0.0,0,12
203,15,Jarno Trulli,20,Prost,13,1998,13,13,13.0,0.0,20.0,0.0,0.0,11.0,0.0,0,6
175,15,Jarno Trulli,20,Prost,1,1999,1,12,12.0,0.0,99.0,0.0,0.0,99.0,0.0,0,14
176,15,Jarno Trulli,20,Prost,18,1999,2,13,13.0,0.0,99.0,0.0,0.0,99.0,0.0,0,19
177,15,Jarno Trulli,20,Prost,21,1999,3,5,14.0,0.0,99.0,0.0,1.0,8.0,0.0,0,22
158,15,Jarno Trulli,17,Jordan,1,2000,1,6,6.0,0.0,99.0,0.0,0.0,99.0,0.0,0,15
160,15,Jarno Trulli,17,Jordan,21,2000,3,8,8.0,3.0,6.0,0.0,7.0,3.0,0.0,0,15
161,15,Jarno Trulli,17,Jordan,9,2000,4,11,11.0,3.0,9.0,0.0,7.0,4.0,0.0,0,6
173,15,Jarno Trulli,17,Jordan,22,2000,16,15,15.0,6.0,10.0,0.0,17.0,5.0,0.0,0,13
156,15,Jarno Trulli,17,Jordan,19,2001,16,8,8.0,9.0,10.0,0.0,16.0,6.0,0.0,0,4
125,15,Jarno Trulli,4,Renault,2,2002,2,12,12.0,0.0,99.0,0.0,0.0,99.0,0.0,0,22
140,15,Jarno Trulli,4,Renault,22,2002,17,11,11.0,9.0,8.0,0.0,22.0,4.0,0.0,0,14
108,15,Jarno Trulli,4,Renault,1,2003,1,12,12.0,0.0,99.0,0.0,0.0,99.0,0.0,0,5
109,15,Jarno Trulli,4,Renault,2,2003,2,2,2.0,4.0,5.0,0.0,6.0,3.0,0.0,0,5
110,15,Jarno Trulli,4,Renault,18,2003,3,5,5.0,8.0,7.0,0.0,16.0,3.0,0.0,0,8
111,15,Jarno Trulli,4,Renault,21,2003,4,16,16.0,9.0,5.0,0.0,23.0,2.0,0.0,0,13
112,15,Jarno Trulli,4,Renault,4,2003,5,4,4.0,9.0,9.0,0.0,26.0,3.0,0.0,0,18
113,15,Jarno Trulli,4,Renault,70,2003,6,6,6.0,9.0,9.0,0.0,34.0,3.0,0.0,0,8
114,15,Jarno Trulli,4,Renault,6,2003,7,4,4.0,10.0,9.0,0.0,35.0,3.0,0.0,0,6
115,15,Jarno Trulli,4,Renault,7,2003,8,8,8.0,13.0,8.0,0.0,42.0,4.0,0.0,0,16
116,15,Jarno Trulli,4,Renault,20,2003,9,6,6.0,13.0,8.0,0.0,47.0,4.0,0.0,0,18
117,15,Jarno Trulli,4,Renault,8,2003,10,6,6.0,13.0,8.0,0.0,52.0,4.0,0.0,0,17
118,15,Jarno Trulli,4,Renault,9,2003,11,2,2.0,13.0,8.0,0.0,52.0,4.0,0.0,0,6
119,15,Jarno Trulli,4,Renault,10,2003,12,4,4.0,16.0,8.0,0.0,55.0,4.0,0.0,1,3
120,15,Jarno Trulli,4,Renault,11,2003,13,6,6.0,22.0,8.0,0.0,66.0,4.0,0.0,0,7
121,15,Jarno Trulli,4,Renault,14,2003,14,6,6.0,24.0,8.0,0.0,78.0,4.0,1.0,0,20
122,15,Jarno Trulli,4,Renault,19,2003,15,10,10.0,24.0,8.0,0.0,79.0,4.0,1.0,0,4
123,15,Jarno Trulli,4,Renault,22,2003,16,20,20.0,29.0,8.0,0.0,84.0,4.0,1.0,0,5
90,15,Jarno Trulli,4,Renault,1,2004,1,9,9.0,0.0,99.0,0.0,0.0,99.0,0.0,0,7
91,15,Jarno Trulli,4,Renault,2,2004,2,8,8.0,2.0,7.0,0.0,8.0,3.0,0.0,0,5
92,15,Jarno Trulli,4,Renault,3,2004,3,7,7.0,6.0,6.0,0.0,14.0,3.0,0.0,0,4
93,15,Jarno Trulli,4,Renault,21,2004,4,9,9.0,11.0,6.0,0.0,22.0,2.0,0.0,0,5
94,15,Jarno Trulli,4,Renault,4,2004,5,4,4.0,15.0,6.0,0.0,31.0,2.0,0.0,1,3
95,15,Jarno Trulli,4,Renault,6,2004,6,1,1.0,21.0,5.0,0.0,42.0,2.0,0.0,1,1
96,15,Jarno Trulli,4,Renault,20,2004,7,3,3.0,31.0,4.0,1.0,52.0,2.0,1.0,0,4
97,15,Jarno Trulli,4,Renault,7,2004,8,3,3.0,36.0,4.0,1.0,61.0,2.0,1.0,0,16
98,15,Jarno Trulli,4,Renault,19,2004,9,20,20.0,36.0,4.0,1.0,61.0,2.0,1.0,0,4
99,15,Jarno Trulli,4,Renault,8,2004,10,5,5.0,41.0,4.0,1.0,66.0,2.0,1.0,0,4
100,15,Jarno Trulli,4,Renault,9,2004,11,5,5.0,46.0,4.0,1.0,79.0,2.0,1.0,0,18
101,15,Jarno Trulli,4,Renault,10,2004,12,6,7.0,46.0,4.0,1.0,79.0,2.0,1.0,0,11
102,15,Jarno Trulli,4,Renault,11,2004,13,9,9.0,46.0,4.0,1.0,85.0,2.0,1.0,0,17
103,15,Jarno Trulli,4,Renault,13,2004,14,1,1.0,46.0,4.0,1.0,91.0,2.0,1.0,0,9
104,15,Jarno Trulli,4,Renault,14,2004,15,9,9.0,46.0,4.0,1.0,91.0,2.0,1.0,0,10
106,15,Jarno Trulli,7,Toyota,22,2004,17,6,6.0,46.0,4.0,1.0,9.0,8.0,0.0,0,11
107,15,Jarno Trulli,7,Toyota,18,2004,18,9,10.0,46.0,6.0,1.0,9.0,8.0,0.0,0,12
71,15,Jarno Trulli,7,Toyota,1,2005,1,2,2.0,0.0,99.0,0.0,0.0,99.0,0.0,0,9
72,15,Jarno Trulli,7,Toyota,2,2005,2,2,2.0,0.0,9.0,0.0,0.0,6.0,0.0,1,2
73,15,Jarno Trulli,7,Toyota,3,2005,3,3,3.0,8.0,3.0,0.0,12.0,2.0,0.0,1,2
74,15,Jarno Trulli,7,Toyota,21,2005,4,5,5.0,16.0,2.0,0.0,25.0,2.0,0.0,0,5
75,15,Jarno Trulli,7,Toyota,4,2005,5,5,5.0,20.0,2.0,0.0,29.0,2.0,0.0,1,3
76,15,Jarno Trulli,7,Toyota,6,2005,6,5,5.0,26.0,2.0,0.0,40.0,2.0,0.0,0,10
77,15,Jarno Trulli,7,Toyota,20,2005,7,4,4.0,26.0,3.0,0.0,43.0,3.0,0.0,0,8
78,15,Jarno Trulli,7,Toyota,7,2005,8,9,9.0,27.0,3.0,0.0,44.0,3.0,0.0,0,12
79,15,Jarno Trulli,7,Toyota,19,2005,9,1,1.0,27.0,3.0,0.0,47.0,4.0,0.0,0,7
80,15,Jarno Trulli,7,Toyota,8,2005,10,2,2.0,27.0,5.0,0.0,47.0,5.0,0.0,0,5
81,15,Jarno Trulli,7,Toyota,9,2005,11,4,5.0,31.0,4.0,0.0,53.0,4.0,0.0,0,9
82,15,Jarno Trulli,7,Toyota,10,2005,12,9,9.0,31.0,5.0,0.0,54.0,4.0,0.0,0,14
83,15,Jarno Trulli,7,Toyota,11,2005,13,3,3.0,31.0,6.0,0.0,57.0,4.0,0.0,0,4
84,15,Jarno Trulli,7,Toyota,5,2005,14,5,5.0,36.0,4.0,0.0,68.0,4.0,0.0,0,6
85,15,Jarno Trulli,7,Toyota,14,2005,15,5,6.0,39.0,5.0,0.0,71.0,4.0,0.0,0,5
86,15,Jarno Trulli,7,Toyota,13,2005,16,3,4.0,43.0,5.0,0.0,78.0,4.0,0.0,0,16
87,15,Jarno Trulli,7,Toyota,18,2005,17,17,8.0,43.0,5.0,0.0,80.0,4.0,0.0,0,13
88,15,Jarno Trulli,7,Toyota,22,2005,18,19,19.0,43.0,6.0,0.0,81.0,4.0,0.0,0,18
89,15,Jarno Trulli,7,Toyota,17,2005,19,12,12.0,43.0,6.0,0.0,82.0,4.0,0.0,0,15
53,15,Jarno Trulli,7,Toyota,3,2006,1,14,14.0,0.0,99.0,0.0,0.0,99.0,0.0,0,16
54,15,Jarno Trulli,7,Toyota,2,2006,2,9,13.0,0.0,16.0,0.0,0.0,9.0,0.0,0,9
55,15,Jarno Trulli,7,Toyota,1,2006,3,9,10.0,0.0,13.0,0.0,1.0,7.0,0.0,0,20
56,15,Jarno Trulli,7,Toyota,21,2006,4,9,9.0,0.0,17.0,0.0,7.0,6.0,0.0,0,21
57,15,Jarno Trulli,7,Toyota,20,2006,5,7,7.0,0.0,17.0,0.0,7.0,7.0,0.0,0,9
58,15,Jarno Trulli,7,Toyota,4,2006,6,7,7.0,0.0,16.0,0.0,7.0,7.0,0.0,0,10
59,15,Jarno Trulli,7,Toyota,6,2006,7,6,6.0,0.0,16.0,0.0,7.0,7.0,0.0,0,17
60,15,Jarno Trulli,7,Toyota,9,2006,8,22,22.0,0.0,16.0,0.0,8.0,7.0,0.0,0,11
61,15,Jarno Trulli,7,Toyota,7,2006,9,4,4.0,0.0,16.0,0.0,8.0,7.0,0.0,0,6
62,15,Jarno Trulli,7,Toyota,19,2006,10,22,20.0,3.0,15.0,0.0,11.0,6.0,0.0,0,4
63,15,Jarno Trulli,7,Toyota,8,2006,11,4,4.0,8.0,12.0,0.0,16.0,6.0,0.0,0,19
64,15,Jarno Trulli,7,Toyota,10,2006,12,20,13.0,8.0,12.0,0.0,21.0,5.0,0.0,0,7
65,15,Jarno Trulli,7,Toyota,11,2006,13,8,9.0,10.0,12.0,0.0,23.0,5.0,0.0,0,12
66,15,Jarno Trulli,7,Toyota,5,2006,14,12,13.0,10.0,13.0,0.0,26.0,5.0,0.0,0,9
67,15,Jarno Trulli,7,Toyota,14,2006,15,11,11.0,10.0,13.0,0.0,28.0,5.0,0.0,0,7
68,15,Jarno Trulli,7,Toyota,17,2006,16,17,17.0,12.0,13.0,0.0,30.0,6.0,0.0,0,19
69,15,Jarno Trulli,7,Toyota,22,2006,17,4,4.0,12.0,13.0,0.0,30.0,6.0,0.0,0,6
70,15,Jarno Trulli,7,Toyota,18,2006,18,3,3.0,15.0,12.0,0.0,35.0,6.0,0.0,0,19
36,15,Jarno Trulli,7,Toyota,1,2007,1,8,8.0,0.0,99.0,0.0,0.0,99.0,0.0,0,9
37,15,Jarno Trulli,7,Toyota,2,2007,2,8,8.0,0.0,9.0,0.0,1.0,5.0,0.0,0,7
38,15,Jarno Trulli,7,Toyota,3,2007,3,9,9.0,2.0,7.0,0.0,3.0,4.0,0.0,0,7
39,15,Jarno Trulli,7,Toyota,4,2007,4,6,6.0,4.0,7.0,0.0,5.0,4.0,0.0,0,20
40,15,Jarno Trulli,7,Toyota,6,2007,5,14,14.0,4.0,10.0,0.0,5.0,5.0,0.0,0,15
41,15,Jarno Trulli,7,Toyota,7,2007,6,10,10.0,4.0,10.0,0.0,5.0,5.0,0.0,0,13
42,15,Jarno Trulli,7,Toyota,19,2007,7,8,8.0,4.0,13.0,0.0,6.0,5.0,0.0,0,6
43,15,Jarno Trulli,7,Toyota,8,2007,8,8,8.0,7.0,10.0,0.0,9.0,5.0,0.0,0,21
44,15,Jarno Trulli,7,Toyota,9,2007,9,10,10.0,7.0,10.0,0.0,9.0,5.0,0.0,0,17
45,15,Jarno Trulli,7,Toyota,20,2007,10,8,8.0,7.0,10.0,0.0,9.0,5.0,0.0,0,13
46,15,Jarno Trulli,7,Toyota,11,2007,11,8,9.0,7.0,12.0,0.0,9.0,6.0,0.0,0,10
47,15,Jarno Trulli,7,Toyota,5,2007,12,9,9.0,7.0,13.0,0.0,12.0,6.0,0.0,0,16
48,15,Jarno Trulli,7,Toyota,14,2007,13,9,9.0,7.0,13.0,0.0,12.0,6.0,0.0,0,11
49,15,Jarno Trulli,7,Toyota,13,2007,14,8,8.0,7.0,13.0,0.0,12.0,6.0,0.0,0,11
50,15,Jarno Trulli,7,Toyota,16,2007,15,13,13.0,7.0,13.0,0.0,12.0,6.0,0.0,0,13
51,15,Jarno Trulli,7,Toyota,17,2007,16,12,12.0,7.0,13.0,0.0,12.0,6.0,0.0,0,13
52,15,Jarno Trulli,7,Toyota,18,2007,17,8,8.0,7.0,13.0,0.0,12.0,6.0,0.0,0,8
18,15,Jarno Trulli,7,Toyota,1,2008,1,6,6.0,0.0,99.0,0.0,0.0,99.0,0.0,0,15
19,15,Jarno Trulli,7,Toyota,2,2008,2,3,5.0,0.0,99.0,0.0,0.0,99.0,0.0,0,4
20,15,Jarno Trulli,7,Toyota,3,2008,3,7,7.0,5.0,8.0,0.0,5.0,6.0,0.0,0,6
21,15,Jarno Trulli,7,Toyota,4,2008,4,8,8.0,8.0,7.0,0.0,8.0,5.0,0.0,0,8
22,15,Jarno Trulli,7,Toyota,5,2008,5,8,8.0,9.0,7.0,0.0,9.0,5.0,0.0,0,10
23,15,Jarno Trulli,7,Toyota,6,2008,6,8,8.0,9.0,9.0,0.0,9.0,6.0,0.0,0,13
24,15,Jarno Trulli,7,Toyota,7,2008,7,14,14.0,9.0,9.0,0.0,9.0,6.0,0.0,0,6
25,15,Jarno Trulli,7,Toyota,8,2008,8,4,5.0,12.0,8.0,0.0,17.0,5.0,0.0,1,3
26,15,Jarno Trulli,7,Toyota,9,2008,9,14,14.0,18.0,7.0,0.0,23.0,5.0,0.0,0,7
27,15,Jarno Trulli,7,Toyota,10,2008,10,4,4.0,20.0,7.0,0.0,25.0,4.0,0.0,0,9
28,15,Jarno Trulli,7,Toyota,11,2008,11,9,9.0,20.0,7.0,0.0,25.0,4.0,0.0,0,7
29,15,Jarno Trulli,7,Toyota,12,2008,12,7,7.0,22.0,7.0,0.0,35.0,4.0,0.0,0,5
30,15,Jarno Trulli,7,Toyota,13,2008,13,11,11.0,26.0,7.0,0.0,41.0,4.0,0.0,0,16
31,15,Jarno Trulli,7,Toyota,14,2008,14,7,7.0,26.0,7.0,0.0,41.0,4.0,0.0,0,13
32,15,Jarno Trulli,7,Toyota,15,2008,15,11,11.0,26.0,8.0,0.0,41.0,4.0,0.0,0,16
33,15,Jarno Trulli,7,Toyota,16,2008,16,7,7.0,26.0,9.0,0.0,46.0,5.0,0.0,0,5
34,15,Jarno Trulli,7,Toyota,17,2008,17,7,9.0,30.0,9.0,0.0,50.0,5.0,0.0,0,20
35,15,Jarno Trulli,7,Toyota,18,2008,18,2,2.0,30.0,9.0,0.0,52.0,5.0,0.0,0,8
1,15,Jarno Trulli,7,Toyota,1,2009,1,20,8.0,0.0,99.0,0.0,0.0,99.0,0.0,1,3
2,15,Jarno Trulli,7,Toyota,2,2009,2,2,2.0,6.0,3.0,0.0,11.0,2.0,0.0,0,4
3,15,Jarno Trulli,7,Toyota,17,2009,3,6,6.0,8.5,3.0,0.0,16.5,2.0,0.0,0,20
4,15,Jarno Trulli,7,Toyota,3,2009,4,1,1.0,8.5,6.0,0.0,18.5,3.0,0.0,1,3
5,15,Jarno Trulli,7,Toyota,4,2009,5,7,7.0,14.5,4.0,0.0,26.5,3.0,0.0,0,17
6,15,Jarno Trulli,7,Toyota,6,2009,6,18,19.0,14.5,5.0,0.0,26.5,3.0,0.0,0,13
7,15,Jarno Trulli,7,Toyota,5,2009,7,5,5.0,14.5,5.0,0.0,26.5,3.0,0.0,0,4
8,15,Jarno Trulli,7,Toyota,9,2009,8,4,4.0,19.5,5.0,0.0,32.5,3.0,0.0,0,7
9,15,Jarno Trulli,7,Toyota,20,2009,9,14,14.0,21.5,5.0,0.0,34.5,3.0,0.0,0,17
10,15,Jarno Trulli,7,Toyota,11,2009,10,11,12.0,21.5,6.0,0.0,34.5,3.0,0.0,0,8
11,15,Jarno Trulli,7,Toyota,12,2009,11,18,18.0,22.5,6.0,0.0,38.5,4.0,0.0,0,13
12,15,Jarno Trulli,7,Toyota,13,2009,12,2,2.0,22.5,8.0,0.0,38.5,5.0,0.0,0,16
13,15,Jarno Trulli,7,Toyota,14,2009,13,11,11.0,22.5,8.0,0.0,38.5,5.0,0.0,0,14
14,15,Jarno Trulli,7,Toyota,15,2009,14,14,15.0,22.5,8.0,0.0,38.5,5.0,0.0,0,12
15,15,Jarno Trulli,7,Toyota,22,2009,15,2,2.0,22.5,10.0,0.0,46.5,5.0,0.0,1,2
16,15,Jarno Trulli,7,Toyota,18,2009,16,4,4.0,30.5,8.0,0.0,54.5,5.0,0.0,0,19
17,15,Jarno Trulli,7,Toyota,24,2009,17,6,6.0,30.5,8.0,0.0,54.5,5.0,0.0,0,7
337,15,Jarno Trulli,205,Lotus,3,2010,1,20,20.0,0.0,99.0,0.0,0.0,99.0,0.0,0,17
338,15,Jarno Trulli,205,Lotus,1,2010,2,20,20.0,0.0,17.0,0.0,0.0,9.0,0.0,0,24
339,15,Jarno Trulli,205,Lotus,2,2010,3,18,18.0,0.0,19.0,0.0,0.0,10.0,0.0,0,17
340,15,Jarno Trulli,205,Lotus,17,2010,4,20,20.0,0.0,21.0,0.0,0.0,10.0,0.0,0,18
341,15,Jarno Trulli,205,Lotus,4,2010,5,18,19.0,0.0,22.0,0.0,0.0,10.0,0.0,0,17
342,15,Jarno Trulli,205,Lotus,6,2010,6,19,19.0,0.0,23.0,0.0,0.0,10.0,0.0,0,15
343,15,Jarno Trulli,205,Lotus,5,2010,7,19,19.0,0.0,22.0,0.0,0.0,10.0,0.0,0,24
344,15,Jarno Trulli,205,Lotus,7,2010,8,20,20.0,0.0,22.0,0.0,0.0,10.0,0.0,0,21
345,15,Jarno Trulli,205,Lotus,12,2010,9,19,19.0,0.0,22.0,0.0,0.0,10.0,0.0,0,21
346,15,Jarno Trulli,205,Lotus,9,2010,10,21,21.0,0.0,22.0,0.0,0.0,10.0,0.0,0,16
347,15,Jarno Trulli,205,Lotus,10,2010,11,17,18.0,0.0,22.0,0.0,0.0,10.0,0.0,0,23
348,15,Jarno Trulli,205,Lotus,11,2010,12,20,21.0,0.0,22.0,0.0,0.0,10.0,0.0,0,15
349,15,Jarno Trulli,205,Lotus,13,2010,13,15,18.0,0.0,22.0,0.0,0.0,10.0,0.0,0,19
350,15,Jarno Trulli,205,Lotus,14,2010,14,17,18.0,0.0,22.0,0.0,0.0,10.0,0.0,0,21
351,15,Jarno Trulli,205,Lotus,15,2010,15,21,21.0,0.0,22.0,0.0,0.0,10.0,0.0,0,23
352,15,Jarno Trulli,205,Lotus,22,2010,16,19,19.0,0.0,22.0,0.0,0.0,10.0,0.0,0,13
353,15,Jarno Trulli,205,Lotus,35,2010,17,18,19.0,0.0,21.0,0.0,0.0,10.0,0.0,0,22
354,15,Jarno Trulli,205,Lotus,18,2010,18,18,20.0,0.0,21.0,0.0,0.0,10.0,0.0,0,19
355,15,Jarno Trulli,205,Lotus,24,2010,19,19,19.0,0.0,21.0,0.0,0.0,10.0,0.0,0,21
841,15,Jarno Trulli,205,Lotus,1,2011,1,20,20.0,0.0,99.0,0.0,0.0,99.0,0.0,0,13
842,15,Jarno Trulli,205,Lotus,2,2011,2,20,20.0,0.0,13.0,0.0,0.0,7.0,0.0,0,20
843,15,Jarno Trulli,205,Lotus,17,2011,3,20,20.0,0.0,16.0,0.0,0.0,9.0,0.0,0,19
844,15,Jarno Trulli,205,Lotus,5,2011,4,19,19.0,0.0,16.0,0.0,0.0,9.0,0.0,0,18
845,15,Jarno Trulli,205,Lotus,4,2011,5,18,18.0,0.0,17.0,0.0,0.0,9.0,0.0,0,18
846,15,Jarno Trulli,205,Lotus,6,2011,6,18,19.0,0.0,18.0,0.0,0.0,10.0,0.0,0,13
847,15,Jarno Trulli,205,Lotus,7,2011,7,18,19.0,0.0,18.0,0.0,0.0,10.0,0.0,0,17
848,15,Jarno Trulli,205,Lotus,12,2011,8,20,20.0,0.0,19.0,0.0,0.0,10.0,0.0,0,20
849,15,Jarno Trulli,205,Lotus,9,2011,9,21,21.0,0.0,19.0,0.0,0.0,10.0,0.0,0,23
851,15,Jarno Trulli,205,Lotus,11,2011,11,19,20.0,0.0,19.0,0.0,0.0,10.0,0.0,0,24
852,15,Jarno Trulli,205,Lotus,13,2011,12,18,19.0,0.0,19.0,0.0,0.0,10.0,0.0,0,14
853,15,Jarno Trulli,205,Lotus,14,2011,13,19,19.0,0.0,20.0,0.0,0.0,10.0,0.0,0,14
854,15,Jarno Trulli,205,Lotus,15,2011,14,20,20.0,0.0,21.0,0.0,0.0,10.0,0.0,0,22
855,15,Jarno Trulli,205,Lotus,22,2011,15,19,19.0,0.0,21.0,0.0,0.0,10.0,0.0,0,19
856,15,Jarno Trulli,205,Lotus,35,2011,16,20,20.0,0.0,21.0,0.0,0.0,10.0,0.0,0,17
857,15,Jarno Trulli,205,Lotus,68,2011,17,19,20.0,0.0,21.0,0.0,0.0,10.0,0.0,0,19
858,15,Jarno Trulli,205,Lotus,24,2011,18,18,19.0,0.0,21.0,0.0,0.0,10.0,0.0,0,18
859,15,Jarno Trulli,205,Lotus,18,2011,19,20,20.0,0.0,21.0,0.0,0.0,10.0,0.0,0,18
36,16,Adrian Sutil,12,Spyker,1,2007,1,20,21.0,0.0,99.0,0.0,0.0,99.0,0.0,0,17
37,16,Adrian Sutil,12,Spyker,2,2007,2,21,22.0,0.0,17.0,0.0,0.0,10.0,0.0,0,22
38,16,Adrian Sutil,12,Spyker,3,2007,3,20,20.0,0.0,19.0,0.0,0.0,10.0,0.0,0,15
39,16,Adrian Sutil,12,Spyker,4,2007,4,20,20.0,0.0,20.0,0.0,0.0,10.0,0.0,0,13
40,16,Adrian Sutil,12,Spyker,6,2007,5,19,19.0,0.0,19.0,0.0,0.0,9.0,0.0,0,20
41,16,Adrian Sutil,12,Spyker,7,2007,6,20,20.0,0.0,20.0,0.0,0.0,10.0,0.0,0,18
42,16,Adrian Sutil,12,Spyker,19,2007,7,21,21.0,0.0,20.0,0.0,0.0,10.0,0.0,0,14
43,16,Adrian Sutil,12,Spyker,8,2007,8,21,21.0,0.0,21.0,0.0,0.0,10.0,0.0,0,17
44,16,Adrian Sutil,12,Spyker,9,2007,9,20,20.0,0.0,21.0,0.0,0.0,10.0,0.0,0,21
45,16,Adrian Sutil,12,Spyker,20,2007,10,21,21.0,0.0,21.0,0.0,0.0,10.0,0.0,0,19
46,16,Adrian Sutil,12,Spyker,11,2007,11,21,21.0,0.0,21.0,0.0,0.0,10.0,0.0,0,17
47,16,Adrian Sutil,12,Spyker,5,2007,12,19,19.0,0.0,21.0,0.0,0.0,10.0,0.0,0,21
48,16,Adrian Sutil,12,Spyker,14,2007,13,21,21.0,0.0,21.0,0.0,0.0,10.0,0.0,0,19
49,16,Adrian Sutil,12,Spyker,13,2007,14,19,19.0,0.0,21.0,0.0,0.0,10.0,0.0,0,14
50,16,Adrian Sutil,12,Spyker,16,2007,15,20,20.0,0.0,22.0,0.0,0.0,10.0,0.0,0,8
51,16,Adrian Sutil,12,Spyker,17,2007,16,21,21.0,1.0,17.0,0.0,1.0,9.0,0.0,0,21
52,16,Adrian Sutil,12,Spyker,18,2007,17,21,21.0,1.0,19.0,0.0,1.0,10.0,0.0,0,15
18,16,Adrian Sutil,10,Force India,1,2008,1,22,19.0,0.0,99.0,0.0,0.0,99.0,0.0,0,16
19,16,Adrian Sutil,10,Force India,2,2008,2,20,21.0,0.0,99.0,0.0,0.0,99.0,0.0,0,20
20,16,Adrian Sutil,10,Force India,3,2008,3,20,20.0,0.0,99.0,0.0,0.0,10.0,0.0,0,19
21,16,Adrian Sutil,10,Force India,4,2008,4,20,20.0,0.0,21.0,0.0,0.0,10.0,0.0,0,21
22,16,Adrian Sutil,10,Force India,5,2008,5,19,20.0,0.0,21.0,0.0,0.0,10.0,0.0,0,16
23,16,Adrian Sutil,10,Force India,6,2008,6,18,19.0,0.0,21.0,0.0,0.0,10.0,0.0,0,15
24,16,Adrian Sutil,10,Force India,7,2008,7,16,17.0,0.0,22.0,0.0,0.0,10.0,0.0,0,20
25,16,Adrian Sutil,10,Force India,8,2008,8,18,20.0,0.0,22.0,0.0,0.0,10.0,0.0,0,19
26,16,Adrian Sutil,10,Force India,9,2008,9,18,19.0,0.0,22.0,0.0,0.0,10.0,0.0,0,18
27,16,Adrian Sutil,10,Force India,10,2008,10,19,19.0,0.0,22.0,0.0,0.0,10.0,0.0,0,15
28,16,Adrian Sutil,10,Force India,11,2008,11,20,20.0,0.0,21.0,0.0,0.0,10.0,0.0,0,19
29,16,Adrian Sutil,10,Force India,12,2008,12,20,20.0,0.0,21.0,0.0,0.0,10.0,0.0,0,19
30,16,Adrian Sutil,10,Force India,13,2008,13,18,18.0,0.0,21.0,0.0,0.0,10.0,0.0,0,13
31,16,Adrian Sutil,10,Force India,14,2008,14,20,20.0,0.0,20.0,0.0,0.0,10.0,0.0,0,19
32,16,Adrian Sutil,10,Force India,15,2008,15,19,19.0,0.0,20.0,0.0,0.0,10.0,0.0,0,17
33,16,Adrian Sutil,10,Force India,16,2008,16,19,19.0,0.0,20.0,0.0,0.0,10.0,0.0,0,18
34,16,Adrian Sutil,10,Force India,17,2008,17,19,19.0,0.0,20.0,0.0,0.0,10.0,0.0,0,19
35,16,Adrian Sutil,10,Force India,18,2008,18,20,20.0,0.0,20.0,0.0,0.0,10.0,0.0,0,16
1,16,Adrian Sutil,10,Force India,1,2009,1,16,19.0,0.0,99.0,0.0,0.0,99.0,0.0,0,9
2,16,Adrian Sutil,10,Force India,2,2009,2,19,19.0,0.0,9.0,0.0,0.0,6.0,0.0,0,17
3,16,Adrian Sutil,10,Force India,17,2009,3,18,19.0,0.0,12.0,0.0,0.0,9.0,0.0,0,17
4,16,Adrian Sutil,10,Force India,3,2009,4,19,16.0,0.0,14.0,0.0,0.0,10.0,0.0,0,16
5,16,Adrian Sutil,10,Force India,4,2009,5,19,19.0,0.0,16.0,0.0,0.0,10.0,0.0,0,20
6,16,Adrian Sutil,10,Force India,6,2009,6,15,15.0,0.0,16.0,0.0,0.0,10.0,0.0,0,14
7,16,Adrian Sutil,10,Force India,5,2009,7,15,15.0,0.0,17.0,0.0,0.0,10.0,0.0,0,17
8,16,Adrian Sutil,10,Force India,9,2009,8,20,18.0,0.0,18.0,0.0,0.0,10.0,0.0,0,17
9,16,Adrian Sutil,10,Force India,20,2009,9,7,7.0,0.0,18.0,0.0,0.0,10.0,0.0,0,15
10,16,Adrian Sutil,10,Force India,11,2009,10,17,18.0,0.0,18.0,0.0,0.0,10.0,0.0,0,19
11,16,Adrian Sutil,10,Force India,12,2009,11,12,12.0,0.0,19.0,0.0,0.0,10.0,0.0,0,10
12,16,Adrian Sutil,10,Force India,13,2009,12,11,11.0,0.0,18.0,0.0,0.0,10.0,0.0,0,11
13,16,Adrian Sutil,10,Force India,14,2009,13,2,2.0,0.0,18.0,0.0,8.0,9.0,0.0,0,4
14,16,Adrian Sutil,10,Force India,15,2009,14,15,16.0,5.0,16.0,0.0,13.0,9.0,0.0,0,18
15,16,Adrian Sutil,10,Force India,22,2009,15,8,4.0,5.0,16.0,0.0,13.0,9.0,0.0,0,13
16,16,Adrian Sutil,10,Force India,18,2009,16,3,3.0,5.0,16.0,0.0,13.0,9.0,0.0,0,18
17,16,Adrian Sutil,10,Force India,24,2009,17,17,18.0,5.0,16.0,0.0,13.0,9.0,0.0,0,17
337,16,Adrian Sutil,10,Force India,3,2010,1,10,10.0,0.0,99.0,0.0,0.0,99.0,0.0,0,12
338,16,Adrian Sutil,10,Force India,1,2010,2,10,10.0,0.0,12.0,0.0,2.0,5.0,0.0,0,18
339,16,Adrian Sutil,10,Force India,2,2010,3,4,4.0,0.0,13.0,0.0,8.0,6.0,0.0,0,5
340,16,Adrian Sutil,10,Force India,17,2010,4,10,10.0,10.0,9.0,0.0,18.0,6.0,0.0,0,11
341,16,Adrian Sutil,10,Force India,4,2010,5,11,11.0,10.0,9.0,0.0,18.0,6.0,0.0,0,7
342,16,Adrian Sutil,10,Force India,6,2010,6,12,12.0,16.0,10.0,0.0,24.0,6.0,0.0,0,8
343,16,Adrian Sutil,10,Force India,5,2010,7,11,11.0,20.0,10.0,0.0,30.0,6.0,0.0,0,9
344,16,Adrian Sutil,10,Force India,7,2010,8,9,9.0,22.0,10.0,0.0,32.0,6.0,0.0,0,10
345,16,Adrian Sutil,10,Force India,12,2010,9,13,13.0,23.0,10.0,0.0,35.0,6.0,0.0,0,6
346,16,Adrian Sutil,10,Force India,9,2010,10,11,11.0,31.0,10.0,0.0,43.0,6.0,0.0,0,8
347,16,Adrian Sutil,10,Force India,10,2010,11,19,14.0,35.0,10.0,0.0,47.0,6.0,0.0,0,17
348,16,Adrian Sutil,10,Force India,11,2010,12,13,13.0,35.0,10.0,0.0,47.0,6.0,0.0,0,23
349,16,Adrian Sutil,10,Force India,13,2010,13,8,8.0,35.0,10.0,0.0,47.0,6.0,0.0,0,5
350,16,Adrian Sutil,10,Force India,14,2010,14,11,11.0,45.0,9.0,0.0,58.0,6.0,0.0,0,16
351,16,Adrian Sutil,10,Force India,15,2010,15,15,16.0,45.0,10.0,0.0,58.0,6.0,0.0,0,9
352,16,Adrian Sutil,10,Force India,22,2010,16,15,15.0,47.0,9.0,0.0,60.0,6.0,0.0,0,18
353,16,Adrian Sutil,10,Force India,35,2010,17,14,14.0,47.0,10.0,0.0,60.0,6.0,0.0,0,16
354,16,Adrian Sutil,10,Force India,18,2010,18,22,18.0,47.0,11.0,0.0,68.0,6.0,0.0,0,12
355,16,Adrian Sutil,10,Force India,24,2010,19,13,13.0,47.0,11.0,0.0,68.0,7.0,0.0,0,13
841,16,Adrian Sutil,10,Force India,1,2011,1,16,16.0,0.0,99.0,0.0,0.0,99.0,0.0,0,9
842,16,Adrian Sutil,10,Force India,2,2011,2,17,17.0,2.0,9.0,0.0,3.0,6.0,0.0,0,11
843,16,Adrian Sutil,10,Force India,17,2011,3,11,11.0,2.0,11.0,0.0,4.0,7.0,0.0,0,15
844,16,Adrian Sutil,10,Force India,5,2011,4,12,12.0,2.0,13.0,0.0,4.0,8.0,0.0,0,13
845,16,Adrian Sutil,10,Force India,4,2011,5,17,17.0,2.0,13.0,0.0,4.0,8.0,0.0,0,13
846,16,Adrian Sutil,10,Force India,6,2011,6,14,15.0,2.0,13.0,0.0,4.0,8.0,0.0,0,7
847,16,Adrian Sutil,10,Force India,7,2011,7,14,14.0,8.0,12.0,0.0,10.0,7.0,0.0,0,21
848,16,Adrian Sutil,10,Force India,12,2011,8,10,10.0,8.0,12.0,0.0,10.0,8.0,0.0,0,9
849,16,Adrian Sutil,10,Force India,9,2011,9,11,11.0,10.0,12.0,0.0,12.0,8.0,0.0,0,11
850,16,Adrian Sutil,10,Force India,20,2011,10,8,8.0,10.0,12.0,0.0,12.0,8.0,0.0,0,6
851,16,Adrian Sutil,10,Force India,11,2011,11,8,8.0,18.0,12.0,0.0,20.0,7.0,0.0,0,14
852,16,Adrian Sutil,10,Force India,13,2011,12,15,15.0,18.0,12.0,0.0,26.0,7.0,0.0,0,7
853,16,Adrian Sutil,10,Force India,14,2011,13,12,12.0,24.0,12.0,0.0,32.0,7.0,0.0,0,19
854,16,Adrian Sutil,10,Force India,15,2011,14,9,9.0,24.0,12.0,0.0,36.0,6.0,0.0,0,8
855,16,Adrian Sutil,10,Force India,22,2011,15,11,11.0,28.0,11.0,0.0,48.0,6.0,0.0,0,11
856,16,Adrian Sutil,10,Force India,35,2011,16,10,10.0,28.0,11.0,0.0,48.0,6.0,0.0,0,11
857,16,Adrian Sutil,10,Force India,68,2011,17,8,8.0,28.0,11.0,0.0,49.0,6.0,0.0,0,9
858,16,Adrian Sutil,10,Force India,24,2011,18,9,9.0,30.0,11.0,0.0,51.0,6.0,0.0,0,8
859,16,Adrian Sutil,10,Force India,18,2011,19,8,8.0,34.0,11.0,0.0,57.0,6.0,0.0,0,6
880,16,Adrian Sutil,10,Force India,1,2013,1,12,12.0,0.0,99.0,0.0,0.0,99.0,0.0,0,7
881,16,Adrian Sutil,10,Force India,2,2013,2,8,9.0,6.0,7.0,0.0,10.0,5.0,0.0,0,20
882,16,Adrian Sutil,10,Force India,17,2013,3,13,13.0,6.0,9.0,0.0,10.0,5.0,0.0,0,21
883,16,Adrian Sutil,10,Force India,3,2013,4,6,8.0,6.0,12.0,0.0,14.0,6.0,0.0,0,13
884,16,Adrian Sutil,10,Force India,4,2013,5,13,13.0,6.0,12.0,0.0,26.0,5.0,0.0,0,13
885,16,Adrian Sutil,10,Force India,6,2013,6,8,8.0,6.0,13.0,0.0,32.0,5.0,0.0,0,5
886,16,Adrian Sutil,10,Force India,7,2013,7,8,8.0,16.0,11.0,0.0,44.0,5.0,0.0,0,10
887,16,Adrian Sutil,10,Force India,9,2013,8,6,7.0,17.0,11.0,0.0,51.0,5.0,0.0,0,7
888,16,Adrian Sutil,10,Force India,20,2013,9,15,15.0,23.0,11.0,0.0,59.0,5.0,0.0,0,13
890,16,Adrian Sutil,10,Force India,11,2013,10,11,11.0,23.0,11.0,0.0,59.0,5.0,0.0,0,22
891,16,Adrian Sutil,10,Force India,13,2013,11,12,12.0,23.0,11.0,0.0,59.0,5.0,0.0,0,9
892,16,Adrian Sutil,10,Force India,14,2013,12,17,14.0,25.0,11.0,0.0,61.0,6.0,0.0,0,16
893,16,Adrian Sutil,10,Force India,15,2013,13,15,15.0,25.0,11.0,0.0,61.0,6.0,0.0,0,10
894,16,Adrian Sutil,10,Force India,35,2013,14,14,14.0,26.0,11.0,0.0,62.0,6.0,0.0,0,20
895,16,Adrian Sutil,10,Force India,22,2013,15,22,17.0,26.0,12.0,0.0,62.0,6.0,0.0,0,14
896,16,Adrian Sutil,10,Force India,68,2013,16,13,13.0,26.0,12.0,0.0,62.0,6.0,0.0,0,9
897,16,Adrian Sutil,10,Force India,24,2013,17,17,18.0,28.0,13.0,0.0,68.0,6.0,0.0,0,10
898,16,Adrian Sutil,10,Force India,69,2013,18,16,17.0,29.0,13.0,0.0,77.0,6.0,0.0,0,22
899,16,Adrian Sutil,10,Force India,18,2013,19,15,16.0,29.0,13.0,0.0,77.0,6.0,0.0,0,13
900,16,Adrian Sutil,15,Sauber,1,2014,1,13,14.0,0.0,99.0,0.0,0.0,99.0,0.0,0,11
901,16,Adrian Sutil,15,Sauber,2,2014,2,17,18.0,0.0,11.0,0.0,0.0,7.0,0.0,0,18
902,16,Adrian Sutil,15,Sauber,3,2014,3,22,18.0,0.0,15.0,0.0,0.0,8.0,0.0,0,22
903,16,Adrian Sutil,15,Sauber,17,2014,4,14,14.0,0.0,16.0,0.0,0.0,9.0,0.0,0,22
904,16,Adrian Sutil,15,Sauber,4,2014,5,16,17.0,0.0,16.0,0.0,0.0,9.0,0.0,0,17
905,16,Adrian Sutil,15,Sauber,6,2014,6,18,18.0,0.0,16.0,0.0,0.0,9.0,0.0,0,18
906,16,Adrian Sutil,15,Sauber,7,2014,7,16,16.0,0.0,18.0,0.0,0.0,10.0,0.0,0,13
907,16,Adrian Sutil,15,Sauber,70,2014,8,16,17.0,0.0,17.0,0.0,0.0,10.0,0.0,0,13
908,16,Adrian Sutil,15,Sauber,9,2014,9,13,16.0,0.0,17.0,0.0,0.0,10.0,0.0,0,13
909,16,Adrian Sutil,15,Sauber,10,2014,10,15,17.0,0.0,17.0,0.0,0.0,10.0,0.0,0,19
910,16,Adrian Sutil,15,Sauber,11,2014,11,11,12.0,0.0,17.0,0.0,0.0,10.0,0.0,0,11
911,16,Adrian Sutil,15,Sauber,13,2014,12,14,14.0,0.0,17.0,0.0,0.0,10.0,0.0,0,14
912,16,Adrian Sutil,15,Sauber,14,2014,13,14,15.0,0.0,17.0,0.0,0.0,10.0,0.0,0,15
913,16,Adrian Sutil,15,Sauber,15,2014,14,17,17.0,0.0,17.0,0.0,0.0,10.0,0.0,0,19
914,16,Adrian Sutil,15,Sauber,22,2014,15,14,15.0,0.0,17.0,0.0,0.0,10.0,0.0,0,21
915,16,Adrian Sutil,15,Sauber,71,2014,16,14,15.0,0.0,17.0,0.0,0.0,10.0,0.0,0,16
916,16,Adrian Sutil,15,Sauber,69,2014,17,9,10.0,0.0,17.0,0.0,0.0,10.0,0.0,0,18
917,16,Adrian Sutil,15,Sauber,18,2014,18,13,13.0,0.0,18.0,0.0,0.0,10.0,0.0,0,16
918,16,Adrian Sutil,15,Sauber,24,2014,19,13,13.0,0.0,18.0,0.0,0.0,10.0,0.0,0,16
125,17,Mark Webber,18,Minardi,2,2002,2,21,21.0,2.0,5.0,0.0,2.0,5.0,0.0,0,15
140,17,Mark Webber,18,Minardi,22,2002,17,19,19.0,2.0,15.0,0.0,2.0,9.0,0.0,0,10
108,17,Mark Webber,19,Jaguar,1,2003,1,14,14.0,0.0,99.0,0.0,0.0,99.0,0.0,0,17
109,17,Mark Webber,19,Jaguar,2,2003,2,16,16.0,0.0,99.0,0.0,0.0,99.0,0.0,0,16
110,17,Mark Webber,19,Jaguar,18,2003,3,3,3.0,0.0,99.0,0.0,0.0,99.0,0.0,0,9
111,17,Mark Webber,19,Jaguar,21,2003,4,5,5.0,0.0,14.0,0.0,0.0,8.0,0.0,0,16
112,17,Mark Webber,19,Jaguar,4,2003,5,12,12.0,0.0,15.0,0.0,0.0,9.0,0.0,0,7
113,17,Mark Webber,19,Jaguar,70,2003,6,17,17.0,2.0,14.0,0.0,2.0,9.0,0.0,0,7
114,17,Mark Webber,19,Jaguar,6,2003,7,9,9.0,4.0,12.0,0.0,4.0,8.0,0.0,0,17
115,17,Mark Webber,19,Jaguar,7,2003,8,6,6.0,4.0,12.0,0.0,4.0,8.0,0.0,0,7
116,17,Mark Webber,19,Jaguar,20,2003,9,11,11.0,6.0,12.0,0.0,6.0,8.0,0.0,0,6
117,17,Mark Webber,19,Jaguar,8,2003,10,9,9.0,9.0,11.0,0.0,9.0,8.0,0.0,0,6
118,17,Mark Webber,19,Jaguar,9,2003,11,11,11.0,12.0,9.0,0.0,12.0,6.0,0.0,0,14
119,17,Mark Webber,19,Jaguar,10,2003,12,11,11.0,12.0,9.0,0.0,12.0,6.0,0.0,0,11
120,17,Mark Webber,19,Jaguar,11,2003,13,3,3.0,12.0,10.0,0.0,12.0,7.0,0.0,0,6
121,17,Mark Webber,19,Jaguar,14,2003,14,11,11.0,15.0,9.0,0.0,15.0,6.0,0.0,0,7
122,17,Mark Webber,19,Jaguar,19,2003,15,14,14.0,17.0,9.0,0.0,17.0,6.0,0.0,0,18
123,17,Mark Webber,19,Jaguar,22,2003,16,6,6.0,17.0,9.0,0.0,18.0,7.0,0.0,0,11
90,17,Mark Webber,19,Jaguar,1,2004,1,6,6.0,0.0,99.0,0.0,0.0,99.0,0.0,0,18
91,17,Mark Webber,19,Jaguar,2,2004,2,2,2.0,0.0,99.0,0.0,0.0,7.0,0.0,0,20
92,17,Mark Webber,19,Jaguar,3,2004,3,14,14.0,0.0,99.0,0.0,0.0,8.0,0.0,0,8
93,17,Mark Webber,19,Jaguar,21,2004,4,8,8.0,1.0,11.0,0.0,1.0,7.0,0.0,0,13
94,17,Mark Webber,19,Jaguar,4,2004,5,9,9.0,1.0,11.0,0.0,1.0,7.0,0.0,0,12
95,17,Mark Webber,19,Jaguar,6,2004,6,11,12.0,1.0,13.0,0.0,1.0,7.0,0.0,0,16
96,17,Mark Webber,19,Jaguar,20,2004,7,14,14.0,1.0,16.0,0.0,1.0,9.0,0.0,0,7
97,17,Mark Webber,19,Jaguar,7,2004,8,14,14.0,3.0,13.0,0.0,3.0,8.0,0.0,0,15
98,17,Mark Webber,19,Jaguar,19,2004,9,10,10.0,3.0,15.0,0.0,3.0,9.0,0.0,0,10
99,17,Mark Webber,19,Jaguar,8,2004,10,12,12.0,3.0,16.0,0.0,3.0,9.0,0.0,0,9
100,17,Mark Webber,19,Jaguar,9,2004,11,9,10.0,3.0,15.0,0.0,3.0,9.0,0.0,0,8
101,17,Mark Webber,19,Jaguar,10,2004,12,11,12.0,4.0,14.0,0.0,4.0,9.0,0.0,0,6
102,17,Mark Webber,19,Jaguar,11,2004,13,11,11.0,7.0,12.0,0.0,7.0,8.0,0.0,0,10
103,17,Mark Webber,19,Jaguar,13,2004,14,7,7.0,7.0,12.0,0.0,7.0,8.0,0.0,0,17
104,17,Mark Webber,19,Jaguar,14,2004,15,12,12.0,7.0,13.0,0.0,10.0,7.0,0.0,0,9
105,17,Mark Webber,19,Jaguar,17,2004,16,11,12.0,7.0,13.0,0.0,10.0,7.0,0.0,0,10
106,17,Mark Webber,19,Jaguar,22,2004,17,3,3.0,7.0,13.0,0.0,10.0,7.0,0.0,0,20
107,17,Mark Webber,19,Jaguar,18,2004,18,11,12.0,7.0,13.0,0.0,10.0,7.0,0.0,0,18
71,17,Mark Webber,3,Williams,1,2005,1,3,3.0,0.0,99.0,0.0,0.0,99.0,0.0,0,5
72,17,Mark Webber,3,Williams,2,2005,2,4,4.0,4.0,5.0,0.0,4.0,4.0,0.0,0,16
73,17,Mark Webber,3,Williams,3,2005,3,5,5.0,4.0,9.0,0.0,10.0,5.0,0.0,0,6
74,17,Mark Webber,3,Williams,21,2005,4,4,4.0,7.0,9.0,0.0,13.0,4.0,0.0,0,7
75,17,Mark Webber,3,Williams,4,2005,5,2,2.0,9.0,8.0,0.0,18.0,5.0,0.0,0,6
76,17,Mark Webber,3,Williams,6,2005,6,3,3.0,12.0,6.0,0.0,21.0,4.0,0.0,1,3
77,17,Mark Webber,3,Williams,20,2005,7,3,3.0,18.0,4.0,0.0,35.0,4.0,0.0,0,20
78,17,Mark Webber,3,Williams,7,2005,8,14,14.0,18.0,5.0,0.0,43.0,4.0,0.0,0,5
79,17,Mark Webber,3,Williams,19,2005,9,9,9.0,22.0,6.0,0.0,47.0,3.0,0.0,0,13
80,17,Mark Webber,3,Williams,8,2005,10,12,13.0,22.0,7.0,0.0,47.0,4.0,0.0,0,12
81,17,Mark Webber,3,Williams,9,2005,11,11,12.0,22.0,7.0,0.0,47.0,5.0,0.0,0,11
82,17,Mark Webber,3,Williams,10,2005,12,6,6.0,22.0,10.0,0.0,47.0,5.0,0.0,0,19
83,17,Mark Webber,3,Williams,11,2005,13,16,16.0,22.0,10.0,0.0,47.0,5.0,0.0,0,7
84,17,Mark Webber,3,Williams,5,2005,14,7,7.0,24.0,10.0,0.0,52.0,5.0,0.0,0,20
85,17,Mark Webber,3,Williams,14,2005,15,14,14.0,24.0,10.0,0.0,52.0,5.0,0.0,0,14
86,17,Mark Webber,3,Williams,13,2005,16,9,10.0,24.0,11.0,0.0,54.0,5.0,0.0,0,4
87,17,Mark Webber,3,Williams,18,2005,17,12,14.0,29.0,10.0,0.0,59.0,5.0,0.0,0,17
88,17,Mark Webber,3,Williams,22,2005,18,7,7.0,29.0,10.0,0.0,59.0,5.0,0.0,0,4
89,17,Mark Webber,3,Williams,17,2005,19,10,10.0,34.0,10.0,0.0,64.0,5.0,0.0,0,7
53,17,Mark Webber,3,Williams,3,2006,1,7,7.0,0.0,99.0,0.0,0.0,99.0,0.0,0,6
54,17,Mark Webber,3,Williams,2,2006,2,4,5.0,3.0,6.0,0.0,5.0,5.0,0.0,0,19
55,17,Mark Webber,3,Williams,1,2006,3,7,7.0,3.0,8.0,0.0,5.0,5.0,0.0,0,18
56,17,Mark Webber,3,Williams,21,2006,4,10,10.0,3.0,11.0,0.0,5.0,7.0,0.0,0,6
57,17,Mark Webber,3,Williams,20,2006,5,19,10.0,6.0,9.0,0.0,8.0,6.0,0.0,0,20
58,17,Mark Webber,3,Williams,4,2006,6,11,11.0,6.0,10.0,0.0,10.0,6.0,0.0,0,9
59,17,Mark Webber,3,Williams,6,2006,7,2,2.0,6.0,11.0,0.0,10.0,6.0,0.0,0,21
60,17,Mark Webber,3,Williams,9,2006,8,17,17.0,6.0,12.0,0.0,10.0,6.0,0.0,0,22
61,17,Mark Webber,3,Williams,7,2006,9,16,17.0,6.0,13.0,0.0,10.0,6.0,0.0,0,12
62,17,Mark Webber,3,Williams,19,2006,10,12,12.0,6.0,13.0,0.0,10.0,7.0,0.0,0,19
63,17,Mark Webber,3,Williams,8,2006,11,10,11.0,6.0,14.0,0.0,10.0,8.0,0.0,0,18
64,17,Mark Webber,3,Williams,10,2006,12,11,11.0,6.0,14.0,0.0,10.0,8.0,0.0,0,13
65,17,Mark Webber,3,Williams,11,2006,13,5,6.0,6.0,14.0,0.0,10.0,8.0,0.0,0,20
66,17,Mark Webber,3,Williams,5,2006,14,9,10.0,6.0,15.0,0.0,10.0,8.0,0.0,0,10
67,17,Mark Webber,3,Williams,14,2006,15,19,19.0,6.0,15.0,0.0,10.0,8.0,0.0,0,10
68,17,Mark Webber,3,Williams,17,2006,16,14,14.0,6.0,16.0,0.0,10.0,8.0,0.0,0,8
69,17,Mark Webber,3,Williams,22,2006,17,14,14.0,7.0,14.0,0.0,11.0,8.0,0.0,0,19
70,17,Mark Webber,3,Williams,18,2006,18,11,11.0,7.0,14.0,0.0,11.0,8.0,0.0,0,21
36,17,Mark Webber,9,Red Bull,1,2007,1,7,7.0,0.0,99.0,0.0,0.0,99.0,0.0,0,13
37,17,Mark Webber,9,Red Bull,2,2007,2,10,10.0,0.0,13.0,0.0,0.0,8.0,0.0,0,10
38,17,Mark Webber,9,Red Bull,3,2007,3,8,8.0,0.0,12.0,0.0,0.0,6.0,0.0,0,17
39,17,Mark Webber,9,Red Bull,4,2007,4,19,19.0,0.0,13.0,0.0,0.0,6.0,0.0,0,21
40,17,Mark Webber,9,Red Bull,6,2007,5,6,6.0,0.0,16.0,0.0,4.0,6.0,0.0,0,21
41,17,Mark Webber,9,Red Bull,7,2007,6,6,6.0,0.0,17.0,0.0,4.0,6.0,0.0,0,9
42,17,Mark Webber,9,Red Bull,19,2007,7,9,9.0,0.0,15.0,0.0,4.0,6.0,0.0,0,7
43,17,Mark Webber,9,Red Bull,8,2007,8,14,14.0,2.0,14.0,0.0,6.0,6.0,0.0,0,12
44,17,Mark Webber,9,Red Bull,9,2007,9,11,11.0,2.0,14.0,0.0,6.0,6.0,0.0,0,22
45,17,Mark Webber,9,Red Bull,20,2007,10,6,6.0,2.0,14.0,0.0,6.0,6.0,0.0,1,3
46,17,Mark Webber,9,Red Bull,11,2007,11,9,10.0,8.0,10.0,0.0,16.0,5.0,0.0,0,9
47,17,Mark Webber,9,Red Bull,5,2007,12,12,12.0,8.0,10.0,0.0,16.0,5.0,0.0,0,22
48,17,Mark Webber,9,Red Bull,14,2007,13,11,11.0,8.0,11.0,0.0,16.0,5.0,0.0,0,9
49,17,Mark Webber,9,Red Bull,13,2007,14,7,7.0,8.0,11.0,0.0,16.0,5.0,0.0,0,7
50,17,Mark Webber,9,Red Bull,16,2007,15,7,7.0,10.0,11.0,0.0,18.0,5.0,0.0,0,20
51,17,Mark Webber,9,Red Bull,17,2007,16,7,7.0,10.0,12.0,0.0,23.0,5.0,0.0,0,10
52,17,Mark Webber,9,Red Bull,18,2007,17,5,5.0,10.0,12.0,0.0,24.0,5.0,0.0,0,20
18,17,Mark Webber,9,Red Bull,1,2008,1,14,15.0,0.0,99.0,0.0,0.0,99.0,0.0,0,17
19,17,Mark Webber,9,Red Bull,2,2008,2,6,8.0,0.0,99.0,0.0,0.0,99.0,0.0,0,7
20,17,Mark Webber,9,Red Bull,3,2008,3,11,11.0,2.0,11.0,0.0,2.0,7.0,0.0,0,7
21,17,Mark Webber,9,Red Bull,4,2008,4,7,7.0,4.0,10.0,0.0,4.0,7.0,0.0,0,5
22,17,Mark Webber,9,Red Bull,5,2008,5,6,6.0,8.0,8.0,0.0,8.0,6.0,0.0,0,7
23,17,Mark Webber,9,Red Bull,6,2008,6,9,9.0,10.0,7.0,0.0,10.0,5.0,0.0,0,4
24,17,Mark Webber,9,Red Bull,7,2008,7,10,10.0,15.0,7.0,0.0,15.0,5.0,0.0,0,12
25,17,Mark Webber,9,Red Bull,8,2008,8,6,8.0,15.0,7.0,0.0,21.0,4.0,0.0,0,6
26,17,Mark Webber,9,Red Bull,9,2008,9,2,2.0,18.0,8.0,0.0,24.0,4.0,0.0,0,10
27,17,Mark Webber,9,Red Bull,10,2008,10,8,8.0,18.0,8.0,0.0,24.0,5.0,0.0,0,19
28,17,Mark Webber,9,Red Bull,11,2008,11,8,8.0,18.0,8.0,0.0,24.0,5.0,0.0,0,9
29,17,Mark Webber,9,Red Bull,12,2008,12,14,14.0,18.0,9.0,0.0,24.0,6.0,0.0,0,12
30,17,Mark Webber,9,Red Bull,13,2008,13,7,7.0,18.0,9.0,0.0,24.0,6.0,0.0,0,8
31,17,Mark Webber,9,Red Bull,14,2008,14,3,3.0,19.0,9.0,0.0,25.0,6.0,0.0,0,8
32,17,Mark Webber,9,Red Bull,15,2008,15,13,13.0,20.0,10.0,0.0,26.0,7.0,0.0,0,18
33,17,Mark Webber,9,Red Bull,16,2008,16,13,13.0,20.0,11.0,0.0,28.0,7.0,0.0,0,8
34,17,Mark Webber,9,Red Bull,17,2008,17,16,6.0,21.0,10.0,0.0,29.0,7.0,0.0,0,14
35,17,Mark Webber,9,Red Bull,18,2008,18,12,12.0,21.0,11.0,0.0,29.0,7.0,0.0,0,9
1,17,Mark Webber,9,Red Bull,1,2009,1,8,10.0,0.0,99.0,0.0,0.0,99.0,0.0,0,12
2,17,Mark Webber,9,Red Bull,2,2009,2,5,7.0,0.0,12.0,0.0,0.0,8.0,0.0,0,6
3,17,Mark Webber,9,Red Bull,17,2009,3,3,3.0,1.5,9.0,0.0,1.5,7.0,0.0,1,2
4,17,Mark Webber,9,Red Bull,3,2009,4,18,19.0,9.5,5.0,0.0,19.5,2.0,1.0,0,11
5,17,Mark Webber,9,Red Bull,4,2009,5,5,5.0,9.5,6.0,0.0,27.5,2.0,1.0,1,3
6,17,Mark Webber,9,Red Bull,6,2009,6,8,8.0,15.5,4.0,0.0,38.5,2.0,1.0,0,5
7,17,Mark Webber,9,Red Bull,5,2009,7,4,4.0,19.5,4.0,0.0,42.5,2.0,1.0,1,2
8,17,Mark Webber,9,Red Bull,9,2009,8,3,3.0,27.5,4.0,0.0,56.5,2.0,1.0,1,2
9,17,Mark Webber,9,Red Bull,20,2009,9,1,1.0,35.5,4.0,0.0,74.5,2.0,2.0,1,1
10,17,Mark Webber,9,Red Bull,11,2009,10,3,3.0,45.5,3.0,1.0,92.5,2.0,3.0,1,3
11,17,Mark Webber,9,Red Bull,12,2009,11,9,9.0,51.5,2.0,1.0,98.5,2.0,3.0,0,9
12,17,Mark Webber,9,Red Bull,13,2009,12,9,9.0,51.5,3.0,1.0,98.5,2.0,3.0,0,9
13,17,Mark Webber,9,Red Bull,14,2009,13,10,10.0,51.5,4.0,1.0,104.5,2.0,3.0,0,20
14,17,Mark Webber,9,Red Bull,15,2009,14,4,4.0,51.5,4.0,1.0,105.5,2.0,3.0,0,17
15,17,Mark Webber,9,Red Bull,22,2009,15,19,20.0,51.5,4.0,1.0,110.5,2.0,3.0,0,17
16,17,Mark Webber,9,Red Bull,18,2009,16,2,2.0,51.5,4.0,1.0,120.5,2.0,4.0,1,1
17,17,Mark Webber,9,Red Bull,24,2009,17,3,3.0,61.5,4.0,2.0,135.5,2.0,5.0,1,2
337,17,Mark Webber,9,Red Bull,3,2010,1,6,6.0,0.0,99.0,0.0,0.0,99.0,0.0,0,8
338,17,Mark Webber,9,Red Bull,1,2010,2,2,2.0,4.0,8.0,0.0,16.0,4.0,0.0,0,9
339,17,Mark Webber,9,Red Bull,2,2010,3,1,1.0,6.0,10.0,0.0,18.0,5.0,0.0,1,2
340,17,Mark Webber,9,Red Bull,17,2010,4,2,2.0,24.0,8.0,0.0,61.0,3.0,1.0,0,8
341,17,Mark Webber,9,Red Bull,4,2010,5,1,1.0,28.0,8.0,0.0,73.0,3.0,1.0,1,1
342,17,Mark Webber,9,Red Bull,6,2010,6,1,1.0,53.0,4.0,1.0,113.0,3.0,2.0,1,1
343,17,Mark Webber,9,Red Bull,5,2010,7,1,1.0,78.0,1.0,2.0,156.0,1.0,3.0,1,3
344,17,Mark Webber,9,Red Bull,7,2010,8,7,2.0,93.0,1.0,2.0,171.0,2.0,3.0,0,5
345,17,Mark Webber,9,Red Bull,12,2010,9,2,2.0,103.0,3.0,2.0,193.0,2.0,3.0,0,24
346,17,Mark Webber,9,Red Bull,9,2010,10,2,2.0,103.0,4.0,2.0,218.0,2.0,4.0,1,1
347,17,Mark Webber,9,Red Bull,10,2010,11,4,4.0,128.0,3.0,3.0,249.0,2.0,5.0,0,6
348,17,Mark Webber,9,Red Bull,11,2010,12,2,2.0,136.0,3.0,3.0,272.0,2.0,5.0,1,1
349,17,Mark Webber,9,Red Bull,13,2010,13,1,1.0,161.0,1.0,4.0,312.0,1.0,6.0,1,2
350,17,Mark Webber,9,Red Bull,14,2010,14,4,4.0,179.0,2.0,4.0,330.0,1.0,6.0,0,6
351,17,Mark Webber,9,Red Bull,15,2010,15,5,5.0,187.0,1.0,4.0,350.0,1.0,6.0,1,3
352,17,Mark Webber,9,Red Bull,22,2010,16,2,2.0,202.0,1.0,4.0,383.0,1.0,6.0,1,2
353,17,Mark Webber,9,Red Bull,35,2010,17,2,2.0,220.0,1.0,4.0,426.0,1.0,7.0,0,23
354,17,Mark Webber,9,Red Bull,18,2010,18,3,3.0,220.0,2.0,4.0,426.0,1.0,7.0,1,2
355,17,Mark Webber,9,Red Bull,24,2010,19,5,5.0,238.0,2.0,4.0,469.0,1.0,8.0,0,8
841,17,Mark Webber,9,Red Bull,1,2011,1,3,3.0,0.0,99.0,0.0,0.0,99.0,0.0,0,5
842,17,Mark Webber,9,Red Bull,2,2011,2,3,3.0,10.0,5.0,0.0,35.0,1.0,1.0,0,4
843,17,Mark Webber,9,Red Bull,17,2011,3,18,18.0,22.0,4.0,0.0,72.0,1.0,2.0,1,3
844,17,Mark Webber,9,Red Bull,5,2011,4,2,2.0,37.0,4.0,0.0,105.0,1.0,2.0,1,2
845,17,Mark Webber,9,Red Bull,4,2011,5,1,1.0,55.0,3.0,0.0,148.0,1.0,3.0,0,4
846,17,Mark Webber,9,Red Bull,6,2011,6,3,3.0,67.0,3.0,0.0,185.0,1.0,4.0,0,4
847,17,Mark Webber,9,Red Bull,7,2011,7,4,4.0,79.0,3.0,0.0,222.0,1.0,5.0,1,3
848,17,Mark Webber,9,Red Bull,12,2011,8,2,2.0,94.0,3.0,0.0,255.0,1.0,5.0,1,3
849,17,Mark Webber,9,Red Bull,9,2011,9,1,1.0,109.0,3.0,0.0,295.0,1.0,6.0,1,3
850,17,Mark Webber,9,Red Bull,20,2011,10,1,1.0,124.0,2.0,0.0,328.0,1.0,6.0,1,3
851,17,Mark Webber,9,Red Bull,11,2011,11,6,6.0,139.0,2.0,0.0,355.0,1.0,6.0,0,5
852,17,Mark Webber,9,Red Bull,13,2011,12,3,3.0,149.0,2.0,0.0,383.0,1.0,6.0,1,2
853,17,Mark Webber,9,Red Bull,14,2011,13,5,5.0,167.0,2.0,0.0,426.0,1.0,7.0,0,20
854,17,Mark Webber,9,Red Bull,15,2011,14,2,2.0,167.0,4.0,0.0,451.0,1.0,8.0,1,3
855,17,Mark Webber,9,Red Bull,22,2011,15,6,6.0,182.0,4.0,0.0,491.0,1.0,9.0,0,4
856,17,Mark Webber,9,Red Bull,35,2011,16,4,4.0,194.0,4.0,0.0,518.0,1.0,9.0,1,3
857,17,Mark Webber,9,Red Bull,68,2011,17,2,3.0,209.0,4.0,0.0,558.0,1.0,10.0,0,4
858,17,Mark Webber,9,Red Bull,24,2011,18,4,4.0,221.0,4.0,0.0,595.0,1.0,11.0,0,4
859,17,Mark Webber,9,Red Bull,18,2011,19,2,2.0,233.0,4.0,0.0,607.0,1.0,11.0,1,1
860,17,Mark Webber,9,Red Bull,1,2012,1,5,5.0,0.0,99.0,0.0,0.0,99.0,0.0,0,4
861,17,Mark Webber,9,Red Bull,2,2012,2,4,4.0,12.0,4.0,0.0,30.0,2.0,0.0,0,4
862,17,Mark Webber,9,Red Bull,17,2012,3,6,7.0,24.0,4.0,0.0,42.0,2.0,0.0,0,4
863,17,Mark Webber,9,Red Bull,3,2012,4,3,3.0,36.0,4.0,0.0,64.0,2.0,0.0,0,4
864,17,Mark Webber,9,Red Bull,4,2012,5,11,12.0,48.0,3.0,0.0,101.0,1.0,1.0,0,11
865,17,Mark Webber,9,Red Bull,6,2012,6,1,2.0,48.0,5.0,0.0,109.0,1.0,1.0,1,1
866,17,Mark Webber,9,Red Bull,7,2012,7,4,4.0,73.0,3.0,1.0,146.0,1.0,2.0,0,7
867,17,Mark Webber,9,Red Bull,12,2012,8,19,19.0,79.0,4.0,1.0,164.0,1.0,2.0,0,4
868,17,Mark Webber,9,Red Bull,9,2012,9,2,2.0,91.0,2.0,1.0,176.0,1.0,2.0,1,1
869,17,Mark Webber,9,Red Bull,10,2012,10,8,3.0,116.0,2.0,2.0,216.0,1.0,3.0,0,8
870,17,Mark Webber,9,Red Bull,11,2012,11,11,11.0,120.0,2.0,2.0,230.0,1.0,3.0,0,8
871,17,Mark Webber,9,Red Bull,13,2012,12,12,7.0,124.0,2.0,2.0,246.0,1.0,3.0,0,6
872,17,Mark Webber,9,Red Bull,14,2012,13,11,11.0,132.0,3.0,2.0,272.0,1.0,3.0,0,20
873,17,Mark Webber,9,Red Bull,15,2012,14,7,7.0,132.0,5.0,2.0,272.0,1.0,3.0,0,11
874,17,Mark Webber,9,Red Bull,22,2012,15,2,2.0,132.0,5.0,2.0,297.0,1.0,4.0,0,9
875,17,Mark Webber,9,Red Bull,35,2012,16,1,1.0,134.0,5.0,2.0,324.0,1.0,5.0,1,2
876,17,Mark Webber,9,Red Bull,68,2012,17,2,2.0,152.0,5.0,2.0,367.0,1.0,6.0,1,3
877,17,Mark Webber,9,Red Bull,24,2012,18,2,2.0,167.0,4.0,2.0,407.0,1.0,7.0,0,20
878,17,Mark Webber,9,Red Bull,69,2012,19,3,3.0,167.0,4.0,2.0,422.0,1.0,7.0,0,23
879,17,Mark Webber,9,Red Bull,18,2012,20,3,3.0,167.0,5.0,2.0,440.0,1.0,7.0,0,4
880,17,Mark Webber,9,Red Bull,1,2013,1,2,2.0,0.0,99.0,0.0,0.0,99.0,0.0,0,6
881,17,Mark Webber,9,Red Bull,2,2013,2,5,5.0,8.0,6.0,0.0,23.0,3.0,0.0,1,2
882,17,Mark Webber,9,Red Bull,17,2013,3,22,14.0,26.0,3.0,0.0,66.0,1.0,1.0,0,20
883,17,Mark Webber,9,Red Bull,3,2013,4,7,5.0,26.0,6.0,0.0,78.0,1.0,1.0,0,7
884,17,Mark Webber,9,Red Bull,4,2013,5,7,8.0,32.0,5.0,0.0,109.0,1.0,2.0,0,5
885,17,Mark Webber,9,Red Bull,6,2013,6,4,4.0,42.0,6.0,0.0,131.0,1.0,2.0,1,3
886,17,Mark Webber,9,Red Bull,7,2013,7,5,5.0,57.0,5.0,0.0,164.0,1.0,2.0,0,4
887,17,Mark Webber,9,Red Bull,9,2013,8,4,4.0,69.0,5.0,0.0,201.0,1.0,3.0,1,2
888,17,Mark Webber,9,Red Bull,20,2013,9,3,3.0,87.0,5.0,0.0,219.0,1.0,3.0,0,7
890,17,Mark Webber,9,Red Bull,11,2013,10,10,10.0,93.0,5.0,0.0,250.0,1.0,4.0,0,4
891,17,Mark Webber,9,Red Bull,13,2013,11,3,3.0,105.0,5.0,0.0,277.0,1.0,4.0,0,5
892,17,Mark Webber,9,Red Bull,14,2013,12,2,2.0,115.0,5.0,0.0,312.0,1.0,5.0,1,3
893,17,Mark Webber,9,Red Bull,15,2013,13,4,4.0,130.0,5.0,0.0,352.0,1.0,6.0,0,15
894,17,Mark Webber,9,Red Bull,35,2013,14,13,3.0,130.0,5.0,0.0,377.0,1.0,7.0,0,21
895,17,Mark Webber,9,Red Bull,22,2013,15,1,1.0,130.0,5.0,0.0,402.0,1.0,8.0,1,2
896,17,Mark Webber,9,Red Bull,68,2013,16,4,4.0,148.0,5.0,0.0,445.0,1.0,9.0,0,20
897,17,Mark Webber,9,Red Bull,24,2013,17,1,1.0,148.0,5.0,0.0,470.0,1.0,10.0,1,2
898,17,Mark Webber,9,Red Bull,69,2013,18,2,2.0,166.0,5.0,0.0,513.0,1.0,11.0,1,3
899,17,Mark Webber,9,Red Bull,18,2013,19,4,4.0,181.0,5.0,0.0,553.0,1.0,12.0,1,2
158,18,Jenson Button,3,Williams,1,2000,1,21,21.0,0.0,99.0,0.0,0.0,99.0,0.0,0,11
160,18,Jenson Button,3,Williams,21,2000,3,18,18.0,1.0,9.0,0.0,7.0,4.0,0.0,0,20
161,18,Jenson Button,3,Williams,9,2000,4,6,6.0,1.0,11.0,0.0,7.0,5.0,0.0,0,5
173,18,Jenson Button,3,Williams,22,2000,16,5,5.0,10.0,9.0,0.0,34.0,3.0,0.0,0,5
156,18,Jenson Button,22,Benetton,19,2001,16,10,10.0,2.0,17.0,0.0,10.0,7.0,0.0,0,9
125,18,Jenson Button,4,Renault,2,2002,2,8,8.0,0.0,99.0,0.0,0.0,99.0,0.0,0,4
140,18,Jenson Button,4,Renault,22,2002,17,10,10.0,13.0,7.0,0.0,22.0,4.0,0.0,0,6
108,18,Jenson Button,16,BAR,1,2003,1,8,8.0,0.0,99.0,0.0,0.0,99.0,0.0,0,10
109,18,Jenson Button,16,BAR,2,2003,2,9,9.0,0.0,10.0,0.0,0.0,6.0,0.0,0,7
110,18,Jenson Button,16,BAR,18,2003,3,11,11.0,2.0,10.0,0.0,2.0,6.0,0.0,0,12
111,18,Jenson Button,16,BAR,21,2003,4,9,9.0,2.0,12.0,0.0,5.0,7.0,0.0,0,8
112,18,Jenson Button,16,BAR,4,2003,5,5,5.0,3.0,12.0,0.0,6.0,7.0,0.0,0,9
113,18,Jenson Button,16,BAR,70,2003,6,7,7.0,3.0,13.0,0.0,6.0,7.0,0.0,0,4
114,18,Jenson Button,16,BAR,6,2003,7,20,20.0,8.0,10.0,0.0,11.0,6.0,0.0,0,20
115,18,Jenson Button,16,BAR,7,2003,8,17,17.0,8.0,10.0,0.0,11.0,6.0,0.0,0,13
116,18,Jenson Button,16,BAR,20,2003,9,12,12.0,8.0,10.0,0.0,11.0,6.0,0.0,0,7
117,18,Jenson Button,16,BAR,8,2003,10,14,14.0,10.0,10.0,0.0,13.0,5.0,0.0,0,20
118,18,Jenson Button,16,BAR,9,2003,11,20,20.0,10.0,11.0,0.0,13.0,5.0,0.0,0,8
119,18,Jenson Button,16,BAR,10,2003,12,17,17.0,11.0,10.0,0.0,14.0,5.0,0.0,0,8
120,18,Jenson Button,16,BAR,11,2003,13,14,14.0,12.0,9.0,0.0,15.0,5.0,0.0,0,10
121,18,Jenson Button,16,BAR,14,2003,14,7,7.0,12.0,10.0,0.0,15.0,5.0,0.0,0,17
122,18,Jenson Button,16,BAR,19,2003,15,11,11.0,12.0,10.0,0.0,18.0,5.0,0.0,0,16
123,18,Jenson Button,16,BAR,22,2003,16,9,9.0,12.0,12.0,0.0,18.0,6.0,0.0,0,4
90,18,Jenson Button,16,BAR,1,2004,1,4,4.0,0.0,99.0,0.0,0.0,99.0,0.0,0,6
91,18,Jenson Button,16,BAR,2,2004,2,6,6.0,3.0,6.0,0.0,3.0,4.0,0.0,1,3
92,18,Jenson Button,16,BAR,3,2004,3,6,6.0,9.0,4.0,0.0,9.0,4.0,0.0,1,3
93,18,Jenson Button,16,BAR,21,2004,4,1,1.0,15.0,3.0,0.0,19.0,4.0,0.0,1,2
94,18,Jenson Button,16,BAR,4,2004,5,14,14.0,23.0,3.0,0.0,27.0,3.0,0.0,0,8
95,18,Jenson Button,16,BAR,6,2004,6,2,3.0,24.0,3.0,0.0,32.0,3.0,0.0,1,2
96,18,Jenson Button,16,BAR,20,2004,7,5,5.0,32.0,3.0,0.0,40.0,3.0,0.0,1,3
97,18,Jenson Button,16,BAR,7,2004,8,2,2.0,38.0,3.0,0.0,46.0,3.0,0.0,1,3
98,18,Jenson Button,16,BAR,19,2004,9,4,4.0,44.0,3.0,0.0,52.0,3.0,0.0,0,13
99,18,Jenson Button,16,BAR,8,2004,10,4,4.0,44.0,3.0,0.0,58.0,3.0,0.0,0,5
100,18,Jenson Button,16,BAR,9,2004,11,3,3.0,48.0,3.0,0.0,62.0,3.0,0.0,0,4
101,18,Jenson Button,16,BAR,10,2004,12,13,3.0,53.0,3.0,0.0,67.0,3.0,0.0,1,2
102,18,Jenson Button,16,BAR,11,2004,13,4,4.0,61.0,3.0,0.0,76.0,3.0,0.0,0,5
103,18,Jenson Button,16,BAR,13,2004,14,12,12.0,65.0,3.0,0.0,83.0,3.0,0.0,0,14
104,18,Jenson Button,16,BAR,14,2004,15,6,6.0,65.0,3.0,0.0,83.0,3.0,0.0,1,3
105,18,Jenson Button,16,BAR,17,2004,16,3,3.0,71.0,3.0,0.0,94.0,2.0,0.0,1,2
106,18,Jenson Button,16,BAR,22,2004,17,5,5.0,79.0,3.0,0.0,105.0,2.0,0.0,1,3
107,18,Jenson Button,16,BAR,18,2004,18,5,5.0,85.0,3.0,0.0,116.0,2.0,0.0,0,20
71,18,Jenson Button,16,BAR,1,2005,1,8,8.0,0.0,99.0,0.0,0.0,99.0,0.0,0,11
72,18,Jenson Button,16,BAR,2,2005,2,9,9.0,0.0,16.0,0.0,0.0,10.0,0.0,0,18
73,18,Jenson Button,16,BAR,3,2005,3,11,11.0,0.0,19.0,0.0,0.0,10.0,0.0,0,14
74,18,Jenson Button,16,BAR,21,2005,4,3,3.0,0.0,20.0,0.0,0.0,10.0,0.0,0,19
77,18,Jenson Button,16,BAR,20,2005,7,13,13.0,0.0,22.0,0.0,0.0,10.0,0.0,0,10
78,18,Jenson Button,16,BAR,7,2005,8,1,1.0,0.0,19.0,0.0,0.0,9.0,0.0,0,13
79,18,Jenson Button,16,BAR,19,2005,9,3,3.0,0.0,19.0,0.0,0.0,9.0,0.0,0,9
80,18,Jenson Button,16,BAR,8,2005,10,7,8.0,0.0,22.0,0.0,0.0,10.0,0.0,0,4
81,18,Jenson Button,16,BAR,9,2005,11,2,3.0,5.0,16.0,0.0,5.0,10.0,0.0,0,5
82,18,Jenson Button,16,BAR,10,2005,12,2,2.0,9.0,12.0,0.0,9.0,9.0,0.0,1,3
83,18,Jenson Button,16,BAR,11,2005,13,8,8.0,15.0,12.0,0.0,15.0,7.0,0.0,0,5
84,18,Jenson Button,16,BAR,5,2005,14,13,13.0,19.0,11.0,0.0,20.0,7.0,0.0,0,5
85,18,Jenson Button,16,BAR,14,2005,15,3,4.0,23.0,11.0,0.0,24.0,7.0,0.0,0,8
86,18,Jenson Button,16,BAR,13,2005,16,8,9.0,24.0,10.0,0.0,25.0,7.0,0.0,1,3
87,18,Jenson Button,16,BAR,18,2005,17,4,4.0,30.0,9.0,0.0,31.0,6.0,0.0,0,7
88,18,Jenson Button,16,BAR,22,2005,18,2,2.0,32.0,9.0,0.0,33.0,6.0,0.0,0,5
89,18,Jenson Button,16,BAR,17,2005,19,4,4.0,36.0,9.0,0.0,37.0,6.0,0.0,0,8
53,18,Jenson Button,11,Honda,3,2006,1,3,3.0,0.0,99.0,0.0,0.0,99.0,0.0,0,4
54,18,Jenson Button,11,Honda,2,2006,2,2,2.0,5.0,4.0,0.0,5.0,4.0,0.0,1,3
55,18,Jenson Button,11,Honda,1,2006,3,1,1.0,11.0,3.0,0.0,11.0,4.0,0.0,0,10
56,18,Jenson Button,11,Honda,21,2006,4,2,2.0,11.0,5.0,0.0,13.0,4.0,0.0,0,7
57,18,Jenson Button,11,Honda,20,2006,5,6,6.0,13.0,6.0,0.0,15.0,4.0,0.0,0,18
58,18,Jenson Button,11,Honda,4,2006,6,8,8.0,13.0,7.0,0.0,19.0,4.0,0.0,0,6
59,18,Jenson Button,11,Honda,6,2006,7,13,13.0,16.0,6.0,0.0,24.0,4.0,0.0,0,11
60,18,Jenson Button,11,Honda,9,2006,8,19,19.0,16.0,7.0,0.0,29.0,4.0,0.0,0,19
61,18,Jenson Button,11,Honda,7,2006,9,8,8.0,16.0,7.0,0.0,29.0,4.0,0.0,0,9
62,18,Jenson Button,11,Honda,19,2006,10,7,7.0,16.0,7.0,0.0,29.0,4.0,0.0,0,15
63,18,Jenson Button,11,Honda,8,2006,11,17,19.0,16.0,7.0,0.0,32.0,4.0,0.0,0,17
64,18,Jenson Button,11,Honda,10,2006,12,4,4.0,16.0,7.0,0.0,32.0,4.0,0.0,0,4
65,18,Jenson Button,11,Honda,11,2006,13,14,4.0,21.0,7.0,0.0,37.0,4.0,0.0,1,1
66,18,Jenson Button,11,Honda,5,2006,14,6,7.0,31.0,6.0,1.0,52.0,4.0,1.0,0,4
67,18,Jenson Button,11,Honda,14,2006,15,5,5.0,36.0,6.0,1.0,58.0,4.0,1.0,0,5
68,18,Jenson Button,11,Honda,17,2006,16,4,4.0,40.0,6.0,1.0,65.0,4.0,1.0,0,4
69,18,Jenson Button,11,Honda,22,2006,17,7,7.0,45.0,6.0,1.0,73.0,4.0,1.0,0,4
70,18,Jenson Button,11,Honda,18,2006,18,14,14.0,50.0,6.0,1.0,78.0,4.0,1.0,1,3
36,18,Jenson Button,11,Honda,1,2007,1,14,14.0,0.0,99.0,0.0,0.0,99.0,0.0,0,15
37,18,Jenson Button,11,Honda,2,2007,2,15,15.0,0.0,15.0,0.0,0.0,6.0,0.0,0,12
38,18,Jenson Button,11,Honda,3,2007,3,16,16.0,0.0,15.0,0.0,0.0,7.0,0.0,0,21
39,18,Jenson Button,11,Honda,4,2007,4,14,14.0,0.0,16.0,0.0,0.0,7.0,0.0,0,12
40,18,Jenson Button,11,Honda,6,2007,5,10,10.0,0.0,18.0,0.0,0.0,8.0,0.0,0,11
41,18,Jenson Button,11,Honda,7,2007,6,15,15.0,0.0,18.0,0.0,0.0,9.0,0.0,0,20
42,18,Jenson Button,11,Honda,19,2007,7,13,13.0,0.0,19.0,0.0,0.0,9.0,0.0,0,12
43,18,Jenson Button,11,Honda,8,2007,8,12,12.0,0.0,20.0,0.0,0.0,9.0,0.0,0,8
44,18,Jenson Button,11,Honda,9,2007,9,18,18.0,1.0,16.0,0.0,1.0,8.0,0.0,0,10
45,18,Jenson Button,11,Honda,20,2007,10,17,17.0,1.0,16.0,0.0,1.0,8.0,0.0,0,18
46,18,Jenson Button,11,Honda,11,2007,11,17,17.0,1.0,16.0,0.0,1.0,8.0,0.0,0,21
47,18,Jenson Button,11,Honda,5,2007,12,21,21.0,1.0,16.0,0.0,1.0,8.0,0.0,0,13
48,18,Jenson Button,11,Honda,14,2007,13,10,10.0,1.0,16.0,0.0,1.0,8.0,0.0,0,8
49,18,Jenson Button,11,Honda,13,2007,14,12,12.0,2.0,16.0,0.0,2.0,8.0,0.0,0,18
50,18,Jenson Button,11,Honda,16,2007,15,6,6.0,2.0,16.0,0.0,2.0,8.0,0.0,0,11
51,18,Jenson Button,11,Honda,17,2007,16,10,10.0,2.0,16.0,0.0,2.0,8.0,0.0,0,5
52,18,Jenson Button,11,Honda,18,2007,17,16,16.0,6.0,15.0,0.0,6.0,8.0,0.0,0,19
18,18,Jenson Button,11,Honda,1,2008,1,12,13.0,0.0,99.0,0.0,0.0,99.0,0.0,0,18
19,18,Jenson Button,11,Honda,2,2008,2,11,11.0,0.0,99.0,0.0,0.0,99.0,0.0,0,10
20,18,Jenson Button,11,Honda,3,2008,3,9,9.0,0.0,13.0,0.0,0.0,9.0,0.0,0,21
21,18,Jenson Button,11,Honda,4,2008,4,13,13.0,0.0,15.0,0.0,0.0,9.0,0.0,0,6
22,18,Jenson Button,11,Honda,5,2008,5,13,13.0,3.0,12.0,0.0,3.0,8.0,0.0,0,11
23,18,Jenson Button,11,Honda,6,2008,6,11,12.0,3.0,12.0,0.0,3.0,8.0,0.0,0,11
24,18,Jenson Button,11,Honda,7,2008,7,20,19.0,3.0,13.0,0.0,6.0,9.0,0.0,0,11
25,18,Jenson Button,11,Honda,8,2008,8,16,17.0,3.0,16.0,0.0,8.0,8.0,0.0,0,20
26,18,Jenson Button,11,Honda,9,2008,9,17,17.0,3.0,16.0,0.0,8.0,8.0,0.0,0,15
27,18,Jenson Button,11,Honda,10,2008,10,14,14.0,3.0,16.0,0.0,14.0,8.0,0.0,0,17
28,18,Jenson Button,11,Honda,11,2008,11,12,12.0,3.0,17.0,0.0,14.0,8.0,0.0,0,12
29,18,Jenson Button,11,Honda,12,2008,12,16,16.0,3.0,17.0,0.0,14.0,8.0,0.0,0,13
30,18,Jenson Button,11,Honda,13,2008,13,17,17.0,3.0,17.0,0.0,14.0,8.0,0.0,0,15
31,18,Jenson Button,11,Honda,14,2008,14,19,19.0,3.0,18.0,0.0,14.0,9.0,0.0,0,15
32,18,Jenson Button,11,Honda,15,2008,15,12,12.0,3.0,18.0,0.0,14.0,9.0,0.0,0,9
33,18,Jenson Button,11,Honda,16,2008,16,18,18.0,3.0,18.0,0.0,14.0,9.0,0.0,0,14
34,18,Jenson Button,11,Honda,17,2008,17,18,18.0,3.0,18.0,0.0,14.0,9.0,0.0,0,16
35,18,Jenson Button,11,Honda,18,2008,18,17,17.0,3.0,18.0,0.0,14.0,9.0,0.0,0,13
1,18,Jenson Button,23,Brawn,1,2009,1,1,1.0,0.0,99.0,0.0,0.0,99.0,0.0,1,1
2,18,Jenson Button,23,Brawn,2,2009,2,1,1.0,10.0,1.0,1.0,18.0,1.0,1.0,1,1
3,18,Jenson Button,23,Brawn,17,2009,3,5,5.0,15.0,1.0,2.0,25.0,1.0,2.0,1,3
4,18,Jenson Button,23,Brawn,3,2009,4,4,4.0,21.0,1.0,2.0,36.0,1.0,2.0,1,1
5,18,Jenson Button,23,Brawn,4,2009,5,1,1.0,31.0,1.0,3.0,50.0,1.0,3.0,1,1
6,18,Jenson Button,23,Brawn,6,2009,6,1,1.0,41.0,1.0,4.0,68.0,1.0,4.0,1,1
7,18,Jenson Button,23,Brawn,5,2009,7,2,2.0,51.0,1.0,5.0,86.0,1.0,5.0,1,1
8,18,Jenson Button,23,Brawn,9,2009,8,6,6.0,61.0,1.0,6.0,96.0,1.0,6.0,0,6
9,18,Jenson Button,23,Brawn,20,2009,9,3,3.0,64.0,1.0,6.0,105.0,1.0,6.0,0,5
10,18,Jenson Button,23,Brawn,11,2009,10,8,8.0,68.0,1.0,6.0,112.0,1.0,6.0,0,7
11,18,Jenson Button,23,Brawn,12,2009,11,5,5.0,70.0,1.0,6.0,114.0,1.0,6.0,0,7
12,18,Jenson Button,23,Brawn,13,2009,12,14,14.0,72.0,1.0,6.0,126.0,1.0,7.0,0,17
13,18,Jenson Button,23,Brawn,14,2009,13,6,6.0,72.0,1.0,6.0,128.0,1.0,7.0,1,2
14,18,Jenson Button,23,Brawn,15,2009,14,11,12.0,80.0,1.0,6.0,146.0,1.0,8.0,0,5
15,18,Jenson Button,23,Brawn,22,2009,15,10,7.0,84.0,1.0,6.0,153.0,1.0,8.0,0,8
16,18,Jenson Button,23,Brawn,18,2009,16,14,14.0,85.0,1.0,6.0,156.0,1.0,8.0,0,5
17,18,Jenson Button,23,Brawn,24,2009,17,5,5.0,89.0,1.0,6.0,161.0,1.0,8.0,1,3
337,18,Jenson Button,1,McLaren,3,2010,1,8,8.0,0.0,99.0,0.0,0.0,99.0,0.0,0,7
338,18,Jenson Button,1,McLaren,1,2010,2,4,4.0,6.0,7.0,0.0,21.0,2.0,0.0,1,1
339,18,Jenson Button,1,McLaren,2,2010,3,17,17.0,31.0,3.0,1.0,54.0,2.0,1.0,0,8
340,18,Jenson Button,1,McLaren,17,2010,4,5,5.0,35.0,4.0,1.0,66.0,2.0,1.0,1,1
341,18,Jenson Button,1,McLaren,4,2010,5,5,5.0,60.0,1.0,2.0,109.0,1.0,2.0,0,5
342,18,Jenson Button,1,McLaren,6,2010,6,8,8.0,70.0,1.0,2.0,119.0,1.0,2.0,0,23
343,18,Jenson Button,1,McLaren,5,2010,7,4,4.0,70.0,4.0,2.0,129.0,3.0,2.0,1,2
344,18,Jenson Button,1,McLaren,7,2010,8,4,5.0,88.0,2.0,2.0,172.0,1.0,3.0,1,2
345,18,Jenson Button,1,McLaren,12,2010,9,7,7.0,106.0,2.0,2.0,215.0,1.0,4.0,1,3
346,18,Jenson Button,1,McLaren,9,2010,10,14,14.0,121.0,2.0,2.0,248.0,1.0,4.0,0,4
347,18,Jenson Button,1,McLaren,10,2010,11,5,5.0,133.0,2.0,2.0,278.0,1.0,4.0,0,5
348,18,Jenson Button,1,McLaren,11,2010,12,11,11.0,143.0,2.0,2.0,300.0,1.0,4.0,0,8
349,18,Jenson Button,1,McLaren,13,2010,13,5,5.0,147.0,4.0,2.0,304.0,2.0,4.0,0,22
350,18,Jenson Button,1,McLaren,14,2010,14,2,2.0,147.0,4.0,2.0,329.0,2.0,5.0,1,2
351,18,Jenson Button,1,McLaren,15,2010,15,4,4.0,165.0,4.0,2.0,347.0,2.0,5.0,0,4
352,18,Jenson Button,1,McLaren,22,2010,16,5,6.0,177.0,5.0,2.0,359.0,2.0,5.0,0,4
353,18,Jenson Button,1,McLaren,35,2010,17,7,7.0,189.0,5.0,2.0,381.0,2.0,5.0,0,12
354,18,Jenson Button,1,McLaren,18,2010,18,11,11.0,189.0,5.0,2.0,399.0,2.0,5.0,0,5
355,18,Jenson Button,1,McLaren,24,2010,19,4,4.0,199.0,5.0,2.0,421.0,2.0,5.0,1,3
841,18,Jenson Button,1,McLaren,1,2011,1,4,4.0,0.0,99.0,0.0,0.0,99.0,0.0,0,6
842,18,Jenson Button,1,McLaren,2,2011,2,4,4.0,8.0,6.0,0.0,26.0,2.0,0.0,1,2
843,18,Jenson Button,1,McLaren,17,2011,3,2,2.0,26.0,2.0,0.0,48.0,2.0,0.0,0,4
844,18,Jenson Button,1,McLaren,5,2011,4,6,6.0,38.0,3.0,0.0,85.0,2.0,1.0,0,6
845,18,Jenson Button,1,McLaren,4,2011,5,5,5.0,46.0,4.0,0.0,105.0,2.0,1.0,1,3
846,18,Jenson Button,1,McLaren,6,2011,6,2,2.0,61.0,4.0,0.0,138.0,2.0,1.0,1,3
847,18,Jenson Button,1,McLaren,7,2011,7,7,7.0,76.0,4.0,0.0,161.0,2.0,1.0,1,1
848,18,Jenson Button,1,McLaren,12,2011,8,6,6.0,101.0,2.0,1.0,186.0,2.0,2.0,0,6
849,18,Jenson Button,1,McLaren,9,2011,9,5,5.0,109.0,2.0,1.0,206.0,2.0,2.0,0,20
850,18,Jenson Button,1,McLaren,20,2011,10,7,7.0,109.0,5.0,1.0,218.0,2.0,2.0,0,22
851,18,Jenson Button,1,McLaren,11,2011,11,3,3.0,109.0,5.0,1.0,243.0,2.0,3.0,1,1
852,18,Jenson Button,1,McLaren,13,2011,12,13,13.0,134.0,5.0,2.0,280.0,2.0,4.0,1,3
853,18,Jenson Button,1,McLaren,14,2011,13,3,3.0,149.0,4.0,2.0,295.0,2.0,4.0,1,2
854,18,Jenson Button,1,McLaren,15,2011,14,3,3.0,167.0,3.0,2.0,325.0,2.0,4.0,1,2
855,18,Jenson Button,1,McLaren,22,2011,15,2,2.0,185.0,2.0,2.0,353.0,2.0,4.0,1,1
856,18,Jenson Button,1,McLaren,35,2011,16,3,3.0,210.0,2.0,3.0,388.0,2.0,5.0,0,4
857,18,Jenson Button,1,McLaren,68,2011,17,4,5.0,222.0,2.0,3.0,418.0,2.0,5.0,1,2
858,18,Jenson Button,1,McLaren,24,2011,18,3,3.0,240.0,2.0,3.0,442.0,2.0,5.0,1,3
859,18,Jenson Button,1,McLaren,18,2011,19,3,3.0,255.0,2.0,3.0,482.0,2.0,6.0,1,3
860,18,Jenson Button,1,McLaren,1,2012,1,2,2.0,0.0,99.0,0.0,0.0,99.0,0.0,1,1
861,18,Jenson Button,1,McLaren,2,2012,2,2,2.0,25.0,1.0,1.0,40.0,1.0,1.0,0,14
862,18,Jenson Button,1,McLaren,17,2012,3,5,6.0,25.0,3.0,1.0,55.0,1.0,1.0,1,2
863,18,Jenson Button,1,McLaren,3,2012,4,4,4.0,43.0,2.0,1.0,88.0,1.0,1.0,0,18
864,18,Jenson Button,1,McLaren,4,2012,5,10,11.0,43.0,4.0,1.0,92.0,2.0,1.0,0,9
865,18,Jenson Button,1,McLaren,6,2012,6,12,13.0,45.0,6.0,1.0,98.0,2.0,1.0,0,16
866,18,Jenson Button,1,McLaren,7,2012,7,10,10.0,45.0,7.0,1.0,108.0,2.0,1.0,0,16
867,18,Jenson Button,1,McLaren,12,2012,8,9,9.0,45.0,8.0,1.0,133.0,2.0,2.0,0,8
868,18,Jenson Button,1,McLaren,9,2012,9,16,18.0,49.0,8.0,1.0,137.0,2.0,2.0,0,10
869,18,Jenson Button,1,McLaren,10,2012,10,6,7.0,50.0,8.0,1.0,142.0,4.0,2.0,1,2
870,18,Jenson Button,1,McLaren,11,2012,11,4,4.0,68.0,7.0,1.0,160.0,3.0,2.0,0,6
871,18,Jenson Button,1,McLaren,13,2012,12,1,1.0,76.0,7.0,1.0,193.0,2.0,3.0,1,1
872,18,Jenson Button,1,McLaren,14,2012,13,2,2.0,101.0,6.0,2.0,218.0,2.0,4.0,0,23
873,18,Jenson Button,1,McLaren,15,2012,14,4,4.0,101.0,6.0,2.0,243.0,2.0,5.0,1,2
874,18,Jenson Button,1,McLaren,22,2012,15,8,3.0,119.0,6.0,2.0,261.0,2.0,5.0,0,4
875,18,Jenson Button,1,McLaren,35,2012,16,11,11.0,131.0,6.0,2.0,283.0,2.0,5.0,0,24
876,18,Jenson Button,1,McLaren,68,2012,17,4,4.0,131.0,6.0,2.0,284.0,3.0,5.0,0,5
877,18,Jenson Button,1,McLaren,24,2012,18,5,6.0,141.0,6.0,2.0,306.0,3.0,5.0,0,4
878,18,Jenson Button,1,McLaren,69,2012,19,12,12.0,153.0,6.0,2.0,318.0,3.0,5.0,0,5
879,18,Jenson Button,1,McLaren,18,2012,20,2,2.0,163.0,6.0,2.0,353.0,3.0,6.0,1,1
880,18,Jenson Button,1,McLaren,1,2013,1,10,10.0,0.0,99.0,0.0,0.0,99.0,0.0,0,9
881,18,Jenson Button,1,McLaren,2,2013,2,7,8.0,2.0,9.0,0.0,2.0,6.0,0.0,0,17
882,18,Jenson Button,1,McLaren,17,2013,3,8,8.0,2.0,13.0,0.0,4.0,7.0,0.0,0,5
883,18,Jenson Button,1,McLaren,3,2013,4,10,10.0,12.0,8.0,0.0,14.0,5.0,0.0,0,10
884,18,Jenson Button,1,McLaren,4,2013,5,14,14.0,13.0,10.0,0.0,23.0,6.0,0.0,0,8
885,18,Jenson Button,1,McLaren,6,2013,6,9,9.0,17.0,10.0,0.0,29.0,6.0,0.0,0,6
886,18,Jenson Button,1,McLaren,7,2013,7,14,14.0,25.0,10.0,0.0,37.0,6.0,0.0,0,12
887,18,Jenson Button,1,McLaren,9,2013,8,10,11.0,25.0,10.0,0.0,37.0,6.0,0.0,0,13
888,18,Jenson Button,1,McLaren,20,2013,9,9,9.0,25.0,10.0,0.0,37.0,6.0,0.0,0,6
890,18,Jenson Button,1,McLaren,11,2013,10,13,13.0,33.0,10.0,0.0,49.0,6.0,0.0,0,7
891,18,Jenson Button,1,McLaren,13,2013,11,6,6.0,39.0,9.0,0.0,57.0,6.0,0.0,0,6
892,18,Jenson Button,1,McLaren,14,2013,12,9,9.0,47.0,9.0,0.0,65.0,5.0,0.0,0,10
893,18,Jenson Button,1,McLaren,15,2013,13,8,8.0,48.0,9.0,0.0,66.0,5.0,0.0,0,7
894,18,Jenson Button,1,McLaren,35,2013,14,11,12.0,54.0,9.0,0.0,76.0,5.0,0.0,0,8
895,18,Jenson Button,1,McLaren,22,2013,15,10,10.0,58.0,9.0,0.0,81.0,5.0,0.0,0,9
896,18,Jenson Button,1,McLaren,68,2013,16,10,10.0,60.0,9.0,0.0,83.0,5.0,0.0,0,14
897,18,Jenson Button,1,McLaren,24,2013,17,12,13.0,60.0,9.0,0.0,93.0,5.0,0.0,0,12
898,18,Jenson Button,1,McLaren,69,2013,18,15,13.0,60.0,9.0,0.0,95.0,5.0,0.0,0,10
899,18,Jenson Button,1,McLaren,18,2013,19,14,15.0,61.0,9.0,0.0,102.0,5.0,0.0,0,4
900,18,Jenson Button,1,McLaren,1,2014,1,10,11.0,0.0,99.0,0.0,0.0,99.0,0.0,1,3
901,18,Jenson Button,1,McLaren,2,2014,2,10,10.0,15.0,3.0,0.0,33.0,1.0,0.0,0,6
902,18,Jenson Button,1,McLaren,3,2014,3,6,7.0,23.0,4.0,0.0,43.0,2.0,0.0,0,17
903,18,Jenson Button,1,McLaren,17,2014,4,12,12.0,23.0,5.0,0.0,43.0,3.0,0.0,0,11
904,18,Jenson Button,1,McLaren,4,2014,5,8,8.0,23.0,8.0,0.0,43.0,5.0,0.0,0,11
905,18,Jenson Button,1,McLaren,6,2014,6,12,12.0,23.0,8.0,0.0,43.0,6.0,0.0,0,6
906,18,Jenson Button,1,McLaren,7,2014,7,9,9.0,31.0,8.0,0.0,52.0,5.0,0.0,0,4
907,18,Jenson Button,1,McLaren,70,2014,8,11,12.0,43.0,7.0,0.0,66.0,5.0,0.0,0,11
908,18,Jenson Button,1,McLaren,9,2014,9,3,3.0,43.0,8.0,0.0,72.0,6.0,0.0,0,4
909,18,Jenson Button,1,McLaren,10,2014,10,11,11.0,55.0,8.0,0.0,90.0,6.0,0.0,0,8
910,18,Jenson Button,1,McLaren,11,2014,11,7,7.0,59.0,8.0,0.0,96.0,6.0,0.0,0,10
911,18,Jenson Button,1,McLaren,13,2014,12,10,10.0,60.0,8.0,0.0,97.0,6.0,0.0,0,6
912,18,Jenson Button,1,McLaren,14,2014,13,6,6.0,68.0,8.0,0.0,105.0,5.0,0.0,0,8
913,18,Jenson Button,1,McLaren,15,2014,14,11,11.0,72.0,7.0,0.0,110.0,5.0,0.0,0,18
914,18,Jenson Button,1,McLaren,22,2014,15,8,8.0,72.0,7.0,0.0,111.0,6.0,0.0,0,5
915,18,Jenson Button,1,McLaren,71,2014,16,4,4.0,82.0,7.0,0.0,121.0,6.0,0.0,0,4
916,18,Jenson Button,1,McLaren,69,2014,17,12,7.0,94.0,7.0,0.0,143.0,5.0,0.0,0,12
917,18,Jenson Button,1,McLaren,18,2014,18,5,5.0,94.0,7.0,0.0,147.0,5.0,0.0,0,4
918,18,Jenson Button,1,McLaren,24,2014,19,6,6.0,106.0,7.0,0.0,161.0,5.0,0.0,0,5
926,18,Jenson Button,1,McLaren,1,2015,1,16,17.0,0.0,99.0,0.0,0.0,99.0,0.0,0,11
927,18,Jenson Button,1,McLaren,2,2015,2,17,17.0,0.0,11.0,0.0,0.0,8.0,0.0,0,17
928,18,Jenson Button,1,McLaren,17,2015,3,17,17.0,0.0,16.0,0.0,0.0,9.0,0.0,0,14
930,18,Jenson Button,1,McLaren,4,2015,5,14,14.0,0.0,17.0,0.0,0.0,9.0,0.0,0,16
931,18,Jenson Button,1,McLaren,6,2015,6,10,12.0,0.0,17.0,0.0,0.0,9.0,0.0,0,8
933,18,Jenson Button,1,McLaren,70,2015,8,20,17.0,4.0,17.0,0.0,4.0,9.0,0.0,0,17
934,18,Jenson Button,1,McLaren,9,2015,9,18,18.0,4.0,17.0,0.0,4.0,9.0,0.0,0,19
936,18,Jenson Button,1,McLaren,11,2015,10,16,16.0,4.0,17.0,0.0,5.0,9.0,0.0,0,9
937,18,Jenson Button,1,McLaren,13,2015,11,19,17.0,6.0,17.0,0.0,17.0,9.0,0.0,0,14
938,18,Jenson Button,1,McLaren,14,2015,12,15,16.0,6.0,18.0,0.0,17.0,9.0,0.0,0,14
939,18,Jenson Button,1,McLaren,15,2015,13,15,15.0,6.0,18.0,0.0,17.0,9.0,0.0,0,16
940,18,Jenson Button,1,McLaren,22,2015,14,14,16.0,6.0,18.0,0.0,17.0,9.0,0.0,0,16
941,18,Jenson Button,1,McLaren,71,2015,15,13,13.0,6.0,18.0,0.0,17.0,9.0,0.0,0,9
942,18,Jenson Button,1,McLaren,69,2015,16,11,14.0,8.0,18.0,0.0,19.0,9.0,0.0,0,6
943,18,Jenson Button,1,McLaren,32,2015,17,20,20.0,16.0,16.0,0.0,27.0,9.0,0.0,0,14
944,18,Jenson Button,1,McLaren,18,2015,18,16,17.0,16.0,16.0,0.0,27.0,9.0,0.0,0,14
945,18,Jenson Button,1,McLaren,24,2015,19,12,12.0,16.0,16.0,0.0,27.0,9.0,0.0,0,12
948,18,Jenson Button,1,McLaren,1,2016,1,12,13.0,0.0,99.0,0.0,0.0,99.0,0.0,0,14
949,18,Jenson Button,1,McLaren,3,2016,2,14,14.0,0.0,14.0,0.0,0.0,9.0,0.0,0,20
950,18,Jenson Button,1,McLaren,17,2016,3,12,13.0,0.0,20.0,0.0,1.0,8.0,0.0,0,13
951,18,Jenson Button,1,McLaren,71,2016,4,12,12.0,0.0,19.0,0.0,1.0,8.0,0.0,0,10
952,18,Jenson Button,1,McLaren,4,2016,5,12,12.0,1.0,16.0,0.0,10.0,7.0,0.0,0,9
953,18,Jenson Button,1,McLaren,6,2016,6,13,13.0,3.0,16.0,0.0,12.0,8.0,0.0,0,9
954,18,Jenson Button,1,McLaren,7,2016,7,12,12.0,5.0,16.0,0.0,24.0,7.0,0.0,0,22
955,18,Jenson Button,1,McLaren,73,2016,8,19,19.0,5.0,16.0,0.0,24.0,7.0,0.0,0,11
956,18,Jenson Button,1,McLaren,70,2016,9,3,5.0,5.0,16.0,0.0,24.0,7.0,0.0,0,6
957,18,Jenson Button,1,McLaren,9,2016,10,17,17.0,13.0,15.0,0.0,32.0,7.0,0.0,0,12
958,18,Jenson Button,1,McLaren,11,2016,11,8,8.0,13.0,15.0,0.0,32.0,7.0,0.0,0,22
959,18,Jenson Button,1,McLaren,10,2016,12,12,12.0,13.0,15.0,0.0,38.0,7.0,0.0,0,8
960,18,Jenson Button,1,McLaren,13,2016,13,9,9.0,17.0,15.0,0.0,42.0,7.0,0.0,0,21
961,18,Jenson Button,1,McLaren,14,2016,14,14,15.0,17.0,15.0,0.0,48.0,6.0,0.0,0,12
962,18,Jenson Button,1,McLaren,15,2016,15,12,13.0,17.0,15.0,0.0,48.0,6.0,0.0,0,19
963,18,Jenson Button,1,McLaren,2,2016,16,9,9.0,17.0,15.0,0.0,54.0,6.0,0.0,0,9
964,18,Jenson Button,1,McLaren,22,2016,17,22,17.0,19.0,15.0,0.0,62.0,6.0,0.0,0,18
965,18,Jenson Button,1,McLaren,69,2016,18,19,19.0,19.0,15.0,0.0,62.0,6.0,0.0,0,9
966,18,Jenson Button,1,McLaren,32,2016,19,13,13.0,21.0,15.0,0.0,74.0,6.0,0.0,0,12
967,18,Jenson Button,1,McLaren,18,2016,20,17,17.0,21.0,15.0,0.0,74.0,6.0,0.0,0,16
968,18,Jenson Button,1,McLaren,24,2016,21,12,12.0,21.0,15.0,0.0,75.0,6.0,0.0,0,20
974,18,Jenson Button,1,McLaren,6,2017,6,20,9.0,0.0,99.0,0.0,0.0,10.0,0.0,0,18
72,19,Anthony Davidson,16,BAR,2,2005,2,15,15.0,0.0,99.0,0.0,0.0,10.0,0.0,0,19
36,19,Anthony Davidson,8,Super Aguri,1,2007,1,11,11.0,0.0,99.0,0.0,0.0,99.0,0.0,0,16
37,19,Anthony Davidson,8,Super Aguri,2,2007,2,18,18.0,0.0,16.0,0.0,0.0,7.0,0.0,0,16
38,19,Anthony Davidson,8,Super Aguri,3,2007,3,13,13.0,0.0,18.0,0.0,0.0,8.0,0.0,0,16
39,19,Anthony Davidson,8,Super Aguri,4,2007,4,15,15.0,0.0,21.0,0.0,0.0,8.0,0.0,0,11
40,19,Anthony Davidson,8,Super Aguri,6,2007,5,17,17.0,0.0,17.0,0.0,1.0,7.0,0.0,0,18
41,19,Anthony Davidson,8,Super Aguri,7,2007,6,17,17.0,0.0,19.0,0.0,1.0,7.0,0.0,0,11
42,19,Anthony Davidson,8,Super Aguri,19,2007,7,16,16.0,0.0,18.0,0.0,4.0,7.0,0.0,0,11
43,19,Anthony Davidson,8,Super Aguri,8,2007,8,19,19.0,0.0,19.0,0.0,4.0,7.0,0.0,0,20
44,19,Anthony Davidson,8,Super Aguri,9,2007,9,19,19.0,0.0,20.0,0.0,4.0,7.0,0.0,0,18
45,19,Anthony Davidson,8,Super Aguri,20,2007,10,15,15.0,0.0,20.0,0.0,4.0,7.0,0.0,0,12
46,19,Anthony Davidson,8,Super Aguri,11,2007,11,15,15.0,0.0,20.0,0.0,4.0,7.0,0.0,0,20
47,19,Anthony Davidson,8,Super Aguri,5,2007,12,11,11.0,0.0,20.0,0.0,4.0,7.0,0.0,0,14
48,19,Anthony Davidson,8,Super Aguri,14,2007,13,14,14.0,0.0,20.0,0.0,4.0,7.0,0.0,0,14
49,19,Anthony Davidson,8,Super Aguri,13,2007,14,20,20.0,0.0,20.0,0.0,4.0,7.0,0.0,0,16
50,19,Anthony Davidson,8,Super Aguri,16,2007,15,19,19.0,0.0,20.0,0.0,4.0,7.0,0.0,0,17
51,19,Anthony Davidson,8,Super Aguri,17,2007,16,14,14.0,0.0,22.0,0.0,4.0,7.0,0.0,0,22
52,19,Anthony Davidson,8,Super Aguri,18,2007,17,20,20.0,0.0,22.0,0.0,4.0,9.0,0.0,0,14
18,19,Anthony Davidson,8,Super Aguri,1,2008,1,21,22.0,0.0,99.0,0.0,0.0,99.0,0.0,0,19
19,19,Anthony Davidson,8,Super Aguri,2,2008,2,21,22.0,0.0,99.0,0.0,0.0,99.0,0.0,0,15
20,19,Anthony Davidson,8,Super Aguri,3,2008,3,21,21.0,0.0,17.0,0.0,0.0,11.0,0.0,0,16
21,19,Anthony Davidson,8,Super Aguri,4,2008,4,21,21.0,0.0,19.0,0.0,0.0,11.0,0.0,0,18
42,20,Sebastian Vettel,2,BMW Sauber,19,2007,7,7,7.0,0.0,99.0,0.0,38.0,2.0,0.0,0,8
46,20,Sebastian Vettel,5,Toro Rosso,11,2007,11,20,20.0,1.0,16.0,0.0,0.0,9.0,0.0,0,16
47,20,Sebastian Vettel,5,Toro Rosso,5,2007,12,18,18.0,1.0,17.0,0.0,0.0,9.0,0.0,0,19
48,20,Sebastian Vettel,5,Toro Rosso,14,2007,13,16,16.0,1.0,17.0,0.0,0.0,9.0,0.0,0,18
49,20,Sebastian Vettel,5,Toro Rosso,13,2007,14,16,16.0,1.0,17.0,0.0,0.0,9.0,0.0,0,21
50,20,Sebastian Vettel,5,Toro Rosso,16,2007,15,8,8.0,1.0,17.0,0.0,0.0,9.0,0.0,0,19
51,20,Sebastian Vettel,5,Toro Rosso,17,2007,16,17,17.0,1.0,18.0,0.0,0.0,10.0,0.0,0,4
52,20,Sebastian Vettel,5,Toro Rosso,18,2007,17,13,13.0,6.0,14.0,0.0,8.0,7.0,0.0,0,18
18,20,Sebastian Vettel,5,Toro Rosso,1,2008,1,9,10.0,0.0,99.0,0.0,0.0,99.0,0.0,0,20
19,20,Sebastian Vettel,5,Toro Rosso,2,2008,2,15,15.0,0.0,99.0,0.0,2.0,5.0,0.0,0,18
20,20,Sebastian Vettel,5,Toro Rosso,3,2008,3,19,19.0,0.0,99.0,0.0,2.0,8.0,0.0,0,22
21,20,Sebastian Vettel,5,Toro Rosso,4,2008,4,18,18.0,0.0,99.0,0.0,2.0,8.0,0.0,0,22
22,20,Sebastian Vettel,5,Toro Rosso,5,2008,5,14,14.0,0.0,99.0,0.0,2.0,9.0,0.0,0,17
23,20,Sebastian Vettel,5,Toro Rosso,6,2008,6,19,18.0,0.0,22.0,0.0,2.0,9.0,0.0,0,5
24,20,Sebastian Vettel,5,Toro Rosso,7,2008,7,19,20.0,4.0,12.0,0.0,6.0,8.0,0.0,0,8
25,20,Sebastian Vettel,5,Toro Rosso,8,2008,8,12,13.0,5.0,14.0,0.0,7.0,9.0,0.0,0,12
26,20,Sebastian Vettel,5,Toro Rosso,9,2008,9,8,8.0,5.0,14.0,0.0,7.0,9.0,0.0,0,19
27,20,Sebastian Vettel,5,Toro Rosso,10,2008,10,9,9.0,5.0,15.0,0.0,7.0,9.0,0.0,0,8
28,20,Sebastian Vettel,5,Toro Rosso,11,2008,11,11,11.0,6.0,15.0,0.0,8.0,9.0,0.0,0,20
29,20,Sebastian Vettel,5,Toro Rosso,12,2008,12,6,6.0,6.0,16.0,0.0,8.0,9.0,0.0,0,6
30,20,Sebastian Vettel,5,Toro Rosso,13,2008,13,10,10.0,9.0,14.0,0.0,11.0,9.0,0.0,0,5
31,20,Sebastian Vettel,5,Toro Rosso,14,2008,14,1,1.0,13.0,12.0,0.0,17.0,8.0,0.0,1,1
32,20,Sebastian Vettel,5,Toro Rosso,15,2008,15,6,7.0,23.0,9.0,1.0,27.0,6.0,1.0,0,5
33,20,Sebastian Vettel,5,Toro Rosso,16,2008,16,9,9.0,27.0,8.0,1.0,31.0,6.0,1.0,0,6
34,20,Sebastian Vettel,5,Toro Rosso,17,2008,17,6,8.0,30.0,8.0,1.0,34.0,6.0,1.0,0,9
35,20,Sebastian Vettel,5,Toro Rosso,18,2008,18,7,7.0,30.0,8.0,1.0,34.0,6.0,1.0,0,4
1,20,Sebastian Vettel,9,Red Bull,1,2009,1,3,3.0,0.0,99.0,0.0,0.0,99.0,0.0,0,13
2,20,Sebastian Vettel,9,Red Bull,2,2009,2,13,3.0,0.0,13.0,0.0,0.0,8.0,0.0,0,15
3,20,Sebastian Vettel,9,Red Bull,17,2009,3,1,1.0,0.0,16.0,0.0,1.5,7.0,0.0,1,1
4,20,Sebastian Vettel,9,Red Bull,3,2009,4,3,3.0,10.0,3.0,1.0,19.5,2.0,1.0,1,2
5,20,Sebastian Vettel,9,Red Bull,4,2009,5,2,2.0,18.0,3.0,1.0,27.5,2.0,1.0,0,4
6,20,Sebastian Vettel,9,Red Bull,6,2009,6,4,4.0,23.0,3.0,1.0,38.5,2.0,1.0,0,18
7,20,Sebastian Vettel,9,Red Bull,5,2009,7,1,1.0,23.0,3.0,1.0,42.5,2.0,1.0,1,3
8,20,Sebastian Vettel,9,Red Bull,9,2009,8,1,1.0,29.0,3.0,1.0,56.5,2.0,1.0,1,1
9,20,Sebastian Vettel,9,Red Bull,20,2009,9,4,4.0,39.0,3.0,2.0,74.5,2.0,2.0,1,2
10,20,Sebastian Vettel,9,Red Bull,11,2009,10,2,2.0,47.0,2.0,2.0,92.5,2.0,3.0,0,17
11,20,Sebastian Vettel,9,Red Bull,12,2009,11,4,4.0,47.0,3.0,2.0,98.5,2.0,3.0,0,20
12,20,Sebastian Vettel,9,Red Bull,13,2009,12,8,8.0,47.0,4.0,2.0,98.5,2.0,3.0,1,3
13,20,Sebastian Vettel,9,Red Bull,14,2009,13,9,9.0,53.0,3.0,2.0,104.5,2.0,3.0,0,8
14,20,Sebastian Vettel,9,Red Bull,15,2009,14,2,2.0,54.0,3.0,2.0,105.5,2.0,3.0,0,4
15,20,Sebastian Vettel,9,Red Bull,22,2009,15,1,1.0,59.0,3.0,2.0,110.5,2.0,3.0,1,1
16,20,Sebastian Vettel,9,Red Bull,18,2009,16,15,16.0,69.0,3.0,3.0,120.5,2.0,4.0,0,4
17,20,Sebastian Vettel,9,Red Bull,24,2009,17,2,2.0,74.0,2.0,3.0,135.5,2.0,5.0,1,1
337,20,Sebastian Vettel,9,Red Bull,3,2010,1,1,1.0,0.0,99.0,0.0,0.0,99.0,0.0,0,4
338,20,Sebastian Vettel,9,Red Bull,1,2010,2,1,1.0,12.0,4.0,0.0,16.0,4.0,0.0,0,17
339,20,Sebastian Vettel,9,Red Bull,2,2010,3,3,3.0,12.0,7.0,0.0,18.0,5.0,0.0,1,1
340,20,Sebastian Vettel,9,Red Bull,17,2010,4,1,1.0,37.0,3.0,1.0,61.0,3.0,1.0,0,6
341,20,Sebastian Vettel,9,Red Bull,4,2010,5,2,2.0,45.0,5.0,1.0,73.0,3.0,1.0,1,3
342,20,Sebastian Vettel,9,Red Bull,6,2010,6,3,3.0,60.0,3.0,1.0,113.0,3.0,2.0,1,2
343,20,Sebastian Vettel,9,Red Bull,5,2010,7,3,3.0,78.0,2.0,1.0,156.0,1.0,3.0,0,22
344,20,Sebastian Vettel,9,Red Bull,7,2010,8,2,3.0,78.0,5.0,1.0,171.0,2.0,3.0,0,4
345,20,Sebastian Vettel,9,Red Bull,12,2010,9,1,1.0,90.0,5.0,1.0,193.0,2.0,3.0,1,1
346,20,Sebastian Vettel,9,Red Bull,9,2010,10,1,1.0,115.0,3.0,2.0,218.0,2.0,4.0,0,7
347,20,Sebastian Vettel,9,Red Bull,10,2010,11,1,1.0,121.0,4.0,2.0,249.0,2.0,5.0,1,3
348,20,Sebastian Vettel,9,Red Bull,11,2010,12,1,1.0,136.0,4.0,2.0,272.0,2.0,5.0,1,3
349,20,Sebastian Vettel,9,Red Bull,13,2010,13,4,4.0,151.0,3.0,2.0,312.0,1.0,6.0,0,15
350,20,Sebastian Vettel,9,Red Bull,14,2010,14,6,6.0,151.0,3.0,2.0,330.0,1.0,6.0,0,4
351,20,Sebastian Vettel,9,Red Bull,15,2010,15,2,2.0,163.0,5.0,2.0,350.0,1.0,6.0,1,2
352,20,Sebastian Vettel,9,Red Bull,22,2010,16,1,1.0,181.0,4.0,2.0,383.0,1.0,6.0,1,1
353,20,Sebastian Vettel,9,Red Bull,35,2010,17,1,1.0,206.0,3.0,3.0,426.0,1.0,7.0,0,17
354,20,Sebastian Vettel,9,Red Bull,18,2010,18,2,2.0,206.0,4.0,3.0,426.0,1.0,7.0,1,1
355,20,Sebastian Vettel,9,Red Bull,24,2010,19,1,1.0,231.0,3.0,4.0,469.0,1.0,8.0,1,1
841,20,Sebastian Vettel,9,Red Bull,1,2011,1,1,1.0,0.0,99.0,0.0,0.0,99.0,0.0,1,1
842,20,Sebastian Vettel,9,Red Bull,2,2011,2,1,1.0,25.0,1.0,1.0,35.0,1.0,1.0,1,1
843,20,Sebastian Vettel,9,Red Bull,17,2011,3,1,1.0,50.0,1.0,2.0,72.0,1.0,2.0,1,2
844,20,Sebastian Vettel,9,Red Bull,5,2011,4,1,1.0,68.0,1.0,2.0,105.0,1.0,2.0,1,1
845,20,Sebastian Vettel,9,Red Bull,4,2011,5,2,2.0,93.0,1.0,3.0,148.0,1.0,3.0,1,1
846,20,Sebastian Vettel,9,Red Bull,6,2011,6,1,1.0,118.0,1.0,4.0,185.0,1.0,4.0,1,1
847,20,Sebastian Vettel,9,Red Bull,7,2011,7,1,1.0,143.0,1.0,5.0,222.0,1.0,5.0,1,2
848,20,Sebastian Vettel,9,Red Bull,12,2011,8,1,1.0,161.0,1.0,5.0,255.0,1.0,5.0,1,1
849,20,Sebastian Vettel,9,Red Bull,9,2011,9,2,2.0,186.0,1.0,6.0,295.0,1.0,6.0,1,2
850,20,Sebastian Vettel,9,Red Bull,20,2011,10,3,3.0,204.0,1.0,6.0,328.0,1.0,6.0,0,4
851,20,Sebastian Vettel,9,Red Bull,11,2011,11,1,1.0,216.0,1.0,6.0,355.0,1.0,6.0,1,2
852,20,Sebastian Vettel,9,Red Bull,13,2011,12,1,1.0,234.0,1.0,6.0,383.0,1.0,6.0,1,1
853,20,Sebastian Vettel,9,Red Bull,14,2011,13,1,1.0,259.0,1.0,7.0,426.0,1.0,7.0,1,1
854,20,Sebastian Vettel,9,Red Bull,15,2011,14,1,1.0,284.0,1.0,8.0,451.0,1.0,8.0,1,1
855,20,Sebastian Vettel,9,Red Bull,22,2011,15,1,1.0,309.0,1.0,9.0,491.0,1.0,9.0,1,3
856,20,Sebastian Vettel,9,Red Bull,35,2011,16,2,2.0,324.0,1.0,9.0,518.0,1.0,9.0,1,1
857,20,Sebastian Vettel,9,Red Bull,68,2011,17,1,1.0,349.0,1.0,10.0,558.0,1.0,10.0,1,1
858,20,Sebastian Vettel,9,Red Bull,24,2011,18,1,1.0,374.0,1.0,11.0,595.0,1.0,11.0,0,24
859,20,Sebastian Vettel,9,Red Bull,18,2011,19,1,1.0,374.0,1.0,11.0,607.0,1.0,11.0,1,2
860,20,Sebastian Vettel,9,Red Bull,1,2012,1,6,6.0,0.0,99.0,0.0,0.0,99.0,0.0,1,2
861,20,Sebastian Vettel,9,Red Bull,2,2012,2,5,6.0,18.0,2.0,0.0,30.0,2.0,0.0,0,11
862,20,Sebastian Vettel,9,Red Bull,17,2012,3,11,11.0,18.0,6.0,0.0,42.0,2.0,0.0,0,5
863,20,Sebastian Vettel,9,Red Bull,3,2012,4,1,1.0,28.0,5.0,0.0,64.0,2.0,0.0,1,1
864,20,Sebastian Vettel,9,Red Bull,4,2012,5,7,8.0,53.0,1.0,1.0,101.0,1.0,1.0,0,6
865,20,Sebastian Vettel,9,Red Bull,6,2012,6,9,10.0,61.0,1.0,1.0,109.0,1.0,1.0,0,4
866,20,Sebastian Vettel,9,Red Bull,7,2012,7,1,1.0,73.0,2.0,1.0,146.0,1.0,2.0,0,4
867,20,Sebastian Vettel,9,Red Bull,12,2012,8,1,1.0,85.0,3.0,1.0,164.0,1.0,2.0,0,21
868,20,Sebastian Vettel,9,Red Bull,9,2012,9,4,4.0,85.0,4.0,1.0,176.0,1.0,2.0,1,3
869,20,Sebastian Vettel,9,Red Bull,10,2012,10,2,2.0,100.0,3.0,1.0,216.0,1.0,3.0,0,5
870,20,Sebastian Vettel,9,Red Bull,11,2012,11,3,3.0,110.0,3.0,1.0,230.0,1.0,3.0,0,4
871,20,Sebastian Vettel,9,Red Bull,13,2012,12,10,11.0,122.0,3.0,1.0,246.0,1.0,3.0,1,2
872,20,Sebastian Vettel,9,Red Bull,14,2012,13,5,6.0,140.0,2.0,1.0,272.0,1.0,3.0,0,22
873,20,Sebastian Vettel,9,Red Bull,15,2012,14,3,3.0,140.0,4.0,1.0,272.0,1.0,3.0,1,1
874,20,Sebastian Vettel,9,Red Bull,22,2012,15,1,1.0,165.0,2.0,2.0,297.0,1.0,4.0,1,1
875,20,Sebastian Vettel,9,Red Bull,35,2012,16,2,2.0,190.0,2.0,3.0,324.0,1.0,5.0,1,1
876,20,Sebastian Vettel,9,Red Bull,68,2012,17,1,1.0,215.0,1.0,4.0,367.0,1.0,6.0,1,1
877,20,Sebastian Vettel,9,Red Bull,24,2012,18,24,3.0,240.0,1.0,5.0,407.0,1.0,7.0,1,3
878,20,Sebastian Vettel,9,Red Bull,69,2012,19,1,1.0,255.0,1.0,5.0,422.0,1.0,7.0,1,2
879,20,Sebastian Vettel,9,Red Bull,18,2012,20,4,4.0,273.0,1.0,5.0,440.0,1.0,7.0,0,6
880,20,Sebastian Vettel,9,Red Bull,1,2013,1,1,1.0,0.0,99.0,0.0,0.0,99.0,0.0,1,3
881,20,Sebastian Vettel,9,Red Bull,2,2013,2,1,1.0,15.0,3.0,0.0,23.0,3.0,0.0,1,1
882,20,Sebastian Vettel,9,Red Bull,17,2013,3,9,9.0,40.0,1.0,1.0,66.0,1.0,1.0,0,4
883,20,Sebastian Vettel,9,Red Bull,3,2013,4,2,2.0,52.0,1.0,1.0,78.0,1.0,1.0,1,1
884,20,Sebastian Vettel,9,Red Bull,4,2013,5,3,3.0,77.0,1.0,2.0,109.0,1.0,2.0,0,4
885,20,Sebastian Vettel,9,Red Bull,6,2013,6,3,3.0,89.0,1.0,2.0,131.0,1.0,2.0,1,2
886,20,Sebastian Vettel,9,Red Bull,7,2013,7,1,1.0,107.0,1.0,2.0,164.0,1.0,2.0,1,1
887,20,Sebastian Vettel,9,Red Bull,9,2013,8,3,3.0,132.0,1.0,3.0,201.0,1.0,3.0,0,21
888,20,Sebastian Vettel,9,Red Bull,20,2013,9,2,2.0,132.0,1.0,3.0,219.0,1.0,3.0,1,1
890,20,Sebastian Vettel,9,Red Bull,11,2013,10,2,2.0,157.0,1.0,4.0,250.0,1.0,4.0,1,3
891,20,Sebastian Vettel,9,Red Bull,13,2013,11,2,2.0,172.0,1.0,4.0,277.0,1.0,4.0,1,1
892,20,Sebastian Vettel,9,Red Bull,14,2013,12,1,1.0,197.0,1.0,5.0,312.0,1.0,5.0,1,1
893,20,Sebastian Vettel,9,Red Bull,15,2013,13,1,1.0,222.0,1.0,6.0,352.0,1.0,6.0,1,1
894,20,Sebastian Vettel,9,Red Bull,35,2013,14,1,1.0,247.0,1.0,7.0,377.0,1.0,7.0,1,1
895,20,Sebastian Vettel,9,Red Bull,22,2013,15,2,2.0,272.0,1.0,8.0,402.0,1.0,8.0,1,1
896,20,Sebastian Vettel,9,Red Bull,68,2013,16,1,1.0,297.0,1.0,9.0,445.0,1.0,9.0,1,1
897,20,Sebastian Vettel,9,Red Bull,24,2013,17,2,2.0,322.0,1.0,10.0,470.0,1.0,10.0,1,1
898,20,Sebastian Vettel,9,Red Bull,69,2013,18,1,1.0,347.0,1.0,11.0,513.0,1.0,11.0,1,1
899,20,Sebastian Vettel,9,Red Bull,18,2013,19,1,1.0,372.0,1.0,12.0,553.0,1.0,12.0,1,1
900,20,Sebastian Vettel,9,Red Bull,1,2014,1,12,13.0,0.0,99.0,0.0,0.0,99.0,0.0,0,18
901,20,Sebastian Vettel,9,Red Bull,2,2014,2,2,2.0,0.0,18.0,0.0,0.0,11.0,0.0,1,3
902,20,Sebastian Vettel,9,Red Bull,3,2014,3,10,11.0,15.0,7.0,0.0,15.0,6.0,0.0,0,6
903,20,Sebastian Vettel,9,Red Bull,17,2014,4,3,3.0,23.0,6.0,0.0,35.0,4.0,0.0,0,5
904,20,Sebastian Vettel,9,Red Bull,4,2014,5,15,10.0,33.0,5.0,0.0,57.0,2.0,0.0,0,4
905,20,Sebastian Vettel,9,Red Bull,6,2014,6,4,4.0,45.0,4.0,0.0,84.0,2.0,0.0,0,20
906,20,Sebastian Vettel,9,Red Bull,7,2014,7,3,3.0,45.0,6.0,0.0,99.0,2.0,0.0,1,3
907,20,Sebastian Vettel,9,Red Bull,70,2014,8,12,13.0,60.0,5.0,0.0,139.0,2.0,1.0,0,21
908,20,Sebastian Vettel,9,Red Bull,9,2014,9,2,2.0,60.0,5.0,0.0,143.0,2.0,1.0,0,5
909,20,Sebastian Vettel,9,Red Bull,10,2014,10,6,6.0,70.0,6.0,0.0,168.0,2.0,1.0,0,4
910,20,Sebastian Vettel,9,Red Bull,11,2014,11,2,2.0,82.0,6.0,0.0,188.0,2.0,1.0,0,7
911,20,Sebastian Vettel,9,Red Bull,13,2014,12,3,3.0,88.0,6.0,0.0,219.0,2.0,2.0,0,5
912,20,Sebastian Vettel,9,Red Bull,14,2014,13,8,8.0,98.0,6.0,0.0,254.0,2.0,3.0,0,6
913,20,Sebastian Vettel,9,Red Bull,15,2014,14,4,4.0,106.0,6.0,0.0,272.0,2.0,3.0,1,2
914,20,Sebastian Vettel,9,Red Bull,22,2014,15,9,9.0,124.0,5.0,0.0,305.0,2.0,3.0,1,3
915,20,Sebastian Vettel,9,Red Bull,71,2014,16,10,11.0,139.0,4.0,0.0,332.0,2.0,3.0,0,8
916,20,Sebastian Vettel,9,Red Bull,69,2014,17,18,17.0,143.0,5.0,0.0,342.0,2.0,3.0,0,7
917,20,Sebastian Vettel,9,Red Bull,18,2014,18,6,6.0,149.0,5.0,0.0,363.0,2.0,3.0,0,5
926,20,Sebastian Vettel,6,Ferrari,1,2015,1,4,4.0,0.0,99.0,0.0,0.0,99.0,0.0,1,3
927,20,Sebastian Vettel,6,Ferrari,2,2015,2,2,2.0,15.0,3.0,0.0,15.0,2.0,0.0,1,1
928,20,Sebastian Vettel,6,Ferrari,17,2015,3,3,3.0,40.0,2.0,1.0,52.0,2.0,1.0,1,3
929,20,Sebastian Vettel,6,Ferrari,3,2015,4,2,2.0,55.0,2.0,1.0,79.0,2.0,1.0,0,5
930,20,Sebastian Vettel,6,Ferrari,4,2015,5,3,3.0,65.0,3.0,1.0,107.0,2.0,1.0,1,3
931,20,Sebastian Vettel,6,Ferrari,6,2015,6,3,3.0,80.0,3.0,1.0,132.0,2.0,1.0,1,2
932,20,Sebastian Vettel,6,Ferrari,7,2015,7,18,16.0,98.0,3.0,1.0,158.0,2.0,1.0,0,5
933,20,Sebastian Vettel,6,Ferrari,70,2015,8,3,3.0,108.0,3.0,1.0,180.0,2.0,1.0,0,4
934,20,Sebastian Vettel,6,Ferrari,9,2015,9,6,6.0,120.0,3.0,1.0,192.0,2.0,1.0,1,3
936,20,Sebastian Vettel,6,Ferrari,11,2015,10,3,3.0,135.0,3.0,1.0,211.0,2.0,1.0,1,1
937,20,Sebastian Vettel,6,Ferrari,13,2015,11,8,9.0,160.0,3.0,2.0,236.0,2.0,2.0,0,12
938,20,Sebastian Vettel,6,Ferrari,14,2015,12,3,3.0,160.0,3.0,2.0,242.0,2.0,2.0,1,2
939,20,Sebastian Vettel,6,Ferrari,15,2015,13,1,1.0,178.0,3.0,2.0,270.0,2.0,2.0,1,1
940,20,Sebastian Vettel,6,Ferrari,22,2015,14,4,4.0,203.0,3.0,3.0,310.0,2.0,3.0,1,3
941,20,Sebastian Vettel,6,Ferrari,71,2015,15,4,4.0,218.0,3.0,3.0,337.0,2.0,3.0,1,2
942,20,Sebastian Vettel,6,Ferrari,69,2015,16,13,5.0,236.0,2.0,3.0,359.0,2.0,3.0,1,3
943,20,Sebastian Vettel,6,Ferrari,32,2015,17,3,3.0,251.0,2.0,3.0,374.0,2.0,3.0,0,18
944,20,Sebastian Vettel,6,Ferrari,18,2015,18,3,3.0,251.0,3.0,3.0,374.0,2.0,3.0,1,3
945,20,Sebastian Vettel,6,Ferrari,24,2015,19,15,16.0,266.0,3.0,3.0,401.0,2.0,3.0,0,4
948,20,Sebastian Vettel,6,Ferrari,1,2016,1,3,3.0,0.0,99.0,0.0,0.0,99.0,0.0,1,3
949,20,Sebastian Vettel,6,Ferrari,3,2016,2,3,3.0,15.0,3.0,0.0,15.0,2.0,0.0,0,21
950,20,Sebastian Vettel,6,Ferrari,17,2016,3,4,4.0,15.0,6.0,0.0,33.0,2.0,0.0,1,2
951,20,Sebastian Vettel,6,Ferrari,71,2016,4,7,2.0,33.0,4.0,0.0,61.0,2.0,0.0,0,20
952,20,Sebastian Vettel,6,Ferrari,4,2016,5,6,6.0,33.0,5.0,0.0,76.0,2.0,0.0,1,3
953,20,Sebastian Vettel,6,Ferrari,6,2016,6,4,4.0,48.0,4.0,0.0,109.0,2.0,0.0,0,4
954,20,Sebastian Vettel,6,Ferrari,7,2016,7,3,3.0,60.0,5.0,0.0,121.0,2.0,0.0,1,2
955,20,Sebastian Vettel,6,Ferrari,73,2016,8,3,4.0,78.0,3.0,0.0,147.0,2.0,0.0,1,2
956,20,Sebastian Vettel,6,Ferrari,70,2016,9,9,4.0,96.0,3.0,0.0,177.0,2.0,0.0,0,21
957,20,Sebastian Vettel,6,Ferrari,9,2016,10,11,6.0,96.0,3.0,0.0,192.0,2.0,0.0,0,9
958,20,Sebastian Vettel,6,Ferrari,11,2016,11,5,5.0,98.0,5.0,0.0,204.0,2.0,0.0,0,4
959,20,Sebastian Vettel,6,Ferrari,10,2016,12,6,6.0,110.0,5.0,0.0,224.0,2.0,0.0,0,5
960,20,Sebastian Vettel,6,Ferrari,13,2016,13,4,4.0,120.0,5.0,0.0,242.0,3.0,0.0,0,6
961,20,Sebastian Vettel,6,Ferrari,14,2016,14,3,3.0,128.0,4.0,0.0,252.0,3.0,0.0,1,3
962,20,Sebastian Vettel,6,Ferrari,15,2016,15,22,22.0,143.0,4.0,0.0,279.0,3.0,0.0,0,5
963,20,Sebastian Vettel,6,Ferrari,2,2016,16,5,5.0,153.0,4.0,0.0,301.0,3.0,0.0,0,22
964,20,Sebastian Vettel,6,Ferrari,22,2016,17,6,4.0,153.0,5.0,0.0,313.0,3.0,0.0,0,4
965,20,Sebastian Vettel,6,Ferrari,69,2016,18,6,6.0,165.0,6.0,0.0,335.0,3.0,0.0,0,4
966,20,Sebastian Vettel,6,Ferrari,32,2016,19,7,7.0,177.0,4.0,0.0,347.0,3.0,0.0,0,5
967,20,Sebastian Vettel,6,Ferrari,18,2016,20,5,5.0,187.0,4.0,0.0,365.0,3.0,0.0,0,5
968,20,Sebastian Vettel,6,Ferrari,24,2016,21,5,5.0,197.0,4.0,0.0,375.0,3.0,0.0,1,3
969,20,Sebastian Vettel,6,Ferrari,1,2017,1,2,2.0,0.0,99.0,0.0,0.0,99.0,0.0,1,1
970,20,Sebastian Vettel,6,Ferrari,17,2017,2,2,2.0,25.0,1.0,1.0,37.0,1.0,1.0,1,2
971,20,Sebastian Vettel,6,Ferrari,3,2017,3,3,3.0,43.0,1.0,1.0,65.0,2.0,1.0,1,1
972,20,Sebastian Vettel,6,Ferrari,71,2017,4,1,1.0,68.0,1.0,2.0,102.0,1.0,2.0,1,2
973,20,Sebastian Vettel,6,Ferrari,4,2017,5,2,2.0,86.0,1.0,2.0,135.0,2.0,2.0,1,2
974,20,Sebastian Vettel,6,Ferrari,6,2017,6,2,2.0,104.0,1.0,2.0,153.0,2.0,2.0,1,1
975,20,Sebastian Vettel,6,Ferrari,7,2017,7,2,2.0,129.0,1.0,3.0,196.0,1.0,3.0,0,4
976,20,Sebastian Vettel,6,Ferrari,73,2017,8,4,4.0,141.0,1.0,3.0,214.0,2.0,3.0,0,4
977,20,Sebastian Vettel,6,Ferrari,70,2017,9,2,2.0,153.0,1.0,3.0,226.0,2.0,3.0,1,2
978,20,Sebastian Vettel,6,Ferrari,9,2017,10,3,3.0,171.0,1.0,3.0,254.0,2.0,3.0,0,7
979,20,Sebastian Vettel,6,Ferrari,11,2017,11,1,1.0,177.0,1.0,3.0,275.0,2.0,3.0,1,1
980,20,Sebastian Vettel,6,Ferrari,13,2017,12,2,2.0,202.0,1.0,4.0,318.0,2.0,4.0,1,2
981,20,Sebastian Vettel,6,Ferrari,14,2017,13,6,8.0,220.0,1.0,4.0,348.0,2.0,4.0,1,3
982,20,Sebastian Vettel,6,Ferrari,15,2017,14,1,1.0,235.0,2.0,4.0,373.0,2.0,4.0,0,18
983,20,Sebastian Vettel,6,Ferrari,2,2017,15,20,20.0,235.0,2.0,4.0,373.0,2.0,4.0,0,4
984,20,Sebastian Vettel,6,Ferrari,22,2017,16,2,3.0,247.0,2.0,4.0,385.0,2.0,4.0,0,19
985,20,Sebastian Vettel,6,Ferrari,69,2017,17,2,2.0,247.0,2.0,4.0,395.0,2.0,4.0,1,2
986,20,Sebastian Vettel,6,Ferrari,32,2017,18,1,1.0,265.0,2.0,4.0,428.0,2.0,4.0,0,4
987,20,Sebastian Vettel,6,Ferrari,18,2017,19,2,2.0,277.0,2.0,4.0,455.0,2.0,4.0,1,1
988,20,Sebastian Vettel,6,Ferrari,24,2017,20,3,3.0,302.0,2.0,5.0,495.0,2.0,5.0,1,3
989,20,Sebastian Vettel,6,Ferrari,1,2018,1,3,3.0,0.0,99.0,0.0,0.0,99.0,0.0,1,1
990,20,Sebastian Vettel,6,Ferrari,3,2018,2,1,1.0,25.0,1.0,1.0,40.0,1.0,1.0,1,1
991,20,Sebastian Vettel,6,Ferrari,17,2018,3,1,1.0,50.0,1.0,2.0,65.0,1.0,2.0,0,8
992,20,Sebastian Vettel,6,Ferrari,73,2018,4,1,1.0,54.0,1.0,2.0,84.0,2.0,2.0,0,4
993,20,Sebastian Vettel,6,Ferrari,4,2018,5,3,3.0,66.0,2.0,2.0,114.0,1.0,2.0,0,4
994,20,Sebastian Vettel,6,Ferrari,6,2018,6,2,2.0,78.0,2.0,2.0,126.0,2.0,2.0,1,2
995,20,Sebastian Vettel,6,Ferrari,7,2018,7,1,1.0,96.0,2.0,2.0,156.0,2.0,2.0,1,1
996,20,Sebastian Vettel,6,Ferrari,34,2018,8,3,3.0,121.0,1.0,3.0,189.0,2.0,3.0,0,5
997,20,Sebastian Vettel,6,Ferrari,70,2018,9,6,3.0,131.0,2.0,3.0,214.0,2.0,3.0,1,3
998,20,Sebastian Vettel,6,Ferrari,9,2018,10,2,2.0,146.0,1.0,3.0,247.0,1.0,3.0,1,1
999,20,Sebastian Vettel,6,Ferrari,10,2018,11,1,1.0,171.0,1.0,4.0,287.0,1.0,4.0,0,18
1000,20,Sebastian Vettel,6,Ferrari,11,2018,12,4,4.0,171.0,2.0,4.0,302.0,2.0,4.0,1,2
1001,20,Sebastian Vettel,6,Ferrari,13,2018,13,2,2.0,189.0,2.0,4.0,335.0,2.0,4.0,1,1
1002,20,Sebastian Vettel,6,Ferrari,14,2018,14,2,2.0,214.0,2.0,5.0,360.0,2.0,5.0,0,4
1003,20,Sebastian Vettel,6,Ferrari,15,2018,15,3,3.0,226.0,2.0,5.0,390.0,2.0,5.0,1,3
1004,20,Sebastian Vettel,6,Ferrari,71,2018,16,3,3.0,241.0,2.0,5.0,415.0,2.0,5.0,1,3
1005,20,Sebastian Vettel,6,Ferrari,22,2018,17,8,9.0,256.0,2.0,5.0,442.0,2.0,5.0,0,6
1006,20,Sebastian Vettel,6,Ferrari,69,2018,18,5,2.0,264.0,2.0,5.0,460.0,2.0,5.0,0,4
1007,20,Sebastian Vettel,6,Ferrari,32,2018,19,4,4.0,276.0,2.0,5.0,497.0,2.0,6.0,1,2
1008,20,Sebastian Vettel,6,Ferrari,18,2018,20,2,2.0,294.0,2.0,5.0,530.0,2.0,6.0,0,6
1009,20,Sebastian Vettel,6,Ferrari,24,2018,21,3,3.0,302.0,2.0,5.0,553.0,2.0,6.0,1,2
1010,20,Sebastian Vettel,6,Ferrari,1,2019,1,3,3.0,0.0,99.0,0.0,0.0,99.0,0.0,0,4
1011,20,Sebastian Vettel,6,Ferrari,3,2019,2,2,2.0,12.0,4.0,0.0,22.0,2.0,0.0,0,5
1012,20,Sebastian Vettel,6,Ferrari,17,2019,3,3,3.0,22.0,5.0,0.0,48.0,2.0,0.0,1,3
1013,20,Sebastian Vettel,6,Ferrari,73,2019,4,3,3.0,37.0,4.0,0.0,73.0,2.0,0.0,1,3
1014,20,Sebastian Vettel,6,Ferrari,4,2019,5,3,3.0,52.0,3.0,0.0,99.0,2.0,0.0,0,4
1015,20,Sebastian Vettel,6,Ferrari,6,2019,6,4,4.0,64.0,4.0,0.0,121.0,2.0,0.0,1,2
1016,20,Sebastian Vettel,6,Ferrari,7,2019,7,1,1.0,82.0,3.0,0.0,139.0,2.0,0.0,1,2
1017,20,Sebastian Vettel,6,Ferrari,34,2019,8,7,7.0,100.0,3.0,0.0,172.0,2.0,0.0,0,5
1018,20,Sebastian Vettel,6,Ferrari,70,2019,9,9,10.0,111.0,3.0,0.0,198.0,2.0,0.0,0,4
1019,20,Sebastian Vettel,6,Ferrari,9,2019,10,6,6.0,123.0,4.0,0.0,228.0,2.0,0.0,0,16
1020,20,Sebastian Vettel,6,Ferrari,10,2019,11,20,20.0,123.0,4.0,0.0,243.0,2.0,0.0,1,2
1021,20,Sebastian Vettel,6,Ferrari,11,2019,12,5,5.0,141.0,4.0,0.0,261.0,2.0,0.0,1,3
1022,20,Sebastian Vettel,6,Ferrari,13,2019,13,2,2.0,156.0,4.0,0.0,288.0,2.0,0.0,0,4
1023,20,Sebastian Vettel,6,Ferrari,14,2019,14,4,4.0,169.0,4.0,0.0,326.0,2.0,1.0,0,13
1024,20,Sebastian Vettel,6,Ferrari,15,2019,15,3,3.0,169.0,5.0,0.0,351.0,2.0,2.0,1,1
1025,20,Sebastian Vettel,6,Ferrari,71,2019,16,3,3.0,194.0,5.0,1.0,394.0,2.0,3.0,0,18
1026,20,Sebastian Vettel,6,Ferrari,22,2019,17,1,1.0,194.0,5.0,1.0,409.0,2.0,3.0,1,2
1027,20,Sebastian Vettel,6,Ferrari,32,2019,18,2,3.0,212.0,5.0,1.0,435.0,2.0,3.0,1,2
1028,20,Sebastian Vettel,6,Ferrari,69,2019,19,2,2.0,230.0,4.0,1.0,466.0,2.0,3.0,0,20
1029,20,Sebastian Vettel,6,Ferrari,18,2019,20,2,2.0,230.0,5.0,1.0,479.0,2.0,3.0,0,17
1030,20,Sebastian Vettel,6,Ferrari,24,2019,21,4,5.0,230.0,5.0,1.0,479.0,2.0,3.0,0,5
1031,20,Sebastian Vettel,6,Ferrari,70,2020,1,11,11.0,0.0,99.0,0.0,0.0,99.0,0.0,0,10
1032,20,Sebastian Vettel,6,Ferrari,70,2020,2,10,10.0,1.0,10.0,0.0,19.0,3.0,0.0,0,20
1033,20,Sebastian Vettel,6,Ferrari,11,2020,3,5,5.0,1.0,15.0,0.0,19.0,5.0,0.0,0,6
1034,20,Sebastian Vettel,6,Ferrari,9,2020,4,10,10.0,9.0,10.0,0.0,27.0,5.0,0.0,0,10
1035,20,Sebastian Vettel,6,Ferrari,9,2020,5,11,12.0,10.0,13.0,0.0,43.0,4.0,0.0,0,12
1036,20,Sebastian Vettel,6,Ferrari,4,2020,6,11,11.0,10.0,13.0,0.0,55.0,3.0,0.0,0,7
1037,20,Sebastian Vettel,6,Ferrari,13,2020,7,14,14.0,16.0,11.0,0.0,61.0,5.0,0.0,0,13
1038,20,Sebastian Vettel,6,Ferrari,14,2020,8,17,17.0,16.0,13.0,0.0,61.0,5.0,0.0,0,20
1039,20,Sebastian Vettel,6,Ferrari,76,2020,9,14,14.0,16.0,13.0,0.0,61.0,6.0,0.0,0,10
1040,20,Sebastian Vettel,6,Ferrari,71,2020,10,14,15.0,17.0,13.0,0.0,66.0,6.0,0.0,0,13
1041,20,Sebastian Vettel,6,Ferrari,20,2020,11,11,11.0,17.0,13.0,0.0,74.0,6.0,0.0,0,11
1042,20,Sebastian Vettel,6,Ferrari,75,2020,12,15,15.0,17.0,13.0,0.0,80.0,6.0,0.0,0,10
1043,20,Sebastian Vettel,6,Ferrari,21,2020,13,14,14.0,18.0,13.0,0.0,93.0,6.0,0.0,0,12
1044,20,Sebastian Vettel,6,Ferrari,5,2020,14,11,12.0,18.0,14.0,0.0,103.0,6.0,0.0,1,3
1045,20,Sebastian Vettel,6,Ferrari,3,2020,15,11,11.0,33.0,13.0,0.0,130.0,6.0,0.0,0,13
1046,20,Sebastian Vettel,6,Ferrari,3,2020,16,13,13.0,33.0,13.0,0.0,131.0,6.0,0.0,0,12
1047,20,Sebastian Vettel,6,Ferrari,24,2020,17,13,13.0,33.0,13.0,0.0,131.0,6.0,0.0,0,14
1052,20,Sebastian Vettel,117,Aston Martin,3,2021,1,20,18.0,0.0,99.0,0.0,0.0,99.0,0.0,0,15
1053,20,Sebastian Vettel,117,Aston Martin,21,2021,2,0,13.0,0.0,15.0,0.0,1.0,6.0,0.0,0,15
1054,20,Sebastian Vettel,117,Aston Martin,75,2021,3,10,10.0,0.0,17.0,0.0,5.0,6.0,0.0,0,13
1055,20,Sebastian Vettel,117,Aston Martin,4,2021,4,13,13.0,0.0,16.0,0.0,5.0,7.0,0.0,0,13
1056,20,Sebastian Vettel,117,Aston Martin,6,2021,5,8,8.0,0.0,16.0,0.0,5.0,7.0,0.0,0,5
1057,20,Sebastian Vettel,117,Aston Martin,73,2021,6,11,11.0,10.0,11.0,0.0,19.0,5.0,0.0,1,2
1059,20,Sebastian Vettel,117,Aston Martin,34,2021,7,12,12.0,28.0,9.0,0.0,37.0,6.0,0.0,0,9
1058,20,Sebastian Vettel,117,Aston Martin,70,2021,8,14,14.0,30.0,10.0,0.0,40.0,6.0,0.0,0,12
1060,20,Sebastian Vettel,117,Aston Martin,70,2021,9,11,8.0,30.0,10.0,0.0,44.0,6.0,0.0,0,17
1061,20,Sebastian Vettel,117,Aston Martin,9,2021,10,8,10.0,30.0,10.0,0.0,44.0,6.0,0.0,0,19
1062,20,Sebastian Vettel,117,Aston Martin,11,2021,11,10,10.0,30.0,10.0,0.0,48.0,6.0,0.0,0,20
1063,20,Sebastian Vettel,117,Aston Martin,13,2021,12,5,5.0,30.0,12.0,0.0,48.0,7.0,0.0,0,5
1064,20,Sebastian Vettel,117,Aston Martin,39,2021,13,15,17.0,35.0,12.0,0.0,53.0,7.0,0.0,0,13
1065,20,Sebastian Vettel,117,Aston Martin,14,2021,14,11,11.0,35.0,12.0,0.0,53.0,7.0,0.0,0,12
1066,20,Sebastian Vettel,117,Aston Martin,71,2021,15,10,11.0,35.0,12.0,0.0,59.0,7.0,0.0,0,12
1067,20,Sebastian Vettel,117,Aston Martin,5,2021,16,10,11.0,35.0,12.0,0.0,59.0,7.0,0.0,0,18
1069,20,Sebastian Vettel,117,Aston Martin,69,2021,17,18,12.0,35.0,12.0,0.0,61.0,7.0,0.0,0,10
1070,20,Sebastian Vettel,117,Aston Martin,32,2021,18,9,11.0,36.0,12.0,0.0,62.0,7.0,0.0,0,7
1071,20,Sebastian Vettel,117,Aston Martin,18,2021,19,9,12.0,42.0,12.0,0.0,68.0,7.0,0.0,0,11
1051,20,Sebastian Vettel,117,Aston Martin,78,2021,20,10,10.0,42.0,12.0,0.0,68.0,7.0,0.0,0,10
1072,20,Sebastian Vettel,117,Aston Martin,77,2021,21,17,17.0,43.0,12.0,0.0,77.0,7.0,0.0,0,16
1073,20,Sebastian Vettel,117,Aston Martin,24,2021,22,15,15.0,43.0,12.0,0.0,77.0,7.0,0.0,0,11
1076,20,Sebastian Vettel,117,Aston Martin,1,2022,3,17,18.0,0.0,99.0,0.0,0.0,9.0,0.0,0,19
1077,20,Sebastian Vettel,117,Aston Martin,21,2022,4,13,9.0,0.0,21.0,0.0,0.0,10.0,0.0,0,8
1078,20,Sebastian Vettel,117,Aston Martin,79,2022,5,0,13.0,4.0,14.0,0.0,5.0,9.0,0.0,0,17
1079,20,Sebastian Vettel,117,Aston Martin,4,2022,6,16,16.0,4.0,14.0,0.0,6.0,9.0,0.0,0,11
1080,20,Sebastian Vettel,117,Aston Martin,6,2022,7,9,9.0,4.0,14.0,0.0,6.0,9.0,0.0,0,10
1081,20,Sebastian Vettel,117,Aston Martin,73,2022,8,9,9.0,5.0,15.0,0.0,7.0,9.0,0.0,0,6
1082,20,Sebastian Vettel,117,Aston Martin,7,2022,9,16,17.0,13.0,14.0,0.0,15.0,9.0,0.0,0,12
1083,20,Sebastian Vettel,117,Aston Martin,9,2022,10,18,18.0,13.0,14.0,0.0,16.0,8.0,0.0,0,9
1084,20,Sebastian Vettel,117,Aston Martin,70,2022,11,18,20.0,15.0,13.0,0.0,18.0,9.0,0.0,0,17
1085,20,Sebastian Vettel,117,Aston Martin,34,2022,12,12,14.0,15.0,14.0,0.0,18.0,9.0,0.0,0,11
1086,20,Sebastian Vettel,117,Aston Martin,11,2022,13,18,18.0,15.0,14.0,0.0,19.0,9.0,0.0,0,10
1087,20,Sebastian Vettel,117,Aston Martin,13,2022,14,10,16.0,16.0,14.0,0.0,20.0,9.0,0.0,0,8
1088,20,Sebastian Vettel,117,Aston Martin,39,2022,15,19,19.0,20.0,12.0,0.0,24.0,9.0,0.0,0,14
1089,20,Sebastian Vettel,117,Aston Martin,14,2022,16,11,17.0,20.0,12.0,0.0,25.0,9.0,0.0,0,20
1091,20,Sebastian Vettel,117,Aston Martin,15,2022,17,13,14.0,20.0,13.0,0.0,25.0,9.0,0.0,0,8
1092,20,Sebastian Vettel,117,Aston Martin,22,2022,18,9,9.0,24.0,12.0,0.0,37.0,7.0,0.0,0,6
1093,20,Sebastian Vettel,117,Aston Martin,69,2022,19,10,12.0,32.0,11.0,0.0,45.0,7.0,0.0,0,8
1094,20,Sebastian Vettel,117,Aston Martin,32,2022,20,16,17.0,36.0,11.0,0.0,49.0,7.0,0.0,0,14
1095,20,Sebastian Vettel,117,Aston Martin,18,2022,21,9,13.0,36.0,11.0,0.0,49.0,7.0,0.0,0,11
1096,20,Sebastian Vettel,117,Aston Martin,24,2022,22,9,9.0,36.0,11.0,0.0,50.0,7.0,0.0,0,10
224,21,Giancarlo Fisichella,18,Minardi,1,1996,1,16,16.0,0.0,99.0,0.0,0.0,99.0,0.0,0,14
227,21,Giancarlo Fisichella,18,Minardi,20,1996,4,18,18.0,0.0,99.0,0.0,0.0,11.0,0.0,0,13
228,21,Giancarlo Fisichella,18,Minardi,21,1996,5,19,19.0,0.0,22.0,0.0,0.0,11.0,0.0,0,19
229,21,Giancarlo Fisichella,18,Minardi,6,1996,6,18,18.0,0.0,22.0,0.0,0.0,10.0,0.0,0,20
230,21,Giancarlo Fisichella,18,Minardi,4,1996,7,19,19.0,0.0,22.0,0.0,0.0,10.0,0.0,0,17
207,21,Giancarlo Fisichella,17,Jordan,1,1997,1,14,14.0,0.0,99.0,0.0,0.0,99.0,0.0,0,16
208,21,Giancarlo Fisichella,17,Jordan,18,1997,2,7,7.0,0.0,99.0,0.0,0.0,99.0,0.0,0,8
209,21,Giancarlo Fisichella,17,Jordan,25,1997,3,9,9.0,0.0,12.0,0.0,0.0,7.0,0.0,0,17
210,21,Giancarlo Fisichella,17,Jordan,21,1997,4,6,6.0,0.0,15.0,0.0,4.0,6.0,0.0,0,4
211,21,Giancarlo Fisichella,17,Jordan,6,1997,5,4,4.0,3.0,11.0,0.0,7.0,5.0,0.0,0,6
212,21,Giancarlo Fisichella,17,Jordan,4,1997,6,8,8.0,4.0,11.0,0.0,8.0,6.0,0.0,0,9
213,21,Giancarlo Fisichella,17,Jordan,7,1997,7,6,6.0,4.0,13.0,0.0,8.0,6.0,0.0,1,3
214,21,Giancarlo Fisichella,17,Jordan,8,1997,8,11,11.0,8.0,10.0,0.0,12.0,6.0,0.0,0,9
215,21,Giancarlo Fisichella,17,Jordan,9,1997,9,10,10.0,8.0,10.0,0.0,13.0,6.0,0.0,0,7
216,21,Giancarlo Fisichella,17,Jordan,10,1997,10,2,2.0,8.0,10.0,0.0,15.0,6.0,0.0,0,11
191,21,Giancarlo Fisichella,22,Benetton,1,1998,1,7,7.0,0.0,99.0,0.0,0.0,99.0,0.0,0,10
192,21,Giancarlo Fisichella,22,Benetton,18,1998,2,7,7.0,0.0,99.0,0.0,0.0,5.0,0.0,0,6
193,21,Giancarlo Fisichella,22,Benetton,25,1998,3,10,10.0,1.0,9.0,0.0,4.0,4.0,0.0,0,7
199,21,Giancarlo Fisichella,22,Benetton,9,1998,9,10,10.0,13.0,6.0,0.0,27.0,3.0,0.0,0,5
200,21,Giancarlo Fisichella,22,Benetton,70,1998,10,1,1.0,15.0,6.0,0.0,32.0,3.0,0.0,0,15
201,21,Giancarlo Fisichella,22,Benetton,10,1998,11,8,8.0,15.0,6.0,0.0,32.0,3.0,0.0,0,7
203,21,Giancarlo Fisichella,22,Benetton,13,1998,13,7,7.0,15.0,7.0,0.0,32.0,3.0,0.0,0,9
175,21,Giancarlo Fisichella,22,Benetton,1,1999,1,7,7.0,0.0,99.0,0.0,0.0,99.0,0.0,0,4
176,21,Giancarlo Fisichella,22,Benetton,18,1999,2,5,5.0,3.0,4.0,0.0,3.0,4.0,0.0,0,15
177,21,Giancarlo Fisichella,22,Benetton,21,1999,3,16,16.0,3.0,6.0,0.0,3.0,5.0,0.0,0,5
158,21,Giancarlo Fisichella,22,Benetton,1,2000,1,9,9.0,0.0,99.0,0.0,0.0,99.0,0.0,0,5
160,21,Giancarlo Fisichella,22,Benetton,21,2000,3,19,19.0,8.0,2.0,0.0,8.0,2.0,0.0,0,11
161,21,Giancarlo Fisichella,22,Benetton,9,2000,4,12,12.0,8.0,3.0,0.0,8.0,3.0,0.0,0,7
173,21,Giancarlo Fisichella,22,Benetton,22,2000,16,12,12.0,18.0,6.0,0.0,20.0,4.0,0.0,0,14
156,21,Giancarlo Fisichella,22,Benetton,19,2001,16,12,12.0,8.0,11.0,0.0,10.0,7.0,0.0,0,8
125,21,Giancarlo Fisichella,17,Jordan,2,2002,2,9,9.0,0.0,99.0,0.0,0.0,99.0,0.0,0,13
140,21,Giancarlo Fisichella,17,Jordan,22,2002,17,8,8.0,7.0,11.0,0.0,7.0,8.0,0.0,0,13
108,21,Giancarlo Fisichella,17,Jordan,1,2003,1,13,13.0,0.0,99.0,0.0,0.0,99.0,0.0,0,12
109,21,Giancarlo Fisichella,17,Jordan,2,2003,2,14,14.0,0.0,99.0,0.0,0.0,99.0,0.0,0,19
110,21,Giancarlo Fisichella,17,Jordan,18,2003,3,8,8.0,0.0,99.0,0.0,0.0,7.0,0.0,1,1
111,21,Giancarlo Fisichella,17,Jordan,21,2003,4,17,17.0,10.0,4.0,1.0,10.0,5.0,1.0,0,15
112,21,Giancarlo Fisichella,17,Jordan,4,2003,5,17,17.0,10.0,7.0,1.0,10.0,5.0,1.0,0,13
113,21,Giancarlo Fisichella,17,Jordan,70,2003,6,9,9.0,10.0,8.0,1.0,11.0,5.0,1.0,0,14
114,21,Giancarlo Fisichella,17,Jordan,6,2003,7,12,12.0,10.0,8.0,1.0,11.0,5.0,1.0,0,10
115,21,Giancarlo Fisichella,17,Jordan,7,2003,8,16,16.0,10.0,9.0,1.0,11.0,5.0,1.0,0,17
116,21,Giancarlo Fisichella,17,Jordan,20,2003,9,13,13.0,10.0,9.0,1.0,11.0,5.0,1.0,0,12
117,21,Giancarlo Fisichella,17,Jordan,8,2003,10,17,17.0,10.0,9.0,1.0,11.0,6.0,1.0,0,19
118,21,Giancarlo Fisichella,17,Jordan,9,2003,11,15,15.0,10.0,10.0,1.0,11.0,7.0,1.0,0,19
119,21,Giancarlo Fisichella,17,Jordan,10,2003,12,13,12.0,10.0,11.0,1.0,11.0,7.0,1.0,0,13
120,21,Giancarlo Fisichella,17,Jordan,11,2003,13,13,13.0,10.0,11.0,1.0,11.0,8.0,1.0,0,18
121,21,Giancarlo Fisichella,17,Jordan,14,2003,14,13,13.0,10.0,11.0,1.0,11.0,8.0,1.0,0,10
122,21,Giancarlo Fisichella,17,Jordan,19,2003,15,17,17.0,10.0,11.0,1.0,11.0,8.0,1.0,0,7
123,21,Giancarlo Fisichella,17,Jordan,22,2003,16,16,16.0,12.0,11.0,1.0,13.0,9.0,1.0,0,17
90,21,Giancarlo Fisichella,15,Sauber,1,2004,1,14,14.0,0.0,99.0,0.0,0.0,99.0,0.0,0,10
91,21,Giancarlo Fisichella,15,Sauber,2,2004,2,12,12.0,0.0,10.0,0.0,0.0,6.0,0.0,0,11
92,21,Giancarlo Fisichella,15,Sauber,3,2004,3,11,11.0,0.0,12.0,0.0,1.0,6.0,0.0,0,11
93,21,Giancarlo Fisichella,15,Sauber,21,2004,4,18,19.0,0.0,14.0,0.0,1.0,6.0,0.0,0,9
94,21,Giancarlo Fisichella,15,Sauber,4,2004,5,12,12.0,0.0,13.0,0.0,1.0,6.0,0.0,0,7
95,21,Giancarlo Fisichella,15,Sauber,6,2004,6,10,11.0,2.0,10.0,0.0,3.0,6.0,0.0,0,19
96,21,Giancarlo Fisichella,15,Sauber,20,2004,7,19,19.0,2.0,12.0,0.0,7.0,5.0,0.0,0,6
97,21,Giancarlo Fisichella,15,Sauber,7,2004,8,11,11.0,5.0,10.0,0.0,10.0,5.0,0.0,0,4
98,21,Giancarlo Fisichella,15,Sauber,19,2004,9,14,14.0,10.0,8.0,0.0,15.0,5.0,0.0,0,9
99,21,Giancarlo Fisichella,15,Sauber,8,2004,10,15,15.0,10.0,9.0,0.0,15.0,6.0,0.0,0,12
100,21,Giancarlo Fisichella,15,Sauber,9,2004,11,20,20.0,10.0,10.0,0.0,15.0,6.0,0.0,0,6
101,21,Giancarlo Fisichella,15,Sauber,10,2004,12,14,14.0,13.0,10.0,0.0,18.0,6.0,0.0,0,9
102,21,Giancarlo Fisichella,15,Sauber,11,2004,13,8,8.0,13.0,10.0,0.0,18.0,6.0,0.0,0,8
103,21,Giancarlo Fisichella,15,Sauber,13,2004,14,5,5.0,14.0,10.0,0.0,19.0,6.0,0.0,0,5
104,21,Giancarlo Fisichella,15,Sauber,14,2004,15,15,15.0,18.0,10.0,0.0,28.0,6.0,0.0,0,8
105,21,Giancarlo Fisichella,15,Sauber,17,2004,16,7,7.0,19.0,10.0,0.0,29.0,6.0,0.0,0,7
106,21,Giancarlo Fisichella,15,Sauber,22,2004,17,7,7.0,21.0,10.0,0.0,32.0,6.0,0.0,0,8
107,21,Giancarlo Fisichella,15,Sauber,18,2004,18,10,11.0,22.0,10.0,0.0,33.0,6.0,0.0,0,9
71,21,Giancarlo Fisichella,4,Renault,1,2005,1,1,1.0,0.0,99.0,0.0,0.0,99.0,0.0,1,1
72,21,Giancarlo Fisichella,4,Renault,2,2005,2,3,3.0,10.0,1.0,1.0,16.0,1.0,1.0,0,15
73,21,Giancarlo Fisichella,4,Renault,3,2005,3,10,10.0,10.0,2.0,1.0,26.0,1.0,2.0,0,18
74,21,Giancarlo Fisichella,4,Renault,21,2005,4,12,13.0,10.0,3.0,1.0,36.0,1.0,3.0,0,18
75,21,Giancarlo Fisichella,4,Renault,4,2005,5,6,6.0,10.0,3.0,1.0,46.0,1.0,4.0,0,5
76,21,Giancarlo Fisichella,4,Renault,6,2005,6,4,4.0,14.0,4.0,1.0,58.0,1.0,4.0,0,12
77,21,Giancarlo Fisichella,4,Renault,20,2005,7,9,9.0,14.0,7.0,1.0,63.0,1.0,4.0,0,6
78,21,Giancarlo Fisichella,4,Renault,7,2005,8,4,4.0,17.0,6.0,1.0,76.0,1.0,5.0,0,18
79,21,Giancarlo Fisichella,4,Renault,19,2005,9,4,4.0,17.0,9.0,1.0,76.0,1.0,5.0,0,10
80,21,Giancarlo Fisichella,4,Renault,8,2005,10,6,7.0,17.0,9.0,1.0,76.0,1.0,5.0,0,6
81,21,Giancarlo Fisichella,4,Renault,9,2005,11,6,7.0,20.0,9.0,1.0,89.0,1.0,6.0,0,4
82,21,Giancarlo Fisichella,4,Renault,10,2005,12,4,4.0,25.0,7.0,1.0,102.0,1.0,6.0,0,4
83,21,Giancarlo Fisichella,4,Renault,11,2005,13,9,9.0,30.0,7.0,1.0,117.0,1.0,7.0,0,9
84,21,Giancarlo Fisichella,4,Renault,5,2005,14,2,2.0,30.0,8.0,1.0,117.0,1.0,7.0,0,4
85,21,Giancarlo Fisichella,4,Renault,14,2005,15,8,9.0,35.0,6.0,1.0,130.0,1.0,7.0,1,3
86,21,Giancarlo Fisichella,4,Renault,13,2005,16,13,3.0,41.0,6.0,1.0,144.0,1.0,7.0,0,20
87,21,Giancarlo Fisichella,4,Renault,18,2005,17,3,3.0,41.0,6.0,1.0,152.0,1.0,7.0,0,5
88,21,Giancarlo Fisichella,4,Renault,22,2005,18,3,3.0,45.0,5.0,1.0,162.0,2.0,7.0,1,2
89,21,Giancarlo Fisichella,4,Renault,17,2005,19,2,2.0,53.0,5.0,1.0,176.0,1.0,7.0,0,4
53,21,Giancarlo Fisichella,4,Renault,3,2006,1,9,9.0,0.0,99.0,0.0,0.0,99.0,0.0,0,21
54,21,Giancarlo Fisichella,4,Renault,2,2006,2,1,1.0,0.0,99.0,0.0,10.0,1.0,1.0,1,1
55,21,Giancarlo Fisichella,4,Renault,1,2006,3,2,2.0,10.0,4.0,1.0,28.0,1.0,2.0,0,5
56,21,Giancarlo Fisichella,4,Renault,21,2006,4,11,11.0,14.0,2.0,1.0,42.0,1.0,3.0,0,8
57,21,Giancarlo Fisichella,4,Renault,20,2006,5,11,13.0,15.0,4.0,1.0,51.0,1.0,3.0,0,6
58,21,Giancarlo Fisichella,4,Renault,4,2006,6,2,2.0,18.0,4.0,1.0,62.0,1.0,3.0,1,3
59,21,Giancarlo Fisichella,4,Renault,6,2006,7,9,9.0,24.0,4.0,1.0,78.0,1.0,4.0,0,6
60,21,Giancarlo Fisichella,4,Renault,9,2006,8,5,5.0,27.0,3.0,1.0,91.0,1.0,5.0,0,4
61,21,Giancarlo Fisichella,4,Renault,7,2006,9,2,2.0,32.0,4.0,1.0,106.0,1.0,6.0,0,4
62,21,Giancarlo Fisichella,4,Renault,19,2006,10,3,3.0,37.0,4.0,1.0,121.0,1.0,7.0,1,3
63,21,Giancarlo Fisichella,4,Renault,8,2006,11,7,7.0,43.0,3.0,1.0,131.0,1.0,7.0,0,6
64,21,Giancarlo Fisichella,4,Renault,10,2006,12,5,5.0,46.0,3.0,1.0,142.0,1.0,7.0,0,6
65,21,Giancarlo Fisichella,4,Renault,11,2006,13,7,8.0,49.0,4.0,1.0,149.0,1.0,7.0,0,18
66,21,Giancarlo Fisichella,4,Renault,5,2006,14,4,4.0,49.0,4.0,1.0,149.0,1.0,7.0,0,6
67,21,Giancarlo Fisichella,4,Renault,14,2006,15,9,9.0,52.0,4.0,1.0,160.0,1.0,7.0,0,4
68,21,Giancarlo Fisichella,4,Renault,17,2006,16,2,2.0,57.0,4.0,1.0,165.0,2.0,7.0,1,3
69,21,Giancarlo Fisichella,4,Renault,22,2006,17,6,6.0,63.0,3.0,1.0,179.0,1.0,7.0,1,3
70,21,Giancarlo Fisichella,4,Renault,18,2006,18,6,6.0,69.0,4.0,1.0,195.0,1.0,8.0,0,6
36,21,Giancarlo Fisichella,4,Renault,1,2007,1,6,6.0,0.0,99.0,0.0,0.0,99.0,0.0,0,5
37,21,Giancarlo Fisichella,4,Renault,2,2007,2,12,12.0,4.0,5.0,0.0,4.0,3.0,0.0,0,6
38,21,Giancarlo Fisichella,4,Renault,3,2007,3,7,7.0,7.0,5.0,0.0,8.0,3.0,0.0,0,8
39,21,Giancarlo Fisichella,4,Renault,4,2007,4,10,10.0,8.0,6.0,0.0,9.0,3.0,0.0,0,9
40,21,Giancarlo Fisichella,4,Renault,6,2007,5,4,4.0,8.0,7.0,0.0,11.0,3.0,0.0,0,4
41,21,Giancarlo Fisichella,4,Renault,7,2007,6,9,9.0,13.0,6.0,0.0,16.0,3.0,0.0,0,22
42,21,Giancarlo Fisichella,4,Renault,19,2007,7,10,10.0,13.0,6.0,0.0,21.0,3.0,0.0,0,9
43,21,Giancarlo Fisichella,4,Renault,8,2007,8,5,5.0,13.0,6.0,0.0,25.0,3.0,0.0,0,6
44,21,Giancarlo Fisichella,4,Renault,9,2007,9,8,8.0,16.0,7.0,0.0,28.0,3.0,0.0,0,8
45,21,Giancarlo Fisichella,4,Renault,20,2007,10,13,13.0,17.0,7.0,0.0,31.0,3.0,0.0,0,10
46,21,Giancarlo Fisichella,4,Renault,11,2007,11,13,8.0,17.0,7.0,0.0,32.0,3.0,0.0,0,12
47,21,Giancarlo Fisichella,4,Renault,5,2007,12,10,10.0,17.0,7.0,0.0,33.0,3.0,0.0,0,9
48,21,Giancarlo Fisichella,4,Renault,14,2007,13,15,15.0,17.0,8.0,0.0,36.0,3.0,0.0,0,12
49,21,Giancarlo Fisichella,4,Renault,13,2007,14,22,22.0,17.0,8.0,0.0,38.0,3.0,0.0,0,22
50,21,Giancarlo Fisichella,4,Renault,16,2007,15,10,10.0,17.0,8.0,0.0,39.0,3.0,0.0,0,5
51,21,Giancarlo Fisichella,4,Renault,17,2007,16,18,18.0,21.0,8.0,0.0,51.0,3.0,0.0,0,11
52,21,Giancarlo Fisichella,4,Renault,18,2007,17,12,12.0,21.0,8.0,0.0,51.0,3.0,0.0,0,22
18,21,Giancarlo Fisichella,10,Force India,1,2008,1,16,17.0,0.0,99.0,0.0,0.0,99.0,0.0,0,21
19,21,Giancarlo Fisichella,10,Force India,2,2008,2,17,17.0,0.0,99.0,0.0,0.0,99.0,0.0,0,12
20,21,Giancarlo Fisichella,10,Force India,3,2008,3,18,18.0,0.0,15.0,0.0,0.0,10.0,0.0,0,12
21,21,Giancarlo Fisichella,10,Force India,4,2008,4,19,19.0,0.0,18.0,0.0,0.0,10.0,0.0,0,10
22,21,Giancarlo Fisichella,10,Force India,5,2008,5,20,19.0,0.0,16.0,0.0,0.0,10.0,0.0,0,20
23,21,Giancarlo Fisichella,10,Force India,6,2008,6,20,20.0,0.0,16.0,0.0,0.0,10.0,0.0,0,18
24,21,Giancarlo Fisichella,10,Force India,7,2008,7,17,18.0,0.0,18.0,0.0,0.0,10.0,0.0,0,14
25,21,Giancarlo Fisichella,10,Force India,8,2008,8,17,19.0,0.0,18.0,0.0,0.0,10.0,0.0,0,18
26,21,Giancarlo Fisichella,10,Force India,9,2008,9,19,20.0,0.0,19.0,0.0,0.0,10.0,0.0,0,17
27,21,Giancarlo Fisichella,10,Force India,10,2008,10,20,20.0,0.0,19.0,0.0,0.0,10.0,0.0,0,16
28,21,Giancarlo Fisichella,10,Force India,11,2008,11,18,19.0,0.0,19.0,0.0,0.0,10.0,0.0,0,15
29,21,Giancarlo Fisichella,10,Force India,12,2008,12,18,18.0,0.0,19.0,0.0,0.0,10.0,0.0,0,14
30,21,Giancarlo Fisichella,10,Force India,13,2008,13,20,20.0,0.0,19.0,0.0,0.0,10.0,0.0,0,17
31,21,Giancarlo Fisichella,10,Force India,14,2008,14,12,12.0,0.0,19.0,0.0,0.0,10.0,0.0,0,20
32,21,Giancarlo Fisichella,10,Force India,15,2008,15,20,20.0,0.0,19.0,0.0,0.0,10.0,0.0,0,14
33,21,Giancarlo Fisichella,10,Force India,16,2008,16,20,20.0,0.0,19.0,0.0,0.0,10.0,0.0,0,16
34,21,Giancarlo Fisichella,10,Force India,17,2008,17,20,20.0,0.0,19.0,0.0,0.0,10.0,0.0,0,17
35,21,Giancarlo Fisichella,10,Force India,18,2008,18,19,19.0,0.0,19.0,0.0,0.0,10.0,0.0,0,18
1,21,Giancarlo Fisichella,10,Force India,1,2009,1,15,18.0,0.0,99.0,0.0,0.0,99.0,0.0,0,11
2,21,Giancarlo Fisichella,10,Force India,2,2009,2,18,18.0,0.0,11.0,0.0,0.0,6.0,0.0,0,18
3,21,Giancarlo Fisichella,10,Force India,17,2009,3,20,20.0,0.0,14.0,0.0,0.0,9.0,0.0,0,14
4,21,Giancarlo Fisichella,10,Force India,3,2009,4,17,18.0,0.0,17.0,0.0,0.0,10.0,0.0,0,15
5,21,Giancarlo Fisichella,10,Force India,4,2009,5,20,20.0,0.0,18.0,0.0,0.0,10.0,0.0,0,14
6,21,Giancarlo Fisichella,10,Force India,6,2009,6,13,13.0,0.0,19.0,0.0,0.0,10.0,0.0,0,9
7,21,Giancarlo Fisichella,10,Force India,5,2009,7,19,19.0,0.0,16.0,0.0,0.0,10.0,0.0,0,20
8,21,Giancarlo Fisichella,10,Force India,9,2009,8,16,16.0,0.0,17.0,0.0,0.0,10.0,0.0,0,10
9,21,Giancarlo Fisichella,10,Force India,20,2009,9,18,18.0,0.0,17.0,0.0,0.0,10.0,0.0,0,11
10,21,Giancarlo Fisichella,10,Force India,11,2009,10,16,17.0,0.0,17.0,0.0,0.0,10.0,0.0,0,14
11,21,Giancarlo Fisichella,10,Force India,12,2009,11,16,16.0,0.0,17.0,0.0,0.0,10.0,0.0,0,12
12,21,Giancarlo Fisichella,10,Force India,13,2009,12,1,1.0,0.0,17.0,0.0,0.0,10.0,0.0,1,2
13,21,Giancarlo Fisichella,6,Ferrari,14,2009,13,14,14.0,8.0,14.0,0.0,56.0,3.0,1.0,0,9
14,21,Giancarlo Fisichella,6,Ferrari,15,2009,14,17,18.0,8.0,14.0,0.0,62.0,3.0,1.0,0,13
15,21,Giancarlo Fisichella,6,Ferrari,22,2009,15,14,16.0,8.0,15.0,0.0,62.0,3.0,1.0,0,12
16,21,Giancarlo Fisichella,6,Ferrari,18,2009,16,19,20.0,8.0,15.0,0.0,67.0,3.0,1.0,0,11
17,21,Giancarlo Fisichella,6,Ferrari,24,2009,17,20,20.0,8.0,15.0,0.0,70.0,4.0,1.0,0,16
257,22,Rubens Barrichello,17,Jordan,18,1994,1,14,14.0,0.0,99.0,0.0,0.0,99.0,0.0,0,4
258,22,Rubens Barrichello,17,Jordan,28,1994,2,8,8.0,3.0,4.0,0.0,3.0,4.0,0.0,1,3
259,22,Rubens Barrichello,17,Jordan,21,1994,3,0,28.0,7.0,2.0,0.0,7.0,3.0,0.0,0,27
261,22,Rubens Barrichello,17,Jordan,4,1994,5,5,5.0,7.0,4.0,0.0,10.0,4.0,0.0,0,15
262,22,Rubens Barrichello,17,Jordan,7,1994,6,6,6.0,7.0,5.0,0.0,11.0,4.0,0.0,0,7
263,22,Rubens Barrichello,17,Jordan,8,1994,7,7,7.0,7.0,5.0,0.0,11.0,4.0,0.0,0,16
264,22,Rubens Barrichello,17,Jordan,9,1994,8,6,6.0,7.0,5.0,0.0,11.0,4.0,0.0,0,4
265,22,Rubens Barrichello,17,Jordan,10,1994,9,11,11.0,10.0,5.0,0.0,14.0,5.0,0.0,0,21
266,22,Rubens Barrichello,17,Jordan,11,1994,10,10,10.0,10.0,5.0,0.0,14.0,5.0,0.0,0,26
267,22,Rubens Barrichello,17,Jordan,13,1994,11,1,1.0,10.0,5.0,0.0,14.0,5.0,0.0,0,19
268,22,Rubens Barrichello,17,Jordan,14,1994,12,16,16.0,10.0,6.0,0.0,14.0,5.0,0.0,0,4
269,22,Rubens Barrichello,17,Jordan,27,1994,13,8,8.0,13.0,6.0,0.0,17.0,5.0,0.0,0,4
270,22,Rubens Barrichello,17,Jordan,26,1994,14,5,5.0,16.0,6.0,0.0,20.0,5.0,0.0,0,12
271,22,Rubens Barrichello,17,Jordan,22,1994,15,10,10.0,16.0,6.0,0.0,23.0,5.0,0.0,0,15
272,22,Rubens Barrichello,17,Jordan,29,1994,16,5,5.0,16.0,6.0,0.0,25.0,5.0,0.0,0,4
240,22,Rubens Barrichello,17,Jordan,18,1995,1,16,16.0,0.0,99.0,0.0,0.0,99.0,0.0,0,19
241,22,Rubens Barrichello,17,Jordan,25,1995,2,10,10.0,0.0,99.0,0.0,0.0,99.0,0.0,0,17
242,22,Rubens Barrichello,17,Jordan,21,1995,3,10,10.0,0.0,99.0,0.0,0.0,99.0,0.0,0,20
243,22,Rubens Barrichello,17,Jordan,4,1995,4,8,8.0,0.0,99.0,0.0,0.0,8.0,0.0,0,7
244,22,Rubens Barrichello,17,Jordan,6,1995,5,11,11.0,0.0,13.0,0.0,2.0,6.0,0.0,0,14
245,22,Rubens Barrichello,17,Jordan,7,1995,6,9,9.0,0.0,14.0,0.0,2.0,6.0,0.0,1,2
246,22,Rubens Barrichello,17,Jordan,8,1995,7,5,5.0,6.0,7.0,0.0,12.0,4.0,0.0,0,6
247,22,Rubens Barrichello,17,Jordan,9,1995,8,9,9.0,7.0,7.0,0.0,13.0,4.0,0.0,0,11
248,22,Rubens Barrichello,17,Jordan,10,1995,9,5,5.0,7.0,7.0,0.0,13.0,4.0,0.0,0,15
249,22,Rubens Barrichello,17,Jordan,11,1995,10,14,14.0,7.0,7.0,0.0,13.0,4.0,0.0,0,7
250,22,Rubens Barrichello,17,Jordan,13,1995,11,12,12.0,7.0,8.0,0.0,13.0,4.0,0.0,0,6
251,22,Rubens Barrichello,17,Jordan,14,1995,12,6,6.0,8.0,8.0,0.0,14.0,5.0,0.0,0,12
252,22,Rubens Barrichello,17,Jordan,27,1995,13,8,8.0,8.0,10.0,0.0,14.0,7.0,0.0,0,11
253,22,Rubens Barrichello,17,Jordan,20,1995,14,11,11.0,8.0,10.0,0.0,14.0,7.0,0.0,0,4
254,22,Rubens Barrichello,17,Jordan,28,1995,15,11,11.0,11.0,9.0,0.0,18.0,5.0,0.0,0,18
255,22,Rubens Barrichello,17,Jordan,22,1995,16,10,10.0,11.0,9.0,0.0,18.0,5.0,0.0,0,19
256,22,Rubens Barrichello,17,Jordan,29,1995,17,7,7.0,11.0,9.0,0.0,21.0,5.0,0.0,0,18
224,22,Rubens Barrichello,17,Jordan,1,1996,1,8,8.0,0.0,99.0,0.0,0.0,99.0,0.0,0,15
225,22,Rubens Barrichello,17,Jordan,18,1996,2,2,2.0,0.0,99.0,0.0,0.0,99.0,0.0,0,13
226,22,Rubens Barrichello,17,Jordan,25,1996,3,6,6.0,0.0,99.0,0.0,0.0,11.0,0.0,0,4
227,22,Rubens Barrichello,17,Jordan,20,1996,4,5,5.0,3.0,7.0,0.0,3.0,5.0,0.0,0,5
228,22,Rubens Barrichello,17,Jordan,21,1996,5,9,9.0,5.0,7.0,0.0,6.0,5.0,0.0,0,5
229,22,Rubens Barrichello,17,Jordan,6,1996,6,6,6.0,7.0,7.0,0.0,8.0,5.0,0.0,0,18
230,22,Rubens Barrichello,17,Jordan,4,1996,7,7,7.0,7.0,9.0,0.0,8.0,6.0,0.0,0,8
207,22,Rubens Barrichello,24,Stewart,1,1997,1,11,11.0,0.0,99.0,0.0,0.0,99.0,0.0,0,11
208,22,Rubens Barrichello,24,Stewart,18,1997,2,11,11.0,0.0,99.0,0.0,0.0,99.0,0.0,0,20
209,22,Rubens Barrichello,24,Stewart,25,1997,3,5,5.0,0.0,99.0,0.0,0.0,99.0,0.0,0,18
210,22,Rubens Barrichello,24,Stewart,21,1997,4,13,13.0,0.0,99.0,0.0,0.0,11.0,0.0,0,15
211,22,Rubens Barrichello,24,Stewart,6,1997,5,10,10.0,0.0,99.0,0.0,0.0,11.0,0.0,1,2
212,22,Rubens Barrichello,24,Stewart,4,1997,6,17,17.0,6.0,9.0,0.0,6.0,7.0,0.0,0,18
213,22,Rubens Barrichello,24,Stewart,7,1997,7,3,3.0,6.0,10.0,0.0,6.0,7.0,0.0,0,15
214,22,Rubens Barrichello,24,Stewart,8,1997,8,13,12.0,6.0,12.0,0.0,6.0,8.0,0.0,0,17
215,22,Rubens Barrichello,24,Stewart,9,1997,9,22,21.0,6.0,12.0,0.0,6.0,8.0,0.0,0,19
216,22,Rubens Barrichello,24,Stewart,10,1997,10,12,12.0,6.0,13.0,0.0,6.0,8.0,0.0,0,12
191,22,Rubens Barrichello,24,Stewart,1,1998,1,14,14.0,0.0,99.0,0.0,0.0,99.0,0.0,0,22
192,22,Rubens Barrichello,24,Stewart,18,1998,2,13,13.0,0.0,99.0,0.0,0.0,99.0,0.0,0,14
193,22,Rubens Barrichello,24,Stewart,25,1998,3,14,14.0,0.0,99.0,0.0,0.0,8.0,0.0,0,10
199,22,Rubens Barrichello,24,Stewart,9,1998,9,16,16.0,4.0,9.0,0.0,5.0,5.0,0.0,0,13
200,22,Rubens Barrichello,24,Stewart,70,1998,10,5,5.0,4.0,9.0,0.0,5.0,5.0,0.0,0,18
201,22,Rubens Barrichello,24,Stewart,10,1998,11,13,13.0,4.0,9.0,0.0,5.0,5.0,0.0,0,19
203,22,Rubens Barrichello,24,Stewart,13,1998,13,15,14.0,4.0,10.0,0.0,5.0,6.0,0.0,0,19
175,22,Rubens Barrichello,24,Stewart,1,1999,1,4,4.0,0.0,99.0,0.0,0.0,99.0,0.0,0,5
176,22,Rubens Barrichello,24,Stewart,18,1999,2,3,3.0,2.0,5.0,0.0,2.0,5.0,0.0,0,13
177,22,Rubens Barrichello,24,Stewart,21,1999,3,6,6.0,2.0,7.0,0.0,2.0,6.0,0.0,1,3
158,22,Rubens Barrichello,6,Ferrari,1,2000,1,4,4.0,0.0,99.0,0.0,0.0,99.0,0.0,1,2
160,22,Rubens Barrichello,6,Ferrari,21,2000,3,4,4.0,6.0,3.0,0.0,26.0,1.0,2.0,0,4
161,22,Rubens Barrichello,6,Ferrari,9,2000,4,1,1.0,9.0,2.0,0.0,39.0,1.0,3.0,0,20
173,22,Rubens Barrichello,6,Ferrari,22,2000,16,4,4.0,55.0,4.0,1.0,143.0,1.0,8.0,0,4
156,22,Rubens Barrichello,6,Ferrari,19,2001,16,5,5.0,54.0,3.0,0.0,161.0,1.0,8.0,0,15
125,22,Rubens Barrichello,6,Ferrari,2,2002,2,3,3.0,0.0,99.0,0.0,10.0,1.0,1.0,0,14
140,22,Rubens Barrichello,6,Ferrari,22,2002,17,2,2.0,71.0,2.0,4.0,205.0,1.0,14.0,1,2
108,22,Rubens Barrichello,6,Ferrari,1,2003,1,2,2.0,0.0,99.0,0.0,0.0,99.0,0.0,0,20
109,22,Rubens Barrichello,6,Ferrari,2,2003,2,5,5.0,0.0,99.0,0.0,5.0,4.0,0.0,1,2
110,22,Rubens Barrichello,6,Ferrari,18,2003,3,1,1.0,8.0,4.0,0.0,16.0,2.0,0.0,0,11
111,22,Rubens Barrichello,6,Ferrari,21,2003,4,3,3.0,8.0,7.0,0.0,16.0,3.0,0.0,1,3
112,22,Rubens Barrichello,6,Ferrari,4,2003,5,2,2.0,14.0,5.0,0.0,32.0,2.0,1.0,1,3
113,22,Rubens Barrichello,6,Ferrari,70,2003,6,5,5.0,20.0,4.0,0.0,48.0,2.0,2.0,1,3
114,22,Rubens Barrichello,6,Ferrari,6,2003,7,7,7.0,26.0,3.0,0.0,64.0,1.0,3.0,0,8
115,22,Rubens Barrichello,6,Ferrari,7,2003,8,5,5.0,27.0,4.0,0.0,71.0,2.0,3.0,0,5
116,22,Rubens Barrichello,6,Ferrari,20,2003,9,5,5.0,31.0,6.0,0.0,85.0,1.0,4.0,1,3
117,22,Rubens Barrichello,6,Ferrari,8,2003,10,8,8.0,37.0,6.0,0.0,95.0,1.0,4.0,0,7
118,22,Rubens Barrichello,6,Ferrari,9,2003,11,1,1.0,39.0,5.0,0.0,103.0,1.0,4.0,1,1
119,22,Rubens Barrichello,6,Ferrari,10,2003,12,3,3.0,49.0,5.0,1.0,118.0,1.0,5.0,0,18
120,22,Rubens Barrichello,6,Ferrari,11,2003,13,5,5.0,49.0,5.0,1.0,120.0,1.0,5.0,0,19
121,22,Rubens Barrichello,6,Ferrari,14,2003,14,3,3.0,49.0,6.0,1.0,121.0,2.0,5.0,1,3
122,22,Rubens Barrichello,6,Ferrari,19,2003,15,2,2.0,55.0,5.0,1.0,137.0,2.0,6.0,0,20
123,22,Rubens Barrichello,6,Ferrari,22,2003,16,1,1.0,55.0,5.0,1.0,147.0,1.0,7.0,1,1
90,22,Rubens Barrichello,6,Ferrari,1,2004,1,2,2.0,0.0,99.0,0.0,0.0,99.0,0.0,1,2
91,22,Rubens Barrichello,6,Ferrari,2,2004,2,3,3.0,8.0,2.0,0.0,18.0,1.0,1.0,0,4
92,22,Rubens Barrichello,6,Ferrari,3,2004,3,2,2.0,13.0,2.0,0.0,33.0,1.0,2.0,1,2
93,22,Rubens Barrichello,6,Ferrari,21,2004,4,4,4.0,21.0,2.0,0.0,51.0,1.0,3.0,0,6
94,22,Rubens Barrichello,6,Ferrari,4,2004,5,5,5.0,24.0,2.0,0.0,64.0,1.0,4.0,1,2
95,22,Rubens Barrichello,6,Ferrari,6,2004,6,6,7.0,32.0,2.0,0.0,82.0,1.0,5.0,1,3
96,22,Rubens Barrichello,6,Ferrari,20,2004,7,7,7.0,38.0,2.0,0.0,88.0,1.0,5.0,1,2
97,22,Rubens Barrichello,6,Ferrari,7,2004,8,7,7.0,46.0,2.0,0.0,106.0,1.0,6.0,1,2
98,22,Rubens Barrichello,6,Ferrari,19,2004,9,1,1.0,54.0,2.0,0.0,124.0,1.0,7.0,1,2
99,22,Rubens Barrichello,6,Ferrari,8,2004,10,10,10.0,62.0,2.0,0.0,142.0,1.0,8.0,1,3
100,22,Rubens Barrichello,6,Ferrari,9,2004,11,2,2.0,68.0,2.0,0.0,158.0,1.0,9.0,1,3
101,22,Rubens Barrichello,6,Ferrari,10,2004,12,7,8.0,74.0,2.0,0.0,174.0,1.0,10.0,0,12
102,22,Rubens Barrichello,6,Ferrari,11,2004,13,2,2.0,74.0,2.0,0.0,184.0,1.0,11.0,1,2
103,22,Rubens Barrichello,6,Ferrari,13,2004,14,6,6.0,82.0,2.0,0.0,202.0,1.0,12.0,1,3
104,22,Rubens Barrichello,6,Ferrari,14,2004,15,1,1.0,88.0,2.0,0.0,216.0,1.0,12.0,1,1
105,22,Rubens Barrichello,6,Ferrari,17,2004,16,1,1.0,98.0,2.0,1.0,234.0,1.0,13.0,1,1
106,22,Rubens Barrichello,6,Ferrari,22,2004,17,15,15.0,108.0,2.0,2.0,244.0,1.0,14.0,0,19
107,22,Rubens Barrichello,6,Ferrari,18,2004,18,1,1.0,108.0,2.0,2.0,254.0,1.0,15.0,1,3
71,22,Rubens Barrichello,6,Ferrari,1,2005,1,11,11.0,0.0,99.0,0.0,0.0,99.0,0.0,1,2
72,22,Rubens Barrichello,6,Ferrari,2,2005,2,12,12.0,8.0,2.0,0.0,8.0,2.0,0.0,0,14
73,22,Rubens Barrichello,6,Ferrari,3,2005,3,20,15.0,8.0,4.0,0.0,10.0,4.0,0.0,0,9
74,22,Rubens Barrichello,6,Ferrari,21,2005,4,9,10.0,8.0,6.0,0.0,10.0,6.0,0.0,0,15
75,22,Rubens Barrichello,6,Ferrari,4,2005,5,16,18.0,8.0,9.0,0.0,18.0,4.0,0.0,0,9
76,22,Rubens Barrichello,6,Ferrari,6,2005,6,10,10.0,8.0,11.0,0.0,18.0,5.0,0.0,0,8
77,22,Rubens Barrichello,6,Ferrari,20,2005,7,7,7.0,9.0,11.0,0.0,21.0,5.0,0.0,1,3
78,22,Rubens Barrichello,6,Ferrari,7,2005,8,20,20.0,15.0,10.0,0.0,31.0,5.0,0.0,1,3
79,22,Rubens Barrichello,6,Ferrari,19,2005,9,7,7.0,21.0,7.0,0.0,45.0,5.0,0.0,1,2
80,22,Rubens Barrichello,6,Ferrari,8,2005,10,5,6.0,29.0,4.0,0.0,63.0,3.0,1.0,0,9
81,22,Rubens Barrichello,6,Ferrari,9,2005,11,5,6.0,29.0,5.0,0.0,69.0,3.0,1.0,0,7
82,22,Rubens Barrichello,6,Ferrari,10,2005,12,15,15.0,31.0,4.0,0.0,74.0,3.0,1.0,0,10
83,22,Rubens Barrichello,6,Ferrari,11,2005,13,7,7.0,31.0,5.0,0.0,78.0,3.0,1.0,0,10
84,22,Rubens Barrichello,6,Ferrari,5,2005,14,11,11.0,31.0,7.0,0.0,86.0,3.0,1.0,0,10
85,22,Rubens Barrichello,6,Ferrari,14,2005,15,7,8.0,31.0,8.0,0.0,86.0,3.0,1.0,0,12
86,22,Rubens Barrichello,6,Ferrari,13,2005,16,12,13.0,31.0,8.0,0.0,86.0,3.0,1.0,0,5
87,22,Rubens Barrichello,6,Ferrari,18,2005,17,9,10.0,35.0,8.0,0.0,90.0,3.0,1.0,0,6
88,22,Rubens Barrichello,6,Ferrari,22,2005,18,9,9.0,38.0,7.0,0.0,98.0,3.0,1.0,0,11
89,22,Rubens Barrichello,6,Ferrari,17,2005,19,8,8.0,38.0,8.0,0.0,100.0,3.0,1.0,0,12
53,22,Rubens Barrichello,11,Honda,3,2006,1,6,6.0,0.0,99.0,0.0,0.0,99.0,0.0,0,15
54,22,Rubens Barrichello,11,Honda,2,2006,2,20,12.0,0.0,15.0,0.0,5.0,4.0,0.0,0,10
55,22,Rubens Barrichello,11,Honda,1,2006,3,16,17.0,0.0,14.0,0.0,11.0,4.0,0.0,0,7
56,22,Rubens Barrichello,11,Honda,21,2006,4,3,3.0,2.0,12.0,0.0,13.0,4.0,0.0,0,10
57,22,Rubens Barrichello,11,Honda,20,2006,5,4,4.0,2.0,12.0,0.0,15.0,4.0,0.0,0,5
58,22,Rubens Barrichello,11,Honda,4,2006,6,5,5.0,6.0,9.0,0.0,19.0,4.0,0.0,0,7
59,22,Rubens Barrichello,11,Honda,6,2006,7,5,5.0,8.0,8.0,0.0,24.0,4.0,0.0,0,4
60,22,Rubens Barrichello,11,Honda,9,2006,8,6,6.0,13.0,8.0,0.0,29.0,4.0,0.0,0,10
61,22,Rubens Barrichello,11,Honda,7,2006,9,9,9.0,13.0,8.0,0.0,29.0,4.0,0.0,0,19
62,22,Rubens Barrichello,11,Honda,19,2006,10,4,4.0,13.0,8.0,0.0,29.0,4.0,0.0,0,6
63,22,Rubens Barrichello,11,Honda,8,2006,11,13,14.0,16.0,8.0,0.0,32.0,4.0,0.0,0,20
64,22,Rubens Barrichello,11,Honda,10,2006,12,6,6.0,16.0,8.0,0.0,32.0,4.0,0.0,0,16
65,22,Rubens Barrichello,11,Honda,11,2006,13,3,3.0,16.0,8.0,0.0,37.0,4.0,0.0,0,4
66,22,Rubens Barrichello,11,Honda,5,2006,14,13,14.0,21.0,8.0,0.0,52.0,4.0,1.0,0,8
67,22,Rubens Barrichello,11,Honda,14,2006,15,8,8.0,22.0,8.0,0.0,58.0,4.0,1.0,0,6
68,22,Rubens Barrichello,11,Honda,17,2006,16,3,3.0,25.0,8.0,0.0,65.0,4.0,1.0,0,6
69,22,Rubens Barrichello,11,Honda,22,2006,17,8,8.0,28.0,7.0,0.0,73.0,4.0,1.0,0,12
70,22,Rubens Barrichello,11,Honda,18,2006,18,5,5.0,28.0,7.0,0.0,78.0,4.0,1.0,0,7
36,22,Rubens Barrichello,11,Honda,1,2007,1,16,17.0,0.0,99.0,0.0,0.0,99.0,0.0,0,11
37,22,Rubens Barrichello,11,Honda,2,2007,2,22,19.0,0.0,11.0,0.0,0.0,6.0,0.0,0,11
38,22,Rubens Barrichello,11,Honda,3,2007,3,15,15.0,0.0,13.0,0.0,0.0,7.0,0.0,0,13
39,22,Rubens Barrichello,11,Honda,4,2007,4,12,12.0,0.0,14.0,0.0,0.0,7.0,0.0,0,10
40,22,Rubens Barrichello,11,Honda,6,2007,5,9,9.0,0.0,15.0,0.0,0.0,8.0,0.0,0,10
41,22,Rubens Barrichello,11,Honda,7,2007,6,13,13.0,0.0,16.0,0.0,0.0,9.0,0.0,0,12
42,22,Rubens Barrichello,11,Honda,19,2007,7,15,15.0,0.0,17.0,0.0,0.0,9.0,0.0,0,21
43,22,Rubens Barrichello,11,Honda,8,2007,8,13,13.0,0.0,18.0,0.0,0.0,9.0,0.0,0,11
44,22,Rubens Barrichello,11,Honda,9,2007,9,14,14.0,0.0,19.0,0.0,1.0,8.0,0.0,0,9
45,22,Rubens Barrichello,11,Honda,20,2007,10,14,14.0,0.0,18.0,0.0,1.0,8.0,0.0,0,11
46,22,Rubens Barrichello,11,Honda,11,2007,11,18,18.0,0.0,18.0,0.0,1.0,8.0,0.0,0,18
47,22,Rubens Barrichello,11,Honda,5,2007,12,22,22.0,0.0,18.0,0.0,1.0,8.0,0.0,0,17
48,22,Rubens Barrichello,11,Honda,14,2007,13,12,12.0,0.0,18.0,0.0,1.0,8.0,0.0,0,10
49,22,Rubens Barrichello,11,Honda,13,2007,14,17,17.0,0.0,18.0,0.0,2.0,8.0,0.0,0,13
50,22,Rubens Barrichello,11,Honda,16,2007,15,17,17.0,0.0,18.0,0.0,2.0,8.0,0.0,0,10
51,22,Rubens Barrichello,11,Honda,17,2007,16,16,16.0,0.0,19.0,0.0,2.0,8.0,0.0,0,15
52,22,Rubens Barrichello,11,Honda,18,2007,17,11,11.0,0.0,20.0,0.0,6.0,8.0,0.0,0,16
18,22,Rubens Barrichello,11,Honda,1,2008,1,10,11.0,0.0,99.0,0.0,0.0,99.0,0.0,0,22
19,22,Rubens Barrichello,11,Honda,2,2008,2,14,14.0,0.0,99.0,0.0,0.0,99.0,0.0,0,13
20,22,Rubens Barrichello,11,Honda,3,2008,3,12,12.0,0.0,16.0,0.0,0.0,9.0,0.0,0,11
21,22,Rubens Barrichello,11,Honda,4,2008,4,11,11.0,0.0,16.0,0.0,0.0,9.0,0.0,0,16
22,22,Rubens Barrichello,11,Honda,5,2008,5,12,12.0,0.0,17.0,0.0,3.0,8.0,0.0,0,14
23,22,Rubens Barrichello,11,Honda,6,2008,6,14,15.0,0.0,17.0,0.0,3.0,8.0,0.0,0,6
24,22,Rubens Barrichello,11,Honda,7,2008,7,9,9.0,3.0,14.0,0.0,6.0,9.0,0.0,0,7
25,22,Rubens Barrichello,11,Honda,8,2008,8,20,18.0,5.0,15.0,0.0,8.0,8.0,0.0,0,14
26,22,Rubens Barrichello,11,Honda,9,2008,9,16,16.0,5.0,15.0,0.0,8.0,8.0,0.0,1,3
27,22,Rubens Barrichello,11,Honda,10,2008,10,18,18.0,11.0,10.0,0.0,14.0,8.0,0.0,0,18
28,22,Rubens Barrichello,11,Honda,11,2008,11,17,18.0,11.0,10.0,0.0,14.0,8.0,0.0,0,16
29,22,Rubens Barrichello,11,Honda,12,2008,12,19,19.0,11.0,12.0,0.0,14.0,8.0,0.0,0,16
30,22,Rubens Barrichello,11,Honda,13,2008,13,16,16.0,11.0,12.0,0.0,14.0,8.0,0.0,0,19
31,22,Rubens Barrichello,11,Honda,14,2008,14,16,16.0,11.0,13.0,0.0,14.0,9.0,0.0,0,17
32,22,Rubens Barrichello,11,Honda,15,2008,15,18,18.0,11.0,13.0,0.0,14.0,9.0,0.0,0,19
33,22,Rubens Barrichello,11,Honda,16,2008,16,17,17.0,11.0,14.0,0.0,14.0,9.0,0.0,0,13
34,22,Rubens Barrichello,11,Honda,17,2008,17,13,14.0,11.0,14.0,0.0,14.0,9.0,0.0,0,11
35,22,Rubens Barrichello,11,Honda,18,2008,18,15,15.0,11.0,14.0,0.0,14.0,9.0,0.0,0,15
1,22,Rubens Barrichello,23,Brawn,1,2009,1,2,2.0,0.0,99.0,0.0,0.0,99.0,0.0,1,2
2,22,Rubens Barrichello,23,Brawn,2,2009,2,8,4.0,8.0,2.0,0.0,18.0,1.0,1.0,0,5
3,22,Rubens Barrichello,23,Brawn,17,2009,3,4,4.0,10.0,2.0,0.0,25.0,1.0,2.0,0,4
4,22,Rubens Barrichello,23,Brawn,3,2009,4,6,6.0,15.0,2.0,0.0,36.0,1.0,2.0,0,5
5,22,Rubens Barrichello,23,Brawn,4,2009,5,3,3.0,19.0,2.0,0.0,50.0,1.0,3.0,1,2
6,22,Rubens Barrichello,23,Brawn,6,2009,6,3,3.0,27.0,2.0,0.0,68.0,1.0,4.0,1,2
7,22,Rubens Barrichello,23,Brawn,5,2009,7,3,3.0,35.0,2.0,0.0,86.0,1.0,5.0,0,19
8,22,Rubens Barrichello,23,Brawn,9,2009,8,2,2.0,35.0,2.0,0.0,96.0,1.0,6.0,1,3
9,22,Rubens Barrichello,23,Brawn,20,2009,9,2,2.0,41.0,2.0,0.0,105.0,1.0,6.0,0,6
10,22,Rubens Barrichello,23,Brawn,11,2009,10,12,13.0,44.0,4.0,0.0,112.0,1.0,6.0,0,10
11,22,Rubens Barrichello,23,Brawn,12,2009,11,3,3.0,44.0,4.0,0.0,114.0,1.0,6.0,1,1
12,22,Rubens Barrichello,23,Brawn,13,2009,12,4,4.0,54.0,2.0,1.0,126.0,1.0,7.0,0,7
13,22,Rubens Barrichello,23,Brawn,14,2009,13,5,5.0,56.0,2.0,1.0,128.0,1.0,7.0,1,1
14,22,Rubens Barrichello,23,Brawn,15,2009,14,9,5.0,66.0,2.0,2.0,146.0,1.0,8.0,0,6
15,22,Rubens Barrichello,23,Brawn,22,2009,15,6,5.0,69.0,2.0,2.0,153.0,1.0,8.0,0,7
16,22,Rubens Barrichello,23,Brawn,18,2009,16,1,1.0,71.0,2.0,2.0,156.0,1.0,8.0,0,8
17,22,Rubens Barrichello,23,Brawn,24,2009,17,4,4.0,72.0,3.0,2.0,161.0,1.0,8.0,0,4
337,22,Rubens Barrichello,3,Williams,3,2010,1,11,11.0,0.0,99.0,0.0,0.0,99.0,0.0,0,10
338,22,Rubens Barrichello,3,Williams,1,2010,2,8,8.0,1.0,10.0,0.0,1.0,6.0,0.0,0,8
339,22,Rubens Barrichello,3,Williams,2,2010,3,7,7.0,5.0,11.0,0.0,5.0,7.0,0.0,0,12
340,22,Rubens Barrichello,3,Williams,17,2010,4,11,11.0,5.0,12.0,0.0,6.0,7.0,0.0,0,12
341,22,Rubens Barrichello,3,Williams,4,2010,5,17,18.0,5.0,13.0,0.0,6.0,7.0,0.0,0,9
342,22,Rubens Barrichello,3,Williams,6,2010,6,9,9.0,7.0,12.0,0.0,8.0,7.0,0.0,0,18
343,22,Rubens Barrichello,3,Williams,5,2010,7,15,15.0,7.0,12.0,0.0,8.0,7.0,0.0,0,14
344,22,Rubens Barrichello,3,Williams,7,2010,8,11,11.0,7.0,12.0,0.0,8.0,7.0,0.0,0,14
345,22,Rubens Barrichello,3,Williams,12,2010,9,9,9.0,7.0,12.0,0.0,8.0,8.0,0.0,0,4
346,22,Rubens Barrichello,3,Williams,9,2010,10,8,8.0,19.0,11.0,0.0,20.0,7.0,0.0,0,5
347,22,Rubens Barrichello,3,Williams,10,2010,11,8,8.0,29.0,11.0,0.0,31.0,7.0,0.0,0,12
348,22,Rubens Barrichello,3,Williams,11,2010,12,12,12.0,29.0,11.0,0.0,31.0,7.0,0.0,0,10
349,22,Rubens Barrichello,3,Williams,13,2010,13,7,7.0,30.0,11.0,0.0,40.0,7.0,0.0,0,24
350,22,Rubens Barrichello,3,Williams,14,2010,14,10,10.0,30.0,11.0,0.0,40.0,7.0,0.0,0,10
351,22,Rubens Barrichello,3,Williams,15,2010,15,6,6.0,31.0,11.0,0.0,47.0,7.0,0.0,0,6
352,22,Rubens Barrichello,3,Williams,22,2010,16,7,8.0,39.0,11.0,0.0,56.0,7.0,0.0,0,9
353,22,Rubens Barrichello,3,Williams,35,2010,17,10,10.0,41.0,11.0,0.0,58.0,7.0,0.0,0,7
354,22,Rubens Barrichello,3,Williams,18,2010,18,6,6.0,47.0,10.0,0.0,65.0,7.0,0.0,0,14
355,22,Rubens Barrichello,3,Williams,24,2010,19,7,7.0,47.0,10.0,0.0,69.0,6.0,0.0,0,12
841,22,Rubens Barrichello,3,Williams,1,2011,1,17,17.0,0.0,99.0,0.0,0.0,99.0,0.0,0,16
842,22,Rubens Barrichello,3,Williams,2,2011,2,15,15.0,0.0,16.0,0.0,0.0,9.0,0.0,0,22
843,22,Rubens Barrichello,3,Williams,17,2011,3,15,15.0,0.0,21.0,0.0,0.0,11.0,0.0,0,13
844,22,Rubens Barrichello,3,Williams,5,2011,4,11,11.0,0.0,17.0,0.0,0.0,10.0,0.0,0,15
845,22,Rubens Barrichello,3,Williams,4,2011,5,19,19.0,0.0,16.0,0.0,0.0,10.0,0.0,0,17
846,22,Rubens Barrichello,3,Williams,6,2011,6,11,12.0,0.0,17.0,0.0,0.0,9.0,0.0,0,9
847,22,Rubens Barrichello,3,Williams,7,2011,7,16,16.0,2.0,14.0,0.0,2.0,9.0,0.0,0,9
848,22,Rubens Barrichello,3,Williams,12,2011,8,13,13.0,4.0,15.0,0.0,4.0,9.0,0.0,0,12
849,22,Rubens Barrichello,3,Williams,9,2011,9,15,15.0,4.0,15.0,0.0,4.0,9.0,0.0,0,13
850,22,Rubens Barrichello,3,Williams,20,2011,10,14,14.0,4.0,16.0,0.0,4.0,9.0,0.0,0,23
851,22,Rubens Barrichello,3,Williams,11,2011,11,15,15.0,4.0,16.0,0.0,4.0,9.0,0.0,0,13
852,22,Rubens Barrichello,3,Williams,13,2011,12,14,14.0,4.0,17.0,0.0,4.0,9.0,0.0,0,16
853,22,Rubens Barrichello,3,Williams,14,2011,13,13,13.0,4.0,17.0,0.0,5.0,9.0,0.0,0,12
854,22,Rubens Barrichello,3,Williams,15,2011,14,12,12.0,4.0,17.0,0.0,5.0,9.0,0.0,0,13
855,22,Rubens Barrichello,3,Williams,22,2011,15,13,13.0,4.0,17.0,0.0,5.0,9.0,0.0,0,17
856,22,Rubens Barrichello,3,Williams,35,2011,16,18,18.0,4.0,17.0,0.0,5.0,9.0,0.0,0,12
857,22,Rubens Barrichello,3,Williams,68,2011,17,15,16.0,4.0,17.0,0.0,5.0,9.0,0.0,0,15
859,22,Rubens Barrichello,3,Williams,18,2011,19,12,12.0,4.0,17.0,0.0,5.0,9.0,0.0,0,14
207,23,Ralf Schumacher,17,Jordan,1,1997,1,12,12.0,0.0,99.0,0.0,0.0,99.0,0.0,0,18
208,23,Ralf Schumacher,17,Jordan,18,1997,2,10,10.0,0.0,99.0,0.0,0.0,99.0,0.0,0,19
209,23,Ralf Schumacher,17,Jordan,25,1997,3,6,6.0,0.0,99.0,0.0,0.0,7.0,0.0,1,3
210,23,Ralf Schumacher,17,Jordan,21,1997,4,5,5.0,4.0,8.0,0.0,4.0,6.0,0.0,0,17
211,23,Ralf Schumacher,17,Jordan,6,1997,5,6,6.0,4.0,9.0,0.0,7.0,5.0,0.0,0,16
212,23,Ralf Schumacher,17,Jordan,4,1997,6,9,9.0,4.0,10.0,0.0,8.0,6.0,0.0,0,17
213,23,Ralf Schumacher,17,Jordan,7,1997,7,7,7.0,4.0,12.0,0.0,8.0,6.0,0.0,0,17
214,23,Ralf Schumacher,17,Jordan,8,1997,8,3,3.0,4.0,13.0,0.0,12.0,6.0,0.0,0,6
215,23,Ralf Schumacher,17,Jordan,9,1997,9,5,5.0,5.0,13.0,0.0,13.0,6.0,0.0,0,5
216,23,Ralf Schumacher,17,Jordan,10,1997,10,7,7.0,7.0,11.0,0.0,15.0,6.0,0.0,0,5
191,23,Ralf Schumacher,17,Jordan,1,1998,1,9,9.0,0.0,99.0,0.0,0.0,99.0,0.0,0,19
192,23,Ralf Schumacher,17,Jordan,18,1998,2,8,8.0,0.0,99.0,0.0,0.0,6.0,0.0,0,22
193,23,Ralf Schumacher,17,Jordan,25,1998,3,5,5.0,0.0,99.0,0.0,0.0,6.0,0.0,0,19
199,23,Ralf Schumacher,17,Jordan,9,1998,9,21,21.0,0.0,16.0,0.0,0.0,8.0,0.0,0,6
200,23,Ralf Schumacher,17,Jordan,70,1998,10,9,9.0,1.0,13.0,0.0,1.0,8.0,0.0,0,5
201,23,Ralf Schumacher,17,Jordan,10,1998,11,4,4.0,3.0,12.0,0.0,3.0,8.0,0.0,0,6
203,23,Ralf Schumacher,17,Jordan,13,1998,13,8,8.0,4.0,11.0,0.0,10.0,5.0,0.0,1,2
175,23,Ralf Schumacher,3,Williams,1,1999,1,8,8.0,0.0,99.0,0.0,0.0,99.0,0.0,1,3
176,23,Ralf Schumacher,3,Williams,18,1999,2,11,11.0,4.0,3.0,0.0,4.0,3.0,0.0,0,4
177,23,Ralf Schumacher,3,Williams,21,1999,3,9,9.0,7.0,4.0,0.0,7.0,4.0,0.0,0,17
158,23,Ralf Schumacher,3,Williams,1,2000,1,11,11.0,0.0,99.0,0.0,0.0,99.0,0.0,1,3
160,23,Ralf Schumacher,3,Williams,21,2000,3,5,5.0,6.0,4.0,0.0,7.0,4.0,0.0,0,17
161,23,Ralf Schumacher,3,Williams,9,2000,4,7,7.0,6.0,5.0,0.0,7.0,5.0,0.0,0,4
173,23,Ralf Schumacher,3,Williams,22,2000,16,6,6.0,24.0,5.0,0.0,34.0,3.0,0.0,0,17
156,23,Ralf Schumacher,3,Williams,19,2001,16,2,2.0,48.0,4.0,3.0,73.0,3.0,4.0,0,20
125,23,Ralf Schumacher,3,Williams,2,2002,2,4,4.0,0.0,99.0,0.0,6.0,2.0,0.0,1,1
140,23,Ralf Schumacher,3,Williams,22,2002,17,5,5.0,42.0,4.0,1.0,89.0,2.0,1.0,0,11
108,23,Ralf Schumacher,3,Williams,1,2003,1,9,9.0,0.0,99.0,0.0,0.0,99.0,0.0,0,8
109,23,Ralf Schumacher,3,Williams,2,2003,2,17,17.0,1.0,8.0,0.0,9.0,2.0,0.0,0,4
110,23,Ralf Schumacher,3,Williams,18,2003,3,6,6.0,6.0,8.0,0.0,14.0,4.0,0.0,0,7
111,23,Ralf Schumacher,3,Williams,21,2003,4,2,2.0,8.0,9.0,0.0,16.0,4.0,0.0,0,4
112,23,Ralf Schumacher,3,Williams,4,2003,5,7,7.0,13.0,6.0,0.0,23.0,4.0,0.0,0,5
113,23,Ralf Schumacher,3,Williams,70,2003,6,10,10.0,17.0,6.0,0.0,32.0,4.0,0.0,0,6
114,23,Ralf Schumacher,3,Williams,6,2003,7,1,1.0,20.0,6.0,0.0,35.0,4.0,0.0,0,4
115,23,Ralf Schumacher,3,Williams,7,2003,8,1,1.0,25.0,7.0,0.0,50.0,3.0,1.0,1,2
116,23,Ralf Schumacher,3,Williams,20,2003,9,3,3.0,33.0,4.0,0.0,64.0,3.0,1.0,1,1
117,23,Ralf Schumacher,3,Williams,8,2003,10,1,1.0,43.0,3.0,1.0,82.0,2.0,2.0,1,1
118,23,Ralf Schumacher,3,Williams,9,2003,11,4,4.0,53.0,3.0,2.0,100.0,2.0,3.0,0,9
119,23,Ralf Schumacher,3,Williams,10,2003,12,2,2.0,53.0,4.0,2.0,108.0,2.0,3.0,0,16
120,23,Ralf Schumacher,3,Williams,11,2003,13,2,2.0,53.0,4.0,2.0,118.0,2.0,4.0,0,4
122,23,Ralf Schumacher,3,Williams,19,2003,15,5,5.0,58.0,4.0,2.0,141.0,1.0,4.0,0,19
123,23,Ralf Schumacher,3,Williams,22,2003,16,19,19.0,58.0,4.0,2.0,144.0,2.0,4.0,0,12
90,23,Ralf Schumacher,3,Williams,1,2004,1,8,8.0,0.0,99.0,0.0,0.0,99.0,0.0,0,4
91,23,Ralf Schumacher,3,Williams,2,2004,2,7,7.0,5.0,4.0,0.0,9.0,2.0,0.0,0,19
92,23,Ralf Schumacher,3,Williams,3,2004,3,4,4.0,5.0,7.0,0.0,17.0,2.0,0.0,0,7
93,23,Ralf Schumacher,3,Williams,21,2004,4,5,5.0,7.0,7.0,0.0,19.0,3.0,0.0,0,7
94,23,Ralf Schumacher,3,Williams,4,2004,5,6,6.0,9.0,7.0,0.0,27.0,4.0,0.0,0,6
95,23,Ralf Schumacher,3,Williams,6,2004,6,12,2.0,12.0,7.0,0.0,30.0,4.0,0.0,0,10
96,23,Ralf Schumacher,3,Williams,20,2004,7,9,9.0,12.0,7.0,0.0,35.0,4.0,0.0,0,19
97,23,Ralf Schumacher,3,Williams,7,2004,8,1,1.0,12.0,7.0,0.0,36.0,4.0,0.0,0,17
98,23,Ralf Schumacher,3,Williams,19,2004,9,6,6.0,12.0,7.0,0.0,36.0,4.0,0.0,0,15
105,23,Ralf Schumacher,3,Williams,17,2004,16,5,5.0,12.0,8.0,0.0,60.0,4.0,0.0,0,18
106,23,Ralf Schumacher,3,Williams,22,2004,17,2,2.0,12.0,11.0,0.0,64.0,4.0,0.0,1,2
107,23,Ralf Schumacher,3,Williams,18,2004,18,7,7.0,20.0,11.0,0.0,74.0,4.0,0.0,0,5
71,23,Ralf Schumacher,7,Toyota,1,2005,1,15,15.0,0.0,99.0,0.0,0.0,99.0,0.0,0,12
72,23,Ralf Schumacher,7,Toyota,2,2005,2,5,5.0,0.0,11.0,0.0,0.0,6.0,0.0,0,5
73,23,Ralf Schumacher,7,Toyota,3,2005,3,6,6.0,4.0,8.0,0.0,12.0,2.0,0.0,0,4
74,23,Ralf Schumacher,7,Toyota,21,2005,4,10,11.0,9.0,4.0,0.0,25.0,2.0,0.0,0,9
75,23,Ralf Schumacher,7,Toyota,4,2005,5,4,4.0,9.0,6.0,0.0,29.0,2.0,0.0,0,4
76,23,Ralf Schumacher,7,Toyota,6,2005,6,18,18.0,14.0,5.0,0.0,40.0,2.0,0.0,0,6
77,23,Ralf Schumacher,7,Toyota,20,2005,7,8,8.0,17.0,6.0,0.0,43.0,3.0,0.0,0,19
78,23,Ralf Schumacher,7,Toyota,7,2005,8,10,10.0,17.0,7.0,0.0,44.0,3.0,0.0,0,6
80,23,Ralf Schumacher,7,Toyota,8,2005,10,11,12.0,20.0,8.0,0.0,47.0,5.0,0.0,0,7
81,23,Ralf Schumacher,7,Toyota,9,2005,11,8,9.0,22.0,8.0,0.0,53.0,4.0,0.0,0,8
82,23,Ralf Schumacher,7,Toyota,10,2005,12,12,12.0,23.0,9.0,0.0,54.0,4.0,0.0,0,6
83,23,Ralf Schumacher,7,Toyota,11,2005,13,5,5.0,26.0,8.0,0.0,57.0,4.0,0.0,1,3
84,23,Ralf Schumacher,7,Toyota,5,2005,14,9,9.0,32.0,6.0,0.0,68.0,4.0,0.0,0,12
85,23,Ralf Schumacher,7,Toyota,14,2005,15,9,10.0,32.0,7.0,0.0,71.0,4.0,0.0,0,6
86,23,Ralf Schumacher,7,Toyota,13,2005,16,5,6.0,35.0,7.0,0.0,78.0,4.0,0.0,0,7
87,23,Ralf Schumacher,7,Toyota,18,2005,17,10,11.0,37.0,7.0,0.0,80.0,4.0,0.0,0,8
88,23,Ralf Schumacher,7,Toyota,22,2005,18,1,1.0,38.0,8.0,0.0,81.0,4.0,0.0,0,8
89,23,Ralf Schumacher,7,Toyota,17,2005,19,9,9.0,39.0,7.0,0.0,82.0,4.0,0.0,1,3
53,23,Ralf Schumacher,7,Toyota,3,2006,1,17,17.0,0.0,99.0,0.0,0.0,99.0,0.0,0,14
54,23,Ralf Schumacher,7,Toyota,2,2006,2,22,10.0,0.0,14.0,0.0,0.0,9.0,0.0,0,8
55,23,Ralf Schumacher,7,Toyota,1,2006,3,6,6.0,1.0,11.0,0.0,1.0,7.0,0.0,1,3
56,23,Ralf Schumacher,7,Toyota,21,2006,4,6,6.0,7.0,7.0,0.0,7.0,6.0,0.0,0,9
57,23,Ralf Schumacher,7,Toyota,20,2006,5,10,11.0,7.0,8.0,0.0,7.0,7.0,0.0,0,14
58,23,Ralf Schumacher,7,Toyota,4,2006,6,6,6.0,7.0,8.0,0.0,7.0,7.0,0.0,0,20
59,23,Ralf Schumacher,7,Toyota,6,2006,7,10,10.0,7.0,9.0,0.0,7.0,7.0,0.0,0,8
60,23,Ralf Schumacher,7,Toyota,9,2006,8,7,7.0,8.0,9.0,0.0,8.0,7.0,0.0,0,21
61,23,Ralf Schumacher,7,Toyota,7,2006,9,14,14.0,8.0,10.0,0.0,8.0,7.0,0.0,0,17
62,23,Ralf Schumacher,7,Toyota,19,2006,10,8,8.0,8.0,10.0,0.0,11.0,6.0,0.0,0,10
63,23,Ralf Schumacher,7,Toyota,8,2006,11,5,5.0,8.0,11.0,0.0,16.0,6.0,0.0,0,4
64,23,Ralf Schumacher,7,Toyota,10,2006,12,8,8.0,13.0,9.0,0.0,21.0,5.0,0.0,0,9
65,23,Ralf Schumacher,7,Toyota,11,2006,13,6,7.0,13.0,9.0,0.0,23.0,5.0,0.0,0,6
66,23,Ralf Schumacher,7,Toyota,5,2006,14,15,5.0,16.0,10.0,0.0,26.0,5.0,0.0,0,7
67,23,Ralf Schumacher,7,Toyota,14,2006,15,13,13.0,18.0,10.0,0.0,28.0,5.0,0.0,0,15
68,23,Ralf Schumacher,7,Toyota,17,2006,16,16,16.0,18.0,10.0,0.0,30.0,6.0,0.0,0,17
69,23,Ralf Schumacher,7,Toyota,22,2006,17,3,3.0,18.0,11.0,0.0,30.0,6.0,0.0,0,7
70,23,Ralf Schumacher,7,Toyota,18,2006,18,7,7.0,20.0,10.0,0.0,35.0,6.0,0.0,0,20
36,23,Ralf Schumacher,7,Toyota,1,2007,1,9,9.0,0.0,99.0,0.0,0.0,99.0,0.0,0,8
37,23,Ralf Schumacher,7,Toyota,2,2007,2,9,9.0,1.0,8.0,0.0,1.0,5.0,0.0,0,15
38,23,Ralf Schumacher,7,Toyota,3,2007,3,14,14.0,1.0,10.0,0.0,3.0,4.0,0.0,0,12
39,23,Ralf Schumacher,7,Toyota,4,2007,4,17,17.0,1.0,11.0,0.0,5.0,4.0,0.0,0,16
40,23,Ralf Schumacher,7,Toyota,6,2007,5,20,20.0,1.0,13.0,0.0,5.0,5.0,0.0,0,16
41,23,Ralf Schumacher,7,Toyota,7,2007,6,18,18.0,1.0,14.0,0.0,5.0,5.0,0.0,0,8
42,23,Ralf Schumacher,7,Toyota,19,2007,7,12,12.0,2.0,14.0,0.0,6.0,5.0,0.0,0,22
43,23,Ralf Schumacher,7,Toyota,8,2007,8,11,11.0,2.0,15.0,0.0,9.0,5.0,0.0,0,10
44,23,Ralf Schumacher,7,Toyota,9,2007,9,6,6.0,2.0,15.0,0.0,9.0,5.0,0.0,0,20
45,23,Ralf Schumacher,7,Toyota,20,2007,10,9,9.0,2.0,15.0,0.0,9.0,5.0,0.0,0,16
46,23,Ralf Schumacher,7,Toyota,11,2007,11,5,6.0,2.0,15.0,0.0,9.0,6.0,0.0,0,6
47,23,Ralf Schumacher,7,Toyota,5,2007,12,16,16.0,5.0,14.0,0.0,12.0,6.0,0.0,0,12
48,23,Ralf Schumacher,7,Toyota,14,2007,13,18,18.0,5.0,14.0,0.0,12.0,6.0,0.0,0,15
49,23,Ralf Schumacher,7,Toyota,13,2007,14,10,10.0,5.0,14.0,0.0,12.0,6.0,0.0,0,10
50,23,Ralf Schumacher,7,Toyota,16,2007,15,15,15.0,5.0,14.0,0.0,12.0,6.0,0.0,0,16
51,23,Ralf Schumacher,7,Toyota,17,2007,16,6,6.0,5.0,14.0,0.0,12.0,6.0,0.0,0,20
52,23,Ralf Schumacher,7,Toyota,18,2007,17,15,15.0,5.0,16.0,0.0,12.0,6.0,0.0,0,11
74,24,Vitantonio Liuzzi,9,Red Bull,21,2005,4,15,16.0,0.0,99.0,0.0,12.0,5.0,0.0,0,8
75,24,Vitantonio Liuzzi,9,Red Bull,4,2005,5,11,11.0,1.0,17.0,0.0,13.0,6.0,0.0,0,18
76,24,Vitantonio Liuzzi,9,Red Bull,6,2005,6,12,12.0,1.0,17.0,0.0,14.0,6.0,0.0,0,15
77,24,Vitantonio Liuzzi,9,Red Bull,20,2005,7,14,14.0,1.0,17.0,0.0,14.0,6.0,0.0,0,9
53,24,Vitantonio Liuzzi,5,Toro Rosso,3,2006,1,15,15.0,0.0,99.0,0.0,0.0,99.0,0.0,0,11
54,24,Vitantonio Liuzzi,5,Toro Rosso,2,2006,2,13,18.0,0.0,11.0,0.0,0.0,7.0,0.0,0,11
55,24,Vitantonio Liuzzi,5,Toro Rosso,1,2006,3,12,13.0,0.0,16.0,0.0,0.0,9.0,0.0,0,16
56,24,Vitantonio Liuzzi,5,Toro Rosso,21,2006,4,16,16.0,0.0,18.0,0.0,0.0,9.0,0.0,0,14
57,24,Vitantonio Liuzzi,5,Toro Rosso,20,2006,5,14,16.0,0.0,18.0,0.0,0.0,9.0,0.0,0,22
58,24,Vitantonio Liuzzi,5,Toro Rosso,4,2006,6,15,16.0,0.0,18.0,0.0,0.0,9.0,0.0,0,15
59,24,Vitantonio Liuzzi,5,Toro Rosso,6,2006,7,12,12.0,0.0,18.0,0.0,0.0,9.0,0.0,0,10
60,24,Vitantonio Liuzzi,5,Toro Rosso,9,2006,8,13,13.0,0.0,18.0,0.0,0.0,9.0,0.0,0,13
61,24,Vitantonio Liuzzi,5,Toro Rosso,7,2006,9,15,15.0,0.0,18.0,0.0,0.0,9.0,0.0,0,13
62,24,Vitantonio Liuzzi,5,Toro Rosso,19,2006,10,20,21.0,0.0,18.0,0.0,0.0,9.0,0.0,0,8
63,24,Vitantonio Liuzzi,5,Toro Rosso,8,2006,11,22,17.0,1.0,16.0,0.0,1.0,9.0,0.0,0,13
64,24,Vitantonio Liuzzi,5,Toro Rosso,10,2006,12,16,17.0,1.0,17.0,0.0,1.0,9.0,0.0,0,10
65,24,Vitantonio Liuzzi,5,Toro Rosso,11,2006,13,17,17.0,1.0,18.0,0.0,1.0,9.0,0.0,0,16
66,24,Vitantonio Liuzzi,5,Toro Rosso,5,2006,14,18,19.0,1.0,18.0,0.0,1.0,9.0,0.0,0,20
67,24,Vitantonio Liuzzi,5,Toro Rosso,14,2006,15,17,17.0,1.0,18.0,0.0,1.0,9.0,0.0,0,14
68,24,Vitantonio Liuzzi,5,Toro Rosso,17,2006,16,13,13.0,1.0,19.0,0.0,1.0,9.0,0.0,0,10
69,24,Vitantonio Liuzzi,5,Toro Rosso,22,2006,17,15,15.0,1.0,19.0,0.0,1.0,9.0,0.0,0,14
70,24,Vitantonio Liuzzi,5,Toro Rosso,18,2006,18,15,16.0,1.0,19.0,0.0,1.0,9.0,0.0,0,13
36,24,Vitantonio Liuzzi,5,Toro Rosso,1,2007,1,19,20.0,0.0,99.0,0.0,0.0,99.0,0.0,0,14
37,24,Vitantonio Liuzzi,5,Toro Rosso,2,2007,2,16,16.0,0.0,14.0,0.0,0.0,9.0,0.0,0,17
38,24,Vitantonio Liuzzi,5,Toro Rosso,3,2007,3,18,18.0,0.0,16.0,0.0,0.0,9.0,0.0,0,20
39,24,Vitantonio Liuzzi,5,Toro Rosso,4,2007,4,16,16.0,0.0,17.0,0.0,0.0,9.0,0.0,0,17
40,24,Vitantonio Liuzzi,5,Toro Rosso,6,2007,5,12,12.0,0.0,21.0,0.0,0.0,10.0,0.0,0,22
41,24,Vitantonio Liuzzi,5,Toro Rosso,7,2007,6,12,12.0,0.0,22.0,0.0,0.0,8.0,0.0,0,14
42,24,Vitantonio Liuzzi,5,Toro Rosso,19,2007,7,19,19.0,0.0,22.0,0.0,0.0,8.0,0.0,0,17
43,24,Vitantonio Liuzzi,5,Toro Rosso,8,2007,8,17,17.0,0.0,23.0,0.0,0.0,8.0,0.0,0,22
44,24,Vitantonio Liuzzi,5,Toro Rosso,9,2007,9,16,16.0,0.0,23.0,0.0,0.0,9.0,0.0,0,16
45,24,Vitantonio Liuzzi,5,Toro Rosso,20,2007,10,19,19.0,0.0,23.0,0.0,0.0,9.0,0.0,0,22
46,24,Vitantonio Liuzzi,5,Toro Rosso,11,2007,11,16,16.0,0.0,23.0,0.0,0.0,9.0,0.0,0,19
47,24,Vitantonio Liuzzi,5,Toro Rosso,5,2007,12,15,15.0,0.0,23.0,0.0,0.0,9.0,0.0,0,15
48,24,Vitantonio Liuzzi,5,Toro Rosso,14,2007,13,19,19.0,0.0,23.0,0.0,0.0,9.0,0.0,0,17
49,24,Vitantonio Liuzzi,5,Toro Rosso,13,2007,14,13,13.0,0.0,23.0,0.0,0.0,9.0,0.0,0,12
50,24,Vitantonio Liuzzi,5,Toro Rosso,16,2007,15,14,14.0,0.0,21.0,0.0,0.0,9.0,0.0,0,9
51,24,Vitantonio Liuzzi,5,Toro Rosso,17,2007,16,11,11.0,0.0,20.0,0.0,0.0,10.0,0.0,0,6
52,24,Vitantonio Liuzzi,5,Toro Rosso,18,2007,17,14,14.0,3.0,18.0,0.0,8.0,7.0,0.0,0,13
13,24,Vitantonio Liuzzi,10,Force India,14,2009,13,7,7.0,0.0,99.0,0.0,8.0,9.0,0.0,0,17
14,24,Vitantonio Liuzzi,10,Force India,15,2009,14,19,20.0,0.0,24.0,0.0,13.0,9.0,0.0,0,14
15,24,Vitantonio Liuzzi,10,Force India,22,2009,15,18,19.0,0.0,22.0,0.0,13.0,9.0,0.0,0,14
16,24,Vitantonio Liuzzi,10,Force India,18,2009,16,20,15.0,0.0,21.0,0.0,13.0,9.0,0.0,0,12
17,24,Vitantonio Liuzzi,10,Force India,24,2009,17,16,17.0,0.0,22.0,0.0,13.0,9.0,0.0,0,15
337,24,Vitantonio Liuzzi,10,Force India,3,2010,1,12,12.0,0.0,99.0,0.0,0.0,99.0,0.0,0,9
338,24,Vitantonio Liuzzi,10,Force India,1,2010,2,13,13.0,2.0,9.0,0.0,2.0,5.0,0.0,0,7
339,24,Vitantonio Liuzzi,10,Force India,2,2010,3,10,10.0,8.0,9.0,0.0,8.0,6.0,0.0,0,20
340,24,Vitantonio Liuzzi,10,Force India,17,2010,4,18,18.0,8.0,11.0,0.0,18.0,6.0,0.0,0,23
341,24,Vitantonio Liuzzi,10,Force India,4,2010,5,16,17.0,8.0,11.0,0.0,18.0,6.0,0.0,0,15
342,24,Vitantonio Liuzzi,10,Force India,6,2010,6,10,10.0,8.0,11.0,0.0,24.0,6.0,0.0,0,9
343,24,Vitantonio Liuzzi,10,Force India,5,2010,7,18,18.0,10.0,11.0,0.0,30.0,6.0,0.0,0,13
344,24,Vitantonio Liuzzi,10,Force India,7,2010,8,5,6.0,10.0,11.0,0.0,32.0,6.0,0.0,0,9
345,24,Vitantonio Liuzzi,10,Force India,12,2010,9,14,14.0,12.0,11.0,0.0,35.0,6.0,0.0,0,16
346,24,Vitantonio Liuzzi,10,Force India,9,2010,10,20,15.0,12.0,12.0,0.0,43.0,6.0,0.0,0,11
347,24,Vitantonio Liuzzi,10,Force India,10,2010,11,21,22.0,12.0,13.0,0.0,47.0,6.0,0.0,0,16
348,24,Vitantonio Liuzzi,10,Force India,11,2010,12,16,16.0,12.0,13.0,0.0,47.0,6.0,0.0,0,13
349,24,Vitantonio Liuzzi,10,Force India,13,2010,13,12,14.0,12.0,14.0,0.0,47.0,6.0,0.0,0,10
350,24,Vitantonio Liuzzi,10,Force India,14,2010,14,19,20.0,13.0,14.0,0.0,58.0,6.0,0.0,0,12
351,24,Vitantonio Liuzzi,10,Force India,15,2010,15,16,17.0,13.0,15.0,0.0,58.0,6.0,0.0,0,24
352,24,Vitantonio Liuzzi,10,Force India,22,2010,16,17,17.0,13.0,15.0,0.0,60.0,6.0,0.0,0,23
353,24,Vitantonio Liuzzi,10,Force India,35,2010,17,17,18.0,13.0,15.0,0.0,60.0,6.0,0.0,0,6
354,24,Vitantonio Liuzzi,10,Force India,18,2010,18,16,17.0,21.0,13.0,0.0,68.0,6.0,0.0,0,24
355,24,Vitantonio Liuzzi,10,Force India,24,2010,19,16,16.0,21.0,14.0,0.0,68.0,7.0,0.0,0,24
841,24,Vitantonio Liuzzi,164,HRT,1,2011,1,0,23.0,0.0,99.0,0.0,0.0,99.0,0.0,0,23
842,24,Vitantonio Liuzzi,164,HRT,2,2011,2,23,23.0,0.0,99.0,0.0,0.0,99.0,0.0,0,18
843,24,Vitantonio Liuzzi,164,HRT,17,2011,3,23,23.0,0.0,22.0,0.0,0.0,12.0,0.0,0,22
844,24,Vitantonio Liuzzi,164,HRT,5,2011,4,20,21.0,0.0,23.0,0.0,0.0,12.0,0.0,0,22
845,24,Vitantonio Liuzzi,164,HRT,4,2011,5,21,21.0,0.0,24.0,0.0,0.0,12.0,0.0,0,24
846,24,Vitantonio Liuzzi,164,HRT,6,2011,6,23,24.0,0.0,24.0,0.0,0.0,12.0,0.0,0,16
847,24,Vitantonio Liuzzi,164,HRT,7,2011,7,20,21.0,0.0,23.0,0.0,0.0,12.0,0.0,0,13
848,24,Vitantonio Liuzzi,164,HRT,12,2011,8,22,22.0,0.0,20.0,0.0,0.0,11.0,0.0,0,23
849,24,Vitantonio Liuzzi,164,HRT,9,2011,9,23,23.0,0.0,20.0,0.0,0.0,11.0,0.0,0,18
850,24,Vitantonio Liuzzi,164,HRT,20,2011,10,23,23.0,0.0,20.0,0.0,0.0,11.0,0.0,0,21
851,24,Vitantonio Liuzzi,164,HRT,11,2011,11,21,22.0,0.0,20.0,0.0,0.0,11.0,0.0,0,20
852,24,Vitantonio Liuzzi,164,HRT,13,2011,12,22,22.0,0.0,20.0,0.0,0.0,11.0,0.0,0,19
853,24,Vitantonio Liuzzi,164,HRT,14,2011,13,24,24.0,0.0,21.0,0.0,0.0,11.0,0.0,0,24
854,24,Vitantonio Liuzzi,164,HRT,15,2011,14,24,24.0,0.0,23.0,0.0,0.0,11.0,0.0,0,20
855,24,Vitantonio Liuzzi,164,HRT,22,2011,15,24,24.0,0.0,23.0,0.0,0.0,11.0,0.0,0,23
856,24,Vitantonio Liuzzi,164,HRT,35,2011,16,23,23.0,0.0,23.0,0.0,0.0,11.0,0.0,0,21
858,24,Vitantonio Liuzzi,164,HRT,24,2011,18,22,23.0,0.0,23.0,0.0,0.0,11.0,0.0,0,20
859,24,Vitantonio Liuzzi,164,HRT,18,2011,19,21,21.0,0.0,23.0,0.0,0.0,11.0,0.0,0,21
213,25,Alexander Wurz,22,Benetton,7,1997,7,11,11.0,0.0,99.0,0.0,17.0,4.0,0.0,0,14
214,25,Alexander Wurz,22,Benetton,8,1997,8,7,7.0,0.0,99.0,0.0,23.0,3.0,0.0,0,14
215,25,Alexander Wurz,22,Benetton,9,1997,9,8,8.0,0.0,99.0,0.0,25.0,3.0,0.0,1,3
191,25,Alexander Wurz,22,Benetton,1,1998,1,11,11.0,0.0,99.0,0.0,0.0,99.0,0.0,0,7
192,25,Alexander Wurz,22,Benetton,18,1998,2,5,5.0,0.0,7.0,0.0,0.0,5.0,0.0,0,4
193,25,Alexander Wurz,22,Benetton,25,1998,3,8,8.0,3.0,5.0,0.0,4.0,4.0,0.0,0,4
199,25,Alexander Wurz,22,Benetton,9,1998,9,11,11.0,14.0,5.0,0.0,27.0,3.0,0.0,0,4
200,25,Alexander Wurz,22,Benetton,70,1998,10,17,17.0,17.0,5.0,0.0,32.0,3.0,0.0,0,9
201,25,Alexander Wurz,22,Benetton,10,1998,11,7,7.0,17.0,5.0,0.0,32.0,3.0,0.0,0,11
203,25,Alexander Wurz,22,Benetton,13,1998,13,11,11.0,17.0,6.0,0.0,32.0,3.0,0.0,0,17
175,25,Alexander Wurz,22,Benetton,1,1999,1,10,10.0,0.0,99.0,0.0,0.0,99.0,0.0,0,11
176,25,Alexander Wurz,22,Benetton,18,1999,2,9,9.0,0.0,99.0,0.0,3.0,4.0,0.0,0,7
177,25,Alexander Wurz,22,Benetton,21,1999,3,17,17.0,0.0,11.0,0.0,3.0,5.0,0.0,0,20
158,25,Alexander Wurz,22,Benetton,1,2000,1,14,14.0,0.0,99.0,0.0,0.0,99.0,0.0,0,7
160,25,Alexander Wurz,22,Benetton,21,2000,3,11,11.0,0.0,11.0,0.0,8.0,2.0,0.0,0,9
161,25,Alexander Wurz,22,Benetton,9,2000,4,20,20.0,0.0,13.0,0.0,8.0,3.0,0.0,0,9
173,25,Alexander Wurz,22,Benetton,22,2000,16,11,11.0,2.0,15.0,0.0,20.0,4.0,0.0,0,19
74,25,Alexander Wurz,1,McLaren,21,2005,4,7,7.0,0.0,99.0,0.0,19.0,3.0,0.0,1,3
36,25,Alexander Wurz,3,Williams,1,2007,1,15,15.0,0.0,99.0,0.0,0.0,99.0,0.0,0,18
37,25,Alexander Wurz,3,Williams,2,2007,2,19,20.0,0.0,99.0,0.0,2.0,4.0,0.0,0,9
38,25,Alexander Wurz,3,Williams,3,2007,3,11,11.0,0.0,11.0,0.0,2.0,5.0,0.0,0,11
39,25,Alexander Wurz,3,Williams,4,2007,4,18,18.0,0.0,12.0,0.0,2.0,5.0,0.0,0,22
40,25,Alexander Wurz,3,Williams,6,2007,5,11,11.0,0.0,14.0,0.0,5.0,4.0,0.0,0,7
41,25,Alexander Wurz,3,Williams,7,2007,6,19,19.0,2.0,12.0,0.0,7.0,4.0,0.0,1,3
42,25,Alexander Wurz,3,Williams,19,2007,7,17,17.0,8.0,8.0,0.0,13.0,4.0,0.0,0,10
43,25,Alexander Wurz,3,Williams,8,2007,8,18,18.0,8.0,9.0,0.0,13.0,4.0,0.0,0,14
44,25,Alexander Wurz,3,Williams,9,2007,9,13,13.0,8.0,9.0,0.0,13.0,4.0,0.0,0,13
45,25,Alexander Wurz,3,Williams,20,2007,10,12,12.0,8.0,9.0,0.0,13.0,4.0,0.0,0,4
46,25,Alexander Wurz,3,Williams,11,2007,11,12,13.0,13.0,9.0,0.0,18.0,4.0,0.0,0,14
47,25,Alexander Wurz,3,Williams,5,2007,12,14,14.0,13.0,9.0,0.0,20.0,4.0,0.0,0,11
48,25,Alexander Wurz,3,Williams,14,2007,13,13,13.0,13.0,9.0,0.0,22.0,4.0,0.0,0,13
49,25,Alexander Wurz,3,Williams,13,2007,14,15,15.0,13.0,9.0,0.0,25.0,4.0,0.0,0,19
50,25,Alexander Wurz,3,Williams,16,2007,15,18,18.0,13.0,10.0,0.0,28.0,4.0,0.0,0,22
51,25,Alexander Wurz,3,Williams,17,2007,16,19,19.0,13.0,10.0,0.0,28.0,4.0,0.0,0,12
53,26,Scott Speed,5,Toro Rosso,3,2006,1,16,16.0,0.0,99.0,0.0,0.0,99.0,0.0,0,13
54,26,Scott Speed,5,Toro Rosso,2,2006,2,12,17.0,0.0,13.0,0.0,0.0,7.0,0.0,0,16
55,26,Scott Speed,5,Toro Rosso,1,2006,3,18,19.0,0.0,20.0,0.0,0.0,9.0,0.0,0,9
56,26,Scott Speed,5,Toro Rosso,21,2006,4,18,18.0,0.0,16.0,0.0,0.0,9.0,0.0,0,15
57,26,Scott Speed,5,Toro Rosso,20,2006,5,17,19.0,0.0,16.0,0.0,0.0,9.0,0.0,0,11
58,26,Scott Speed,5,Toro Rosso,4,2006,6,16,17.0,0.0,17.0,0.0,0.0,9.0,0.0,0,19
59,26,Scott Speed,5,Toro Rosso,6,2006,7,18,18.0,0.0,17.0,0.0,0.0,9.0,0.0,0,13
60,26,Scott Speed,5,Toro Rosso,9,2006,8,15,15.0,0.0,17.0,0.0,0.0,9.0,0.0,0,20
61,26,Scott Speed,5,Toro Rosso,7,2006,9,17,18.0,0.0,17.0,0.0,0.0,9.0,0.0,0,10
62,26,Scott Speed,5,Toro Rosso,19,2006,10,13,13.0,0.0,17.0,0.0,0.0,9.0,0.0,0,20
63,26,Scott Speed,5,Toro Rosso,8,2006,11,14,15.0,0.0,18.0,0.0,1.0,9.0,0.0,0,10
64,26,Scott Speed,5,Toro Rosso,10,2006,12,19,22.0,0.0,19.0,0.0,1.0,9.0,0.0,0,12
65,26,Scott Speed,5,Toro Rosso,11,2006,13,20,19.0,0.0,19.0,0.0,1.0,9.0,0.0,0,11
66,26,Scott Speed,5,Toro Rosso,5,2006,14,17,18.0,0.0,19.0,0.0,1.0,9.0,0.0,0,13
67,26,Scott Speed,5,Toro Rosso,14,2006,15,15,15.0,0.0,19.0,0.0,1.0,9.0,0.0,0,13
68,26,Scott Speed,5,Toro Rosso,17,2006,16,11,11.0,0.0,20.0,0.0,1.0,9.0,0.0,0,14
69,26,Scott Speed,5,Toro Rosso,22,2006,17,19,19.0,0.0,20.0,0.0,1.0,9.0,0.0,0,18
70,26,Scott Speed,5,Toro Rosso,18,2006,18,16,17.0,0.0,20.0,0.0,1.0,9.0,0.0,0,11
36,26,Scott Speed,5,Toro Rosso,1,2007,1,17,18.0,0.0,99.0,0.0,0.0,99.0,0.0,0,21
37,26,Scott Speed,5,Toro Rosso,2,2007,2,17,17.0,0.0,99.0,0.0,0.0,9.0,0.0,0,14
38,26,Scott Speed,5,Toro Rosso,3,2007,3,19,19.0,0.0,17.0,0.0,0.0,9.0,0.0,0,22
39,26,Scott Speed,5,Toro Rosso,4,2007,4,22,22.0,0.0,19.0,0.0,0.0,9.0,0.0,0,18
40,26,Scott Speed,5,Toro Rosso,6,2007,5,18,18.0,0.0,22.0,0.0,0.0,10.0,0.0,0,9
41,26,Scott Speed,5,Toro Rosso,7,2007,6,16,16.0,0.0,15.0,0.0,0.0,8.0,0.0,0,19
42,26,Scott Speed,5,Toro Rosso,19,2007,7,20,20.0,0.0,16.0,0.0,0.0,8.0,0.0,0,13
43,26,Scott Speed,5,Toro Rosso,8,2007,8,15,15.0,0.0,17.0,0.0,0.0,8.0,0.0,0,18
44,26,Scott Speed,5,Toro Rosso,9,2007,9,15,15.0,0.0,18.0,0.0,0.0,9.0,0.0,0,19
45,26,Scott Speed,5,Toro Rosso,20,2007,10,18,18.0,0.0,19.0,0.0,0.0,9.0,0.0,0,21
71,27,Christijan Albers,18,Minardi,1,2005,1,17,17.0,0.0,99.0,0.0,0.0,99.0,0.0,0,20
72,27,Christijan Albers,18,Minardi,2,2005,2,19,20.0,0.0,20.0,0.0,0.0,9.0,0.0,0,13
73,27,Christijan Albers,18,Minardi,3,2005,3,18,19.0,0.0,17.0,0.0,0.0,9.0,0.0,0,13
74,27,Christijan Albers,18,Minardi,21,2005,4,20,20.0,0.0,19.0,0.0,0.0,9.0,0.0,0,14
75,27,Christijan Albers,18,Minardi,4,2005,5,14,15.0,0.0,21.0,0.0,0.0,9.0,0.0,0,16
76,27,Christijan Albers,18,Minardi,6,2005,6,14,14.0,0.0,21.0,0.0,0.0,9.0,0.0,0,14
77,27,Christijan Albers,18,Minardi,20,2005,7,20,20.0,0.0,21.0,0.0,0.0,9.0,0.0,0,17
78,27,Christijan Albers,18,Minardi,7,2005,8,15,15.0,0.0,23.0,0.0,0.0,10.0,0.0,0,11
79,27,Christijan Albers,18,Minardi,19,2005,9,18,18.0,0.0,21.0,0.0,0.0,10.0,0.0,0,5
80,27,Christijan Albers,18,Minardi,8,2005,10,20,20.0,4.0,17.0,0.0,7.0,9.0,0.0,0,17
81,27,Christijan Albers,18,Minardi,9,2005,11,18,18.0,4.0,18.0,0.0,7.0,9.0,0.0,0,18
82,27,Christijan Albers,18,Minardi,10,2005,12,16,16.0,4.0,18.0,0.0,7.0,10.0,0.0,0,13
83,27,Christijan Albers,18,Minardi,11,2005,13,17,17.0,4.0,18.0,0.0,7.0,10.0,0.0,0,15
84,27,Christijan Albers,18,Minardi,5,2005,14,15,16.0,4.0,18.0,0.0,7.0,10.0,0.0,0,16
85,27,Christijan Albers,18,Minardi,14,2005,15,20,20.0,4.0,19.0,0.0,7.0,10.0,0.0,0,19
86,27,Christijan Albers,18,Minardi,13,2005,16,18,18.0,4.0,19.0,0.0,7.0,10.0,0.0,0,12
87,27,Christijan Albers,18,Minardi,18,2005,17,16,18.0,4.0,19.0,0.0,7.0,10.0,0.0,0,14
88,27,Christijan Albers,18,Minardi,22,2005,18,13,13.0,4.0,19.0,0.0,7.0,10.0,0.0,0,16
89,27,Christijan Albers,18,Minardi,17,2005,19,18,18.0,4.0,19.0,0.0,7.0,10.0,0.0,0,16
53,27,Christijan Albers,13,MF1,3,2006,1,18,18.0,0.0,99.0,0.0,0.0,99.0,0.0,0,22
54,27,Christijan Albers,13,MF1,2,2006,2,15,19.0,0.0,99.0,0.0,0.0,10.0,0.0,0,12
55,27,Christijan Albers,13,MF1,1,2006,3,17,18.0,0.0,17.0,0.0,0.0,10.0,0.0,0,11
56,27,Christijan Albers,13,MF1,21,2006,4,20,20.0,0.0,19.0,0.0,0.0,10.0,0.0,0,22
57,27,Christijan Albers,13,MF1,20,2006,5,16,18.0,0.0,19.0,0.0,0.0,10.0,0.0,0,13
58,27,Christijan Albers,13,MF1,4,2006,6,18,19.0,0.0,19.0,0.0,0.0,10.0,0.0,0,18
59,27,Christijan Albers,13,MF1,6,2006,7,16,16.0,0.0,19.0,0.0,0.0,10.0,0.0,0,12
60,27,Christijan Albers,13,MF1,9,2006,8,18,18.0,0.0,19.0,0.0,0.0,10.0,0.0,0,15
61,27,Christijan Albers,13,MF1,7,2006,9,19,20.0,0.0,19.0,0.0,0.0,10.0,0.0,0,22
62,27,Christijan Albers,13,MF1,19,2006,10,14,14.0,0.0,19.0,0.0,0.0,10.0,0.0,0,11
63,27,Christijan Albers,13,MF1,8,2006,11,15,16.0,0.0,19.0,0.0,0.0,10.0,0.0,0,15
64,27,Christijan Albers,13,MF1,10,2006,12,21,18.0,0.0,20.0,0.0,0.0,10.0,0.0,0,21
65,27,Christijan Albers,13,MF1,11,2006,13,22,21.0,0.0,20.0,0.0,0.0,10.0,0.0,0,10
66,27,Christijan Albers,13,MF1,5,2006,14,22,16.0,0.0,21.0,0.0,0.0,10.0,0.0,0,16
67,27,Christijan Albers,14,Spyker MF1,14,2006,15,18,18.0,0.0,21.0,0.0,0.0,99.0,0.0,0,17
68,27,Christijan Albers,14,Spyker MF1,17,2006,16,22,22.0,0.0,22.0,0.0,0.0,12.0,0.0,0,15
69,27,Christijan Albers,14,Spyker MF1,22,2006,17,16,16.0,0.0,22.0,0.0,0.0,12.0,0.0,0,22
70,27,Christijan Albers,14,Spyker MF1,18,2006,18,17,18.0,0.0,22.0,0.0,0.0,12.0,0.0,0,14
36,27,Christijan Albers,12,Spyker,1,2007,1,21,22.0,0.0,99.0,0.0,0.0,99.0,0.0,0,22
37,27,Christijan Albers,12,Spyker,2,2007,2,20,21.0,0.0,99.0,0.0,0.0,10.0,0.0,0,21
38,27,Christijan Albers,12,Spyker,3,2007,3,22,22.0,0.0,99.0,0.0,0.0,10.0,0.0,0,14
39,27,Christijan Albers,12,Spyker,4,2007,4,21,21.0,0.0,18.0,0.0,0.0,10.0,0.0,0,14
40,27,Christijan Albers,12,Spyker,6,2007,5,22,22.0,0.0,20.0,0.0,0.0,9.0,0.0,0,19
41,27,Christijan Albers,12,Spyker,7,2007,6,21,21.0,0.0,21.0,0.0,0.0,10.0,0.0,0,15
42,27,Christijan Albers,12,Spyker,19,2007,7,22,22.0,0.0,21.0,0.0,0.0,10.0,0.0,0,15
43,27,Christijan Albers,12,Spyker,8,2007,8,20,20.0,0.0,22.0,0.0,0.0,10.0,0.0,0,19
44,27,Christijan Albers,12,Spyker,9,2007,9,22,22.0,0.0,22.0,0.0,0.0,10.0,0.0,0,15
45,28,Markus Winkelhock,12,Spyker,20,2007,10,22,22.0,0.0,99.0,0.0,0.0,10.0,0.0,0,17
64,29,Sakon Yamamoto,8,Super Aguri,10,2006,12,22,21.0,0.0,99.0,0.0,0.0,11.0,0.0,0,19
65,29,Sakon Yamamoto,8,Super Aguri,11,2006,13,21,22.0,0.0,99.0,0.0,0.0,11.0,0.0,0,21
66,29,Sakon Yamamoto,8,Super Aguri,5,2006,14,20,21.0,0.0,99.0,0.0,0.0,11.0,0.0,0,19
67,29,Sakon Yamamoto,8,Super Aguri,14,2006,15,22,22.0,0.0,99.0,0.0,0.0,11.0,0.0,0,21
68,29,Sakon Yamamoto,8,Super Aguri,17,2006,16,19,19.0,0.0,99.0,0.0,0.0,11.0,0.0,0,16
69,29,Sakon Yamamoto,8,Super Aguri,22,2006,17,22,22.0,0.0,27.0,0.0,0.0,11.0,0.0,0,17
70,29,Sakon Yamamoto,8,Super Aguri,18,2006,18,20,21.0,0.0,27.0,0.0,0.0,11.0,0.0,0,16
46,29,Sakon Yamamoto,12,Spyker,11,2007,11,22,22.0,0.0,99.0,0.0,0.0,10.0,0.0,0,22
47,29,Sakon Yamamoto,12,Spyker,5,2007,12,20,20.0,0.0,99.0,0.0,0.0,10.0,0.0,0,20
48,29,Sakon Yamamoto,12,Spyker,14,2007,13,22,22.0,0.0,24.0,0.0,0.0,10.0,0.0,0,20
49,29,Sakon Yamamoto,12,Spyker,13,2007,14,21,21.0,0.0,24.0,0.0,0.0,10.0,0.0,0,17
50,29,Sakon Yamamoto,12,Spyker,16,2007,15,22,22.0,0.0,24.0,0.0,0.0,10.0,0.0,0,12
51,29,Sakon Yamamoto,12,Spyker,17,2007,16,22,22.0,0.0,23.0,0.0,1.0,9.0,0.0,0,17
52,29,Sakon Yamamoto,12,Spyker,18,2007,17,22,22.0,0.0,23.0,0.0,1.0,10.0,0.0,0,21
346,29,Sakon Yamamoto,164,HRT,9,2010,10,24,24.0,0.0,99.0,0.0,0.0,11.0,0.0,0,20
347,29,Sakon Yamamoto,164,HRT,10,2010,11,22,23.0,0.0,25.0,0.0,0.0,11.0,0.0,0,22
348,29,Sakon Yamamoto,164,HRT,11,2010,12,24,24.0,0.0,25.0,0.0,0.0,11.0,0.0,0,19
349,29,Sakon Yamamoto,164,HRT,13,2010,13,19,21.0,0.0,25.0,0.0,0.0,11.0,0.0,0,20
350,29,Sakon Yamamoto,164,HRT,14,2010,14,23,24.0,0.0,25.0,0.0,0.0,11.0,0.0,0,19
352,29,Sakon Yamamoto,164,HRT,22,2010,16,24,24.0,0.0,25.0,0.0,0.0,11.0,0.0,0,16
353,29,Sakon Yamamoto,164,HRT,35,2010,17,23,23.0,0.0,26.0,0.0,0.0,11.0,0.0,0,15
257,30,Michael Schumacher,22,Benetton,18,1994,1,2,2.0,0.0,99.0,0.0,0.0,99.0,0.0,1,1
258,30,Michael Schumacher,22,Benetton,28,1994,2,2,2.0,10.0,1.0,1.0,10.0,1.0,1.0,1,1
259,30,Michael Schumacher,22,Benetton,21,1994,3,2,2.0,20.0,1.0,2.0,20.0,1.0,2.0,1,1
261,30,Michael Schumacher,22,Benetton,4,1994,5,1,1.0,40.0,1.0,4.0,40.0,1.0,4.0,1,2
262,30,Michael Schumacher,22,Benetton,7,1994,6,1,1.0,46.0,1.0,4.0,46.0,1.0,4.0,1,1
263,30,Michael Schumacher,22,Benetton,8,1994,7,3,3.0,56.0,1.0,5.0,57.0,1.0,5.0,1,1
264,30,Michael Schumacher,22,Benetton,9,1994,8,2,2.0,66.0,1.0,6.0,67.0,1.0,6.0,0,17
265,30,Michael Schumacher,22,Benetton,10,1994,9,4,4.0,66.0,1.0,6.0,67.0,1.0,6.0,0,11
266,30,Michael Schumacher,22,Benetton,11,1994,10,1,1.0,66.0,1.0,6.0,67.0,1.0,6.0,1,1
267,30,Michael Schumacher,22,Benetton,13,1994,11,2,2.0,76.0,1.0,7.0,81.0,1.0,7.0,0,14
270,30,Michael Schumacher,22,Benetton,26,1994,14,1,1.0,76.0,1.0,7.0,87.0,2.0,7.0,1,1
271,30,Michael Schumacher,22,Benetton,22,1994,15,1,1.0,86.0,1.0,8.0,97.0,1.0,8.0,1,2
272,30,Michael Schumacher,22,Benetton,29,1994,16,2,2.0,92.0,1.0,8.0,103.0,2.0,8.0,0,20
240,30,Michael Schumacher,22,Benetton,18,1995,1,2,2.0,0.0,99.0,0.0,0.0,99.0,0.0,1,1
241,30,Michael Schumacher,22,Benetton,25,1995,2,3,3.0,10.0,1.0,1.0,10.0,1.0,1.0,1,3
242,30,Michael Schumacher,22,Benetton,21,1995,3,1,1.0,14.0,1.0,1.0,17.0,1.0,1.0,0,26
243,30,Michael Schumacher,22,Benetton,4,1995,4,1,1.0,14.0,2.0,1.0,17.0,3.0,1.0,1,1
244,30,Michael Schumacher,22,Benetton,6,1995,5,2,2.0,24.0,1.0,2.0,33.0,1.0,2.0,1,1
245,30,Michael Schumacher,22,Benetton,7,1995,6,1,1.0,34.0,1.0,3.0,46.0,1.0,3.0,0,5
246,30,Michael Schumacher,22,Benetton,8,1995,7,2,2.0,36.0,1.0,3.0,48.0,1.0,3.0,1,1
247,30,Michael Schumacher,22,Benetton,9,1995,8,2,2.0,46.0,1.0,4.0,58.0,1.0,4.0,0,14
248,30,Michael Schumacher,22,Benetton,10,1995,9,2,2.0,46.0,1.0,4.0,68.0,1.0,5.0,1,1
249,30,Michael Schumacher,22,Benetton,11,1995,10,3,3.0,56.0,1.0,5.0,81.0,1.0,6.0,0,11
250,30,Michael Schumacher,22,Benetton,13,1995,11,16,16.0,56.0,1.0,5.0,84.0,1.0,6.0,1,1
251,30,Michael Schumacher,22,Benetton,14,1995,12,2,2.0,66.0,1.0,6.0,94.0,1.0,7.0,0,16
252,30,Michael Schumacher,22,Benetton,27,1995,13,3,3.0,66.0,1.0,6.0,104.0,1.0,8.0,1,2
253,30,Michael Schumacher,22,Benetton,20,1995,14,3,3.0,72.0,1.0,6.0,110.0,1.0,8.0,1,1
254,30,Michael Schumacher,22,Benetton,28,1995,15,3,3.0,82.0,1.0,7.0,122.0,1.0,9.0,1,1
255,30,Michael Schumacher,22,Benetton,22,1995,16,1,1.0,92.0,1.0,8.0,133.0,1.0,10.0,1,1
256,30,Michael Schumacher,22,Benetton,29,1995,17,3,3.0,102.0,1.0,9.0,147.0,1.0,11.0,0,15
224,30,Michael Schumacher,6,Ferrari,1,1996,1,4,4.0,0.0,99.0,0.0,0.0,99.0,0.0,0,13
225,30,Michael Schumacher,6,Ferrari,18,1996,2,4,4.0,0.0,99.0,0.0,4.0,2.0,0.0,1,3
226,30,Michael Schumacher,6,Ferrari,25,1996,3,2,2.0,4.0,6.0,0.0,8.0,3.0,0.0,0,12
227,30,Michael Schumacher,6,Ferrari,20,1996,4,3,3.0,4.0,6.0,0.0,10.0,3.0,0.0,1,2
228,30,Michael Schumacher,6,Ferrari,21,1996,5,1,1.0,10.0,4.0,0.0,16.0,2.0,0.0,1,2
229,30,Michael Schumacher,6,Ferrari,6,1996,6,1,1.0,16.0,3.0,0.0,25.0,2.0,0.0,0,17
230,30,Michael Schumacher,6,Ferrari,4,1996,7,3,3.0,16.0,3.0,0.0,25.0,2.0,0.0,1,1
207,30,Michael Schumacher,6,Ferrari,1,1997,1,3,3.0,0.0,99.0,0.0,0.0,99.0,0.0,1,2
208,30,Michael Schumacher,6,Ferrari,18,1997,2,2,2.0,6.0,2.0,0.0,6.0,2.0,0.0,0,5
209,30,Michael Schumacher,6,Ferrari,25,1997,3,4,4.0,8.0,4.0,0.0,8.0,4.0,0.0,0,21
210,30,Michael Schumacher,6,Ferrari,21,1997,4,3,3.0,8.0,5.0,0.0,14.0,3.0,0.0,1,2
211,30,Michael Schumacher,6,Ferrari,6,1997,5,2,2.0,14.0,2.0,0.0,24.0,2.0,0.0,1,1
212,30,Michael Schumacher,6,Ferrari,4,1997,6,7,7.0,24.0,1.0,1.0,38.0,1.0,1.0,0,4
213,30,Michael Schumacher,6,Ferrari,7,1997,7,1,1.0,27.0,2.0,1.0,41.0,1.0,1.0,1,1
214,30,Michael Schumacher,6,Ferrari,8,1997,8,1,1.0,37.0,1.0,2.0,51.0,1.0,2.0,1,1
215,30,Michael Schumacher,6,Ferrari,9,1997,9,4,4.0,47.0,1.0,3.0,65.0,1.0,3.0,0,18
216,30,Michael Schumacher,6,Ferrari,10,1997,10,4,4.0,47.0,1.0,3.0,65.0,1.0,3.0,1,2
191,30,Michael Schumacher,6,Ferrari,1,1998,1,3,3.0,0.0,99.0,0.0,0.0,99.0,0.0,0,17
192,30,Michael Schumacher,6,Ferrari,18,1998,2,4,4.0,0.0,99.0,0.0,3.0,3.0,0.0,1,3
193,30,Michael Schumacher,6,Ferrari,25,1998,3,2,2.0,4.0,4.0,0.0,7.0,3.0,0.0,1,1
199,30,Michael Schumacher,6,Ferrari,9,1998,9,2,2.0,44.0,2.0,3.0,69.0,2.0,3.0,1,1
200,30,Michael Schumacher,6,Ferrari,70,1998,10,4,4.0,54.0,2.0,4.0,83.0,2.0,4.0,1,3
201,30,Michael Schumacher,6,Ferrari,10,1998,11,9,9.0,58.0,2.0,4.0,90.0,2.0,4.0,0,5
203,30,Michael Schumacher,6,Ferrari,13,1998,13,4,4.0,70.0,2.0,5.0,102.0,2.0,5.0,0,10
175,30,Michael Schumacher,6,Ferrari,1,1999,1,3,3.0,0.0,99.0,0.0,0.0,99.0,0.0,0,8
176,30,Michael Schumacher,6,Ferrari,18,1999,2,4,4.0,0.0,8.0,0.0,10.0,1.0,1.0,1,2
177,30,Michael Schumacher,6,Ferrari,21,1999,3,3,3.0,6.0,5.0,0.0,18.0,1.0,1.0,1,1
158,30,Michael Schumacher,6,Ferrari,1,2000,1,3,3.0,0.0,99.0,0.0,0.0,99.0,0.0,1,1
160,30,Michael Schumacher,6,Ferrari,21,2000,3,2,2.0,20.0,1.0,2.0,26.0,1.0,2.0,1,1
161,30,Michael Schumacher,6,Ferrari,9,2000,4,5,5.0,30.0,1.0,3.0,39.0,1.0,3.0,1,3
173,30,Michael Schumacher,6,Ferrari,22,2000,16,1,1.0,88.0,1.0,7.0,143.0,1.0,8.0,1,1
156,30,Michael Schumacher,6,Ferrari,19,2001,16,1,1.0,107.0,1.0,8.0,161.0,1.0,8.0,1,2
125,30,Michael Schumacher,6,Ferrari,2,2002,2,1,1.0,10.0,1.0,1.0,10.0,1.0,1.0,1,3
140,30,Michael Schumacher,6,Ferrari,22,2002,17,1,1.0,134.0,1.0,10.0,205.0,1.0,14.0,1,1
108,30,Michael Schumacher,6,Ferrari,1,2003,1,1,1.0,0.0,99.0,0.0,0.0,99.0,0.0,0,4
109,30,Michael Schumacher,6,Ferrari,2,2003,2,3,3.0,5.0,4.0,0.0,5.0,4.0,0.0,0,6
110,30,Michael Schumacher,6,Ferrari,18,2003,3,7,7.0,8.0,6.0,0.0,16.0,2.0,0.0,0,14
111,30,Michael Schumacher,6,Ferrari,21,2003,4,1,1.0,8.0,8.0,0.0,16.0,3.0,0.0,1,1
112,30,Michael Schumacher,6,Ferrari,4,2003,5,1,1.0,18.0,3.0,1.0,32.0,2.0,1.0,1,1
113,30,Michael Schumacher,6,Ferrari,70,2003,6,1,1.0,28.0,2.0,2.0,48.0,2.0,2.0,1,1
114,30,Michael Schumacher,6,Ferrari,6,2003,7,5,5.0,38.0,2.0,3.0,64.0,1.0,3.0,1,3
115,30,Michael Schumacher,6,Ferrari,7,2003,8,3,3.0,44.0,2.0,3.0,71.0,2.0,3.0,1,1
116,30,Michael Schumacher,6,Ferrari,20,2003,9,2,2.0,54.0,1.0,4.0,85.0,1.0,4.0,0,5
117,30,Michael Schumacher,6,Ferrari,8,2003,10,3,3.0,58.0,1.0,4.0,95.0,1.0,4.0,1,3
118,30,Michael Schumacher,6,Ferrari,9,2003,11,5,5.0,64.0,1.0,4.0,103.0,1.0,4.0,0,4
119,30,Michael Schumacher,6,Ferrari,10,2003,12,6,6.0,69.0,1.0,4.0,118.0,1.0,5.0,0,7
120,30,Michael Schumacher,6,Ferrari,11,2003,13,8,8.0,71.0,1.0,4.0,120.0,1.0,5.0,0,8
121,30,Michael Schumacher,6,Ferrari,14,2003,14,1,1.0,72.0,1.0,4.0,121.0,2.0,5.0,1,1
122,30,Michael Schumacher,6,Ferrari,19,2003,15,7,7.0,82.0,1.0,5.0,137.0,2.0,6.0,1,1
123,30,Michael Schumacher,6,Ferrari,22,2003,16,14,14.0,92.0,1.0,6.0,147.0,1.0,7.0,0,8
90,30,Michael Schumacher,6,Ferrari,1,2004,1,1,1.0,0.0,99.0,0.0,0.0,99.0,0.0,1,1
91,30,Michael Schumacher,6,Ferrari,2,2004,2,1,1.0,10.0,1.0,1.0,18.0,1.0,1.0,1,1
92,30,Michael Schumacher,6,Ferrari,3,2004,3,1,1.0,20.0,1.0,2.0,33.0,1.0,2.0,1,1
93,30,Michael Schumacher,6,Ferrari,21,2004,4,2,2.0,30.0,1.0,3.0,51.0,1.0,3.0,1,1
94,30,Michael Schumacher,6,Ferrari,4,2004,5,1,1.0,40.0,1.0,4.0,64.0,1.0,4.0,1,1
95,30,Michael Schumacher,6,Ferrari,6,2004,6,4,5.0,50.0,1.0,5.0,82.0,1.0,5.0,0,11
96,30,Michael Schumacher,6,Ferrari,20,2004,7,1,1.0,50.0,1.0,5.0,88.0,1.0,5.0,1,1
97,30,Michael Schumacher,6,Ferrari,7,2004,8,6,6.0,60.0,1.0,6.0,106.0,1.0,6.0,1,1
98,30,Michael Schumacher,6,Ferrari,19,2004,9,2,2.0,70.0,1.0,7.0,124.0,1.0,7.0,1,1
99,30,Michael Schumacher,6,Ferrari,8,2004,10,2,2.0,80.0,1.0,8.0,142.0,1.0,8.0,1,1
100,30,Michael Schumacher,6,Ferrari,9,2004,11,4,4.0,90.0,1.0,9.0,158.0,1.0,9.0,1,1
101,30,Michael Schumacher,6,Ferrari,10,2004,12,1,1.0,100.0,1.0,10.0,174.0,1.0,10.0,1,1
102,30,Michael Schumacher,6,Ferrari,11,2004,13,1,1.0,110.0,1.0,11.0,184.0,1.0,11.0,1,1
103,30,Michael Schumacher,6,Ferrari,13,2004,14,2,2.0,120.0,1.0,12.0,202.0,1.0,12.0,1,2
104,30,Michael Schumacher,6,Ferrari,14,2004,15,3,3.0,128.0,1.0,12.0,216.0,1.0,12.0,1,2
105,30,Michael Schumacher,6,Ferrari,17,2004,16,20,20.0,136.0,1.0,12.0,234.0,1.0,13.0,0,12
106,30,Michael Schumacher,6,Ferrari,22,2004,17,1,1.0,136.0,1.0,12.0,244.0,1.0,14.0,1,1
107,30,Michael Schumacher,6,Ferrari,18,2004,18,18,8.0,146.0,1.0,13.0,254.0,1.0,15.0,0,7
71,30,Michael Schumacher,6,Ferrari,1,2005,1,19,18.0,0.0,99.0,0.0,0.0,99.0,0.0,0,18
72,30,Michael Schumacher,6,Ferrari,2,2005,2,13,13.0,0.0,18.0,0.0,8.0,2.0,0.0,0,7
73,30,Michael Schumacher,6,Ferrari,3,2005,3,2,2.0,2.0,11.0,0.0,10.0,4.0,0.0,0,17
74,30,Michael Schumacher,6,Ferrari,21,2005,4,13,14.0,2.0,14.0,0.0,10.0,6.0,0.0,1,2
75,30,Michael Schumacher,6,Ferrari,4,2005,5,8,8.0,10.0,4.0,0.0,18.0,4.0,0.0,0,15
76,30,Michael Schumacher,6,Ferrari,6,2005,6,8,8.0,10.0,7.0,0.0,18.0,5.0,0.0,0,7
77,30,Michael Schumacher,6,Ferrari,20,2005,7,10,10.0,12.0,9.0,0.0,21.0,5.0,0.0,0,5
78,30,Michael Schumacher,6,Ferrari,7,2005,8,2,2.0,16.0,8.0,0.0,31.0,5.0,0.0,1,2
79,30,Michael Schumacher,6,Ferrari,19,2005,9,5,5.0,24.0,5.0,0.0,45.0,5.0,0.0,1,1
80,30,Michael Schumacher,6,Ferrari,8,2005,10,3,4.0,34.0,3.0,1.0,63.0,3.0,1.0,1,3
81,30,Michael Schumacher,6,Ferrari,9,2005,11,9,10.0,40.0,3.0,1.0,69.0,3.0,1.0,0,6
82,30,Michael Schumacher,6,Ferrari,10,2005,12,5,5.0,43.0,3.0,1.0,74.0,3.0,1.0,0,5
83,30,Michael Schumacher,6,Ferrari,11,2005,13,1,1.0,47.0,3.0,1.0,78.0,3.0,1.0,1,2
84,30,Michael Schumacher,6,Ferrari,5,2005,14,19,20.0,55.0,3.0,1.0,86.0,3.0,1.0,0,17
85,30,Michael Schumacher,6,Ferrari,14,2005,15,6,7.0,55.0,3.0,1.0,86.0,3.0,1.0,0,10
86,30,Michael Schumacher,6,Ferrari,13,2005,16,6,7.0,55.0,3.0,1.0,86.0,3.0,1.0,0,18
87,30,Michael Schumacher,6,Ferrari,18,2005,17,7,7.0,55.0,3.0,1.0,90.0,3.0,1.0,0,4
88,30,Michael Schumacher,6,Ferrari,22,2005,18,14,14.0,60.0,4.0,1.0,98.0,3.0,1.0,0,7
89,30,Michael Schumacher,6,Ferrari,17,2005,19,6,6.0,62.0,3.0,1.0,100.0,3.0,1.0,0,20
53,30,Michael Schumacher,6,Ferrari,3,2006,1,1,1.0,0.0,99.0,0.0,0.0,99.0,0.0,1,2
54,30,Michael Schumacher,6,Ferrari,2,2006,2,14,4.0,8.0,2.0,0.0,8.0,3.0,0.0,0,6
55,30,Michael Schumacher,6,Ferrari,1,2006,3,10,11.0,11.0,2.0,0.0,15.0,2.0,0.0,0,17
56,30,Michael Schumacher,6,Ferrari,21,2006,4,1,1.0,11.0,4.0,0.0,15.0,3.0,0.0,1,1
57,30,Michael Schumacher,6,Ferrari,20,2006,5,2,2.0,21.0,2.0,1.0,30.0,3.0,1.0,1,1
58,30,Michael Schumacher,6,Ferrari,4,2006,6,3,3.0,31.0,2.0,2.0,46.0,2.0,2.0,1,2
59,30,Michael Schumacher,6,Ferrari,6,2006,7,22,22.0,39.0,2.0,2.0,59.0,2.0,2.0,0,5
60,30,Michael Schumacher,6,Ferrari,9,2006,8,3,3.0,43.0,2.0,2.0,63.0,2.0,2.0,1,2
61,30,Michael Schumacher,6,Ferrari,7,2006,9,5,5.0,51.0,2.0,2.0,75.0,2.0,2.0,1,2
62,30,Michael Schumacher,6,Ferrari,19,2006,10,1,1.0,59.0,2.0,2.0,87.0,2.0,2.0,1,1
63,30,Michael Schumacher,6,Ferrari,8,2006,11,1,1.0,69.0,2.0,3.0,105.0,2.0,3.0,1,1
64,30,Michael Schumacher,6,Ferrari,10,2006,12,2,2.0,79.0,2.0,4.0,121.0,2.0,4.0,1,1
65,30,Michael Schumacher,6,Ferrari,11,2006,13,11,12.0,89.0,2.0,5.0,139.0,2.0,5.0,0,8
66,30,Michael Schumacher,6,Ferrari,5,2006,14,2,2.0,90.0,2.0,5.0,142.0,2.0,5.0,1,3
67,30,Michael Schumacher,6,Ferrari,14,2006,15,2,2.0,96.0,2.0,5.0,158.0,2.0,6.0,1,1
68,30,Michael Schumacher,6,Ferrari,17,2006,16,6,6.0,106.0,2.0,6.0,168.0,1.0,7.0,1,1
69,30,Michael Schumacher,6,Ferrari,22,2006,17,2,2.0,116.0,1.0,7.0,178.0,2.0,8.0,0,20
70,30,Michael Schumacher,6,Ferrari,18,2006,18,10,10.0,116.0,2.0,7.0,186.0,2.0,8.0,0,4
337,30,Michael Schumacher,131,Mercedes,3,2010,1,7,7.0,0.0,99.0,0.0,0.0,99.0,0.0,0,6
338,30,Michael Schumacher,131,Mercedes,1,2010,2,7,7.0,8.0,6.0,0.0,18.0,3.0,0.0,0,10
339,30,Michael Schumacher,131,Mercedes,2,2010,3,8,8.0,9.0,8.0,0.0,29.0,3.0,0.0,0,21
340,30,Michael Schumacher,131,Mercedes,17,2010,4,9,9.0,9.0,10.0,0.0,44.0,4.0,0.0,0,10
341,30,Michael Schumacher,131,Mercedes,4,2010,5,6,6.0,10.0,10.0,0.0,60.0,4.0,0.0,0,4
342,30,Michael Schumacher,131,Mercedes,6,2010,6,7,7.0,22.0,9.0,0.0,72.0,4.0,0.0,0,12
343,30,Michael Schumacher,131,Mercedes,5,2010,7,5,5.0,22.0,9.0,0.0,78.0,4.0,0.0,0,4
344,30,Michael Schumacher,131,Mercedes,7,2010,8,13,13.0,34.0,9.0,0.0,100.0,4.0,0.0,0,11
345,30,Michael Schumacher,131,Mercedes,12,2010,9,15,15.0,34.0,9.0,0.0,108.0,4.0,0.0,0,15
346,30,Michael Schumacher,131,Mercedes,9,2010,10,10,10.0,34.0,9.0,0.0,109.0,4.0,0.0,0,9
347,30,Michael Schumacher,131,Mercedes,10,2010,11,11,11.0,36.0,9.0,0.0,126.0,4.0,0.0,0,9
348,30,Michael Schumacher,131,Mercedes,11,2010,12,14,14.0,38.0,9.0,0.0,132.0,4.0,0.0,0,11
349,30,Michael Schumacher,131,Mercedes,13,2010,13,21,11.0,38.0,9.0,0.0,132.0,4.0,0.0,0,7
350,30,Michael Schumacher,131,Mercedes,14,2010,14,12,12.0,44.0,10.0,0.0,146.0,4.0,0.0,0,9
351,30,Michael Schumacher,131,Mercedes,15,2010,15,9,9.0,46.0,9.0,0.0,158.0,4.0,0.0,0,13
352,30,Michael Schumacher,131,Mercedes,22,2010,16,10,10.0,46.0,10.0,0.0,168.0,4.0,0.0,0,6
353,30,Michael Schumacher,131,Mercedes,35,2010,17,9,9.0,54.0,9.0,0.0,176.0,4.0,0.0,0,4
354,30,Michael Schumacher,131,Mercedes,18,2010,18,8,8.0,66.0,9.0,0.0,188.0,4.0,0.0,0,7
355,30,Michael Schumacher,131,Mercedes,24,2010,19,8,8.0,72.0,9.0,0.0,202.0,4.0,0.0,0,23
841,30,Michael Schumacher,131,Mercedes,1,2011,1,11,11.0,0.0,99.0,0.0,0.0,99.0,0.0,0,19
842,30,Michael Schumacher,131,Mercedes,2,2011,2,11,11.0,0.0,19.0,0.0,0.0,10.0,0.0,0,9
843,30,Michael Schumacher,131,Mercedes,17,2011,3,14,14.0,2.0,12.0,0.0,2.0,8.0,0.0,0,8
844,30,Michael Schumacher,131,Mercedes,5,2011,4,8,8.0,6.0,11.0,0.0,16.0,5.0,0.0,0,12
845,30,Michael Schumacher,131,Mercedes,4,2011,5,10,10.0,6.0,11.0,0.0,26.0,5.0,0.0,0,6
846,30,Michael Schumacher,131,Mercedes,6,2011,6,5,5.0,14.0,10.0,0.0,40.0,5.0,0.0,0,22
847,30,Michael Schumacher,131,Mercedes,7,2011,7,8,8.0,14.0,11.0,0.0,40.0,5.0,0.0,0,4
848,30,Michael Schumacher,131,Mercedes,12,2011,8,8,8.0,26.0,9.0,0.0,52.0,5.0,0.0,0,17
849,30,Michael Schumacher,131,Mercedes,9,2011,9,13,13.0,26.0,10.0,0.0,58.0,5.0,0.0,0,9
850,30,Michael Schumacher,131,Mercedes,20,2011,10,10,10.0,28.0,10.0,0.0,68.0,4.0,0.0,0,8
851,30,Michael Schumacher,131,Mercedes,11,2011,11,9,9.0,32.0,10.0,0.0,78.0,4.0,0.0,0,22
853,30,Michael Schumacher,131,Mercedes,14,2011,13,8,8.0,42.0,8.0,0.0,98.0,4.0,0.0,0,5
854,30,Michael Schumacher,131,Mercedes,15,2011,14,8,8.0,52.0,8.0,0.0,108.0,4.0,0.0,0,23
855,30,Michael Schumacher,131,Mercedes,22,2011,15,8,7.0,52.0,8.0,0.0,114.0,4.0,0.0,0,6
856,30,Michael Schumacher,131,Mercedes,35,2011,16,12,12.0,60.0,8.0,0.0,123.0,4.0,0.0,0,24
857,30,Michael Schumacher,131,Mercedes,68,2011,17,11,12.0,60.0,8.0,0.0,127.0,4.0,0.0,0,5
858,30,Michael Schumacher,131,Mercedes,24,2011,18,8,8.0,70.0,8.0,0.0,145.0,4.0,0.0,0,7
859,30,Michael Schumacher,131,Mercedes,18,2011,19,10,10.0,76.0,8.0,0.0,159.0,4.0,0.0,0,15
860,30,Michael Schumacher,131,Mercedes,1,2012,1,4,4.0,0.0,99.0,0.0,0.0,99.0,0.0,0,20
861,30,Michael Schumacher,131,Mercedes,2,2012,2,3,3.0,0.0,20.0,0.0,0.0,8.0,0.0,0,10
862,30,Michael Schumacher,131,Mercedes,17,2012,3,2,3.0,1.0,14.0,0.0,1.0,9.0,0.0,0,24
863,30,Michael Schumacher,131,Mercedes,3,2012,4,22,18.0,1.0,17.0,0.0,26.0,5.0,1.0,0,10
864,30,Michael Schumacher,131,Mercedes,4,2012,5,8,9.0,2.0,18.0,0.0,37.0,5.0,1.0,0,24
865,30,Michael Schumacher,131,Mercedes,6,2012,6,6,1.0,2.0,18.0,0.0,43.0,5.0,1.0,0,19
866,30,Michael Schumacher,131,Mercedes,7,2012,7,9,9.0,2.0,18.0,0.0,61.0,5.0,1.0,0,22
867,30,Michael Schumacher,131,Mercedes,12,2012,8,12,12.0,2.0,18.0,0.0,69.0,5.0,1.0,1,3
868,30,Michael Schumacher,131,Mercedes,9,2012,9,3,3.0,17.0,13.0,0.0,92.0,5.0,1.0,0,7
869,30,Michael Schumacher,131,Mercedes,10,2012,10,3,4.0,23.0,12.0,0.0,98.0,5.0,1.0,0,7
870,30,Michael Schumacher,131,Mercedes,11,2012,11,17,17.0,29.0,12.0,0.0,105.0,5.0,1.0,0,24
871,30,Michael Schumacher,131,Mercedes,13,2012,12,13,13.0,29.0,12.0,0.0,106.0,5.0,1.0,0,7
872,30,Michael Schumacher,131,Mercedes,14,2012,13,4,5.0,35.0,10.0,0.0,112.0,5.0,1.0,0,6
873,30,Michael Schumacher,131,Mercedes,15,2012,14,9,9.0,43.0,11.0,0.0,126.0,5.0,1.0,0,21
874,30,Michael Schumacher,131,Mercedes,22,2012,15,23,13.0,43.0,12.0,0.0,136.0,5.0,1.0,0,11
875,30,Michael Schumacher,131,Mercedes,35,2012,16,10,10.0,43.0,13.0,0.0,136.0,5.0,1.0,0,13
876,30,Michael Schumacher,131,Mercedes,68,2012,17,14,14.0,43.0,14.0,0.0,136.0,5.0,1.0,0,22
877,30,Michael Schumacher,131,Mercedes,24,2012,18,13,14.0,43.0,14.0,0.0,136.0,5.0,1.0,0,11
878,30,Michael Schumacher,131,Mercedes,69,2012,19,5,6.0,43.0,15.0,0.0,136.0,5.0,1.0,0,16
879,30,Michael Schumacher,131,Mercedes,18,2012,20,13,14.0,43.0,15.0,0.0,136.0,5.0,1.0,0,7
156,31,Juan Pablo Montoya,3,Williams,19,2001,16,3,3.0,25.0,5.0,1.0,73.0,3.0,4.0,0,18
125,31,Juan Pablo Montoya,3,Williams,2,2002,2,2,2.0,6.0,2.0,0.0,6.0,2.0,0.0,1,2
140,31,Juan Pablo Montoya,3,Williams,22,2002,17,6,6.0,47.0,3.0,0.0,89.0,2.0,1.0,0,4
108,31,Juan Pablo Montoya,3,Williams,1,2003,1,3,3.0,0.0,99.0,0.0,0.0,99.0,0.0,1,2
109,31,Juan Pablo Montoya,3,Williams,2,2003,2,8,8.0,8.0,2.0,0.0,9.0,2.0,0.0,0,12
110,31,Juan Pablo Montoya,3,Williams,18,2003,3,9,9.0,8.0,3.0,0.0,14.0,4.0,0.0,0,15
111,31,Juan Pablo Montoya,3,Williams,21,2003,4,4,4.0,8.0,6.0,0.0,16.0,4.0,0.0,0,7
112,31,Juan Pablo Montoya,3,Williams,4,2003,5,9,9.0,10.0,8.0,0.0,23.0,4.0,0.0,0,4
113,31,Juan Pablo Montoya,3,Williams,70,2003,6,3,3.0,15.0,7.0,0.0,32.0,4.0,0.0,0,17
114,31,Juan Pablo Montoya,3,Williams,6,2003,7,3,3.0,15.0,7.0,0.0,35.0,4.0,0.0,1,1
115,31,Juan Pablo Montoya,3,Williams,7,2003,8,2,2.0,25.0,5.0,1.0,50.0,3.0,1.0,1,3
116,31,Juan Pablo Montoya,3,Williams,20,2003,9,4,4.0,31.0,5.0,1.0,64.0,3.0,1.0,1,2
117,31,Juan Pablo Montoya,3,Williams,8,2003,10,2,2.0,39.0,4.0,1.0,82.0,2.0,2.0,1,2
118,31,Juan Pablo Montoya,3,Williams,9,2003,11,7,7.0,47.0,4.0,1.0,100.0,2.0,3.0,1,2
119,31,Juan Pablo Montoya,3,Williams,10,2003,12,1,1.0,55.0,3.0,1.0,108.0,2.0,3.0,1,1
120,31,Juan Pablo Montoya,3,Williams,11,2003,13,4,4.0,65.0,2.0,2.0,118.0,2.0,4.0,1,3
121,31,Juan Pablo Montoya,3,Williams,14,2003,14,2,2.0,71.0,2.0,2.0,129.0,1.0,4.0,1,2
122,31,Juan Pablo Montoya,3,Williams,19,2003,15,4,4.0,79.0,2.0,2.0,141.0,1.0,4.0,0,6
123,31,Juan Pablo Montoya,3,Williams,22,2003,16,2,2.0,82.0,3.0,2.0,144.0,2.0,4.0,0,20
90,31,Juan Pablo Montoya,3,Williams,1,2004,1,3,3.0,0.0,99.0,0.0,0.0,99.0,0.0,0,5
91,31,Juan Pablo Montoya,3,Williams,2,2004,2,4,4.0,4.0,5.0,0.0,9.0,2.0,0.0,1,2
92,31,Juan Pablo Montoya,3,Williams,3,2004,3,3,3.0,12.0,3.0,0.0,17.0,2.0,0.0,0,13
93,31,Juan Pablo Montoya,3,Williams,21,2004,4,3,3.0,12.0,4.0,0.0,19.0,3.0,0.0,1,3
94,31,Juan Pablo Montoya,3,Williams,4,2004,5,2,2.0,18.0,4.0,0.0,27.0,4.0,0.0,0,15
95,31,Juan Pablo Montoya,3,Williams,6,2004,6,9,10.0,18.0,6.0,0.0,30.0,4.0,0.0,0,4
96,31,Juan Pablo Montoya,3,Williams,20,2004,7,8,8.0,23.0,5.0,0.0,35.0,4.0,0.0,0,8
97,31,Juan Pablo Montoya,3,Williams,7,2004,8,4,4.0,24.0,6.0,0.0,36.0,4.0,0.0,0,18
98,31,Juan Pablo Montoya,3,Williams,19,2004,9,5,5.0,24.0,6.0,0.0,36.0,4.0,0.0,0,11
99,31,Juan Pablo Montoya,3,Williams,8,2004,10,6,6.0,24.0,6.0,0.0,36.0,4.0,0.0,0,8
100,31,Juan Pablo Montoya,3,Williams,9,2004,11,7,8.0,25.0,6.0,0.0,37.0,4.0,0.0,0,5
101,31,Juan Pablo Montoya,3,Williams,10,2004,12,2,2.0,29.0,6.0,0.0,41.0,4.0,0.0,0,5
102,31,Juan Pablo Montoya,3,Williams,11,2004,13,7,7.0,33.0,6.0,0.0,47.0,4.0,0.0,0,4
103,31,Juan Pablo Montoya,3,Williams,13,2004,14,11,11.0,38.0,6.0,0.0,54.0,4.0,0.0,0,12
104,31,Juan Pablo Montoya,3,Williams,14,2004,15,2,2.0,38.0,6.0,0.0,54.0,4.0,0.0,0,5
105,31,Juan Pablo Montoya,3,Williams,17,2004,16,10,11.0,42.0,6.0,0.0,60.0,4.0,0.0,0,5
106,31,Juan Pablo Montoya,3,Williams,22,2004,17,13,13.0,46.0,6.0,0.0,64.0,4.0,0.0,0,7
107,31,Juan Pablo Montoya,3,Williams,18,2004,18,2,2.0,48.0,5.0,0.0,74.0,4.0,0.0,1,1
71,31,Juan Pablo Montoya,1,McLaren,1,2005,1,9,9.0,0.0,99.0,0.0,0.0,99.0,0.0,0,6
72,31,Juan Pablo Montoya,1,McLaren,2,2005,2,11,11.0,3.0,6.0,0.0,4.0,5.0,0.0,0,4
75,31,Juan Pablo Montoya,1,McLaren,4,2005,5,7,7.0,8.0,6.0,0.0,25.0,3.0,0.0,0,7
76,31,Juan Pablo Montoya,1,McLaren,6,2005,6,16,16.0,10.0,8.0,0.0,37.0,3.0,1.0,0,5
77,31,Juan Pablo Montoya,1,McLaren,20,2005,7,5,5.0,14.0,8.0,0.0,51.0,2.0,2.0,0,7
78,31,Juan Pablo Montoya,1,McLaren,7,2005,8,5,5.0,16.0,9.0,0.0,53.0,2.0,2.0,0,20
79,31,Juan Pablo Montoya,1,McLaren,19,2005,9,11,11.0,16.0,11.0,0.0,63.0,2.0,3.0,0,15
80,31,Juan Pablo Montoya,1,McLaren,8,2005,10,8,9.0,16.0,11.0,0.0,63.0,2.0,3.0,0,16
81,31,Juan Pablo Montoya,1,McLaren,9,2005,11,3,4.0,16.0,11.0,0.0,71.0,2.0,3.0,1,1
82,31,Juan Pablo Montoya,1,McLaren,10,2005,12,20,19.0,26.0,6.0,1.0,87.0,2.0,4.0,1,2
83,31,Juan Pablo Montoya,1,McLaren,11,2005,13,2,2.0,34.0,4.0,1.0,95.0,2.0,4.0,0,17
84,31,Juan Pablo Montoya,1,McLaren,5,2005,14,4,4.0,34.0,5.0,1.0,105.0,2.0,5.0,1,3
85,31,Juan Pablo Montoya,1,McLaren,14,2005,15,1,2.0,40.0,4.0,1.0,121.0,2.0,6.0,1,1
86,31,Juan Pablo Montoya,1,McLaren,13,2005,16,1,1.0,50.0,4.0,2.0,136.0,2.0,7.0,0,14
87,31,Juan Pablo Montoya,1,McLaren,18,2005,17,2,2.0,50.0,4.0,2.0,146.0,2.0,8.0,1,1
88,31,Juan Pablo Montoya,1,McLaren,22,2005,18,18,18.0,60.0,3.0,3.0,164.0,1.0,9.0,0,19
89,31,Juan Pablo Montoya,1,McLaren,17,2005,19,5,5.0,60.0,4.0,3.0,174.0,2.0,10.0,0,19
53,31,Juan Pablo Montoya,1,McLaren,3,2006,1,5,5.0,0.0,99.0,0.0,0.0,99.0,0.0,0,5
54,31,Juan Pablo Montoya,1,McLaren,2,2006,2,5,6.0,4.0,5.0,0.0,10.0,2.0,0.0,0,4
55,31,Juan Pablo Montoya,1,McLaren,1,2006,3,5,5.0,9.0,5.0,0.0,15.0,3.0,0.0,0,14
56,31,Juan Pablo Montoya,1,McLaren,21,2006,4,7,7.0,9.0,6.0,0.0,23.0,2.0,0.0,1,3
57,31,Juan Pablo Montoya,1,McLaren,20,2006,5,8,9.0,15.0,5.0,0.0,33.0,2.0,0.0,0,15
58,31,Juan Pablo Montoya,1,McLaren,4,2006,6,12,12.0,15.0,6.0,0.0,38.0,3.0,0.0,0,21
59,31,Juan Pablo Montoya,1,McLaren,6,2006,7,4,4.0,15.0,7.0,0.0,42.0,3.0,0.0,1,2
60,31,Juan Pablo Montoya,1,McLaren,9,2006,8,8,8.0,23.0,5.0,0.0,50.0,3.0,0.0,0,6
61,31,Juan Pablo Montoya,1,McLaren,7,2006,9,7,7.0,26.0,5.0,0.0,59.0,3.0,0.0,0,18
62,31,Juan Pablo Montoya,1,McLaren,19,2006,10,11,11.0,26.0,6.0,0.0,65.0,3.0,0.0,0,18
90,32,Christian Klien,19,Jaguar,1,2004,1,19,19.0,0.0,99.0,0.0,0.0,99.0,0.0,0,11
91,32,Christian Klien,19,Jaguar,2,2004,2,13,13.0,0.0,11.0,0.0,0.0,7.0,0.0,0,10
92,32,Christian Klien,19,Jaguar,3,2004,3,12,12.0,0.0,13.0,0.0,0.0,8.0,0.0,0,14
93,32,Christian Klien,19,Jaguar,21,2004,4,14,14.0,0.0,15.0,0.0,1.0,7.0,0.0,0,14
94,32,Christian Klien,19,Jaguar,4,2004,5,16,16.0,0.0,16.0,0.0,1.0,7.0,0.0,0,16
95,32,Christian Klien,19,Jaguar,6,2004,6,14,14.0,0.0,16.0,0.0,1.0,7.0,0.0,0,20
96,32,Christian Klien,19,Jaguar,20,2004,7,12,12.0,0.0,18.0,0.0,1.0,9.0,0.0,0,12
97,32,Christian Klien,19,Jaguar,7,2004,8,10,10.0,0.0,18.0,0.0,3.0,8.0,0.0,0,9
98,32,Christian Klien,19,Jaguar,19,2004,9,13,13.0,0.0,18.0,0.0,3.0,9.0,0.0,0,17
99,32,Christian Klien,19,Jaguar,8,2004,10,13,13.0,0.0,19.0,0.0,3.0,9.0,0.0,0,11
100,32,Christian Klien,19,Jaguar,9,2004,11,13,15.0,0.0,19.0,0.0,3.0,9.0,0.0,0,14
101,32,Christian Klien,19,Jaguar,10,2004,12,12,13.0,0.0,19.0,0.0,4.0,9.0,0.0,0,10
102,32,Christian Klien,19,Jaguar,11,2004,13,14,14.0,0.0,20.0,0.0,7.0,8.0,0.0,0,13
103,32,Christian Klien,19,Jaguar,13,2004,14,13,13.0,0.0,20.0,0.0,7.0,8.0,0.0,0,6
104,32,Christian Klien,19,Jaguar,14,2004,15,14,14.0,3.0,16.0,0.0,10.0,7.0,0.0,0,13
105,32,Christian Klien,19,Jaguar,17,2004,16,15,16.0,3.0,16.0,0.0,10.0,7.0,0.0,0,20
106,32,Christian Klien,19,Jaguar,22,2004,17,14,14.0,3.0,16.0,0.0,10.0,7.0,0.0,0,12
107,32,Christian Klien,19,Jaguar,18,2004,18,15,16.0,3.0,16.0,0.0,10.0,7.0,0.0,0,14
71,32,Christian Klien,9,Red Bull,1,2005,1,6,6.0,0.0,99.0,0.0,0.0,99.0,0.0,0,7
72,32,Christian Klien,9,Red Bull,2,2005,2,7,7.0,2.0,7.0,0.0,7.0,3.0,0.0,0,8
73,32,Christian Klien,9,Red Bull,3,2005,3,7,7.0,3.0,10.0,0.0,11.0,3.0,0.0,0,20
78,32,Christian Klien,9,Red Bull,7,2005,8,16,16.0,3.0,12.0,0.0,19.0,6.0,0.0,0,8
79,32,Christian Klien,9,Red Bull,19,2005,9,14,14.0,4.0,16.0,0.0,22.0,6.0,0.0,0,18
80,32,Christian Klien,9,Red Bull,8,2005,10,16,16.0,4.0,19.0,0.0,22.0,6.0,0.0,0,20
81,32,Christian Klien,9,Red Bull,9,2005,11,15,15.0,4.0,20.0,0.0,22.0,6.0,0.0,0,15
82,32,Christian Klien,9,Red Bull,10,2005,12,10,10.0,4.0,20.0,0.0,22.0,6.0,0.0,0,9
83,32,Christian Klien,9,Red Bull,11,2005,13,11,11.0,4.0,20.0,0.0,24.0,6.0,0.0,0,20
84,32,Christian Klien,9,Red Bull,5,2005,14,10,10.0,4.0,20.0,0.0,24.0,6.0,0.0,0,8
85,32,Christian Klien,9,Red Bull,14,2005,15,13,13.0,5.0,18.0,0.0,27.0,6.0,0.0,0,13
86,32,Christian Klien,9,Red Bull,13,2005,16,16,16.0,5.0,18.0,0.0,27.0,6.0,0.0,0,9
87,32,Christian Klien,9,Red Bull,18,2005,17,6,6.0,5.0,18.0,0.0,27.0,7.0,0.0,0,9
88,32,Christian Klien,9,Red Bull,22,2005,18,4,4.0,5.0,18.0,0.0,27.0,7.0,0.0,0,9
89,32,Christian Klien,9,Red Bull,17,2005,19,14,14.0,5.0,18.0,0.0,30.0,7.0,0.0,0,5
53,32,Christian Klien,9,Red Bull,3,2006,1,8,8.0,0.0,99.0,0.0,0.0,99.0,0.0,0,8
54,32,Christian Klien,9,Red Bull,2,2006,2,8,9.0,1.0,8.0,0.0,1.0,6.0,0.0,0,18
55,32,Christian Klien,9,Red Bull,1,2006,3,13,14.0,1.0,12.0,0.0,1.0,8.0,0.0,0,19
56,32,Christian Klien,9,Red Bull,21,2006,4,17,17.0,1.0,15.0,0.0,2.0,8.0,0.0,0,19
57,32,Christian Klien,9,Red Bull,20,2006,5,15,17.0,1.0,15.0,0.0,2.0,8.0,0.0,0,19
58,32,Christian Klien,9,Red Bull,4,2006,6,14,15.0,1.0,15.0,0.0,2.0,8.0,0.0,0,13
59,32,Christian Klien,9,Red Bull,6,2006,7,11,11.0,1.0,15.0,0.0,2.0,8.0,0.0,0,18
60,32,Christian Klien,9,Red Bull,9,2006,8,14,14.0,1.0,15.0,0.0,8.0,8.0,0.0,0,14
61,32,Christian Klien,9,Red Bull,7,2006,9,12,12.0,1.0,15.0,0.0,8.0,8.0,0.0,0,11
62,32,Christian Klien,9,Red Bull,19,2006,10,16,16.0,1.0,16.0,0.0,9.0,8.0,0.0,0,21
63,32,Christian Klien,9,Red Bull,8,2006,11,12,13.0,1.0,17.0,0.0,11.0,7.0,0.0,0,12
64,32,Christian Klien,9,Red Bull,10,2006,12,12,12.0,1.0,18.0,0.0,11.0,7.0,0.0,0,8
65,32,Christian Klien,9,Red Bull,11,2006,13,13,14.0,2.0,17.0,0.0,12.0,7.0,0.0,0,19
66,32,Christian Klien,9,Red Bull,5,2006,14,10,11.0,2.0,17.0,0.0,16.0,7.0,0.0,0,11
67,32,Christian Klien,9,Red Bull,14,2006,15,16,16.0,2.0,17.0,0.0,16.0,7.0,0.0,0,11
351,32,Christian Klien,164,HRT,15,2010,15,22,22.0,0.0,99.0,0.0,0.0,11.0,0.0,0,20
354,32,Christian Klien,164,HRT,18,2010,18,23,23.0,0.0,27.0,0.0,0.0,11.0,0.0,0,22
355,32,Christian Klien,164,HRT,24,2010,19,24,24.0,0.0,27.0,0.0,0.0,11.0,0.0,0,20
71,33,Tiago Monteiro,17,Jordan,1,2005,1,14,14.0,0.0,99.0,0.0,0.0,99.0,0.0,0,16
72,33,Tiago Monteiro,17,Jordan,2,2005,2,18,18.0,0.0,14.0,0.0,0.0,8.0,0.0,0,12
73,33,Tiago Monteiro,17,Jordan,3,2005,3,16,17.0,0.0,15.0,0.0,0.0,8.0,0.0,0,10
74,33,Tiago Monteiro,17,Jordan,21,2005,4,17,18.0,0.0,15.0,0.0,0.0,8.0,0.0,0,13
75,33,Tiago Monteiro,17,Jordan,4,2005,5,18,14.0,0.0,18.0,0.0,0.0,8.0,0.0,0,12
76,33,Tiago Monteiro,17,Jordan,6,2005,6,15,15.0,0.0,18.0,0.0,0.0,8.0,0.0,0,13
77,33,Tiago Monteiro,17,Jordan,20,2005,7,17,17.0,0.0,18.0,0.0,0.0,8.0,0.0,0,15
78,33,Tiago Monteiro,17,Jordan,7,2005,8,18,18.0,0.0,18.0,0.0,0.0,8.0,0.0,0,10
79,33,Tiago Monteiro,17,Jordan,19,2005,9,17,17.0,0.0,18.0,0.0,0.0,8.0,0.0,1,3
80,33,Tiago Monteiro,17,Jordan,8,2005,10,19,19.0,6.0,13.0,0.0,11.0,8.0,0.0,0,13
81,33,Tiago Monteiro,17,Jordan,9,2005,11,20,20.0,6.0,13.0,0.0,11.0,8.0,0.0,0,17
82,33,Tiago Monteiro,17,Jordan,10,2005,12,18,18.0,6.0,14.0,0.0,11.0,8.0,0.0,0,17
83,33,Tiago Monteiro,17,Jordan,11,2005,13,20,20.0,6.0,14.0,0.0,11.0,9.0,0.0,0,13
84,33,Tiago Monteiro,17,Jordan,5,2005,14,14,15.0,6.0,14.0,0.0,11.0,9.0,0.0,0,15
85,33,Tiago Monteiro,17,Jordan,14,2005,15,17,17.0,6.0,14.0,0.0,11.0,9.0,0.0,0,17
86,33,Tiago Monteiro,17,Jordan,13,2005,16,19,19.0,6.0,14.0,0.0,11.0,9.0,0.0,0,8
87,33,Tiago Monteiro,17,Jordan,18,2005,17,11,13.0,7.0,15.0,0.0,12.0,9.0,0.0,0,16
88,33,Tiago Monteiro,17,Jordan,22,2005,18,20,20.0,7.0,15.0,0.0,12.0,9.0,0.0,0,13
89,33,Tiago Monteiro,17,Jordan,17,2005,19,19,19.0,7.0,15.0,0.0,12.0,9.0,0.0,0,11
53,33,Tiago Monteiro,13,MF1,3,2006,1,19,19.0,0.0,99.0,0.0,0.0,99.0,0.0,0,17
54,33,Tiago Monteiro,13,MF1,2,2006,2,16,20.0,0.0,17.0,0.0,0.0,10.0,0.0,0,13
55,33,Tiago Monteiro,13,MF1,1,2006,3,20,20.0,0.0,19.0,0.0,0.0,10.0,0.0,0,15
56,33,Tiago Monteiro,13,MF1,21,2006,4,19,19.0,0.0,21.0,0.0,0.0,10.0,0.0,0,16
57,33,Tiago Monteiro,13,MF1,20,2006,5,18,20.0,0.0,21.0,0.0,0.0,10.0,0.0,0,12
58,33,Tiago Monteiro,13,MF1,4,2006,6,17,18.0,0.0,20.0,0.0,0.0,10.0,0.0,0,16
59,33,Tiago Monteiro,13,MF1,6,2006,7,17,17.0,0.0,20.0,0.0,0.0,10.0,0.0,0,15
60,33,Tiago Monteiro,13,MF1,9,2006,8,16,16.0,0.0,20.0,0.0,0.0,10.0,0.0,0,16
61,33,Tiago Monteiro,13,MF1,7,2006,9,18,19.0,0.0,20.0,0.0,0.0,10.0,0.0,0,14
62,33,Tiago Monteiro,13,MF1,19,2006,10,15,15.0,0.0,20.0,0.0,0.0,10.0,0.0,0,13
63,33,Tiago Monteiro,13,MF1,8,2006,11,19,20.0,0.0,20.0,0.0,0.0,10.0,0.0,0,21
64,33,Tiago Monteiro,13,MF1,10,2006,12,18,20.0,0.0,21.0,0.0,0.0,10.0,0.0,0,22
65,33,Tiago Monteiro,13,MF1,11,2006,13,16,16.0,0.0,21.0,0.0,0.0,10.0,0.0,0,9
66,33,Tiago Monteiro,13,MF1,5,2006,14,19,20.0,0.0,20.0,0.0,0.0,10.0,0.0,0,22
67,33,Tiago Monteiro,14,Spyker MF1,14,2006,15,20,20.0,0.0,20.0,0.0,0.0,99.0,0.0,0,18
68,33,Tiago Monteiro,14,Spyker MF1,17,2006,16,18,18.0,0.0,21.0,0.0,0.0,12.0,0.0,0,20
69,33,Tiago Monteiro,14,Spyker MF1,22,2006,17,21,21.0,0.0,21.0,0.0,0.0,12.0,0.0,0,16
70,33,Tiago Monteiro,14,Spyker MF1,18,2006,18,21,22.0,0.0,21.0,0.0,0.0,12.0,0.0,0,15
53,34,Yuji Ide,8,Super Aguri,3,2006,1,21,21.0,0.0,99.0,0.0,0.0,99.0,0.0,0,19
54,34,Yuji Ide,8,Super Aguri,2,2006,2,18,22.0,0.0,99.0,0.0,0.0,11.0,0.0,0,17
55,34,Yuji Ide,8,Super Aguri,1,2006,3,22,22.0,0.0,99.0,0.0,0.0,11.0,0.0,0,13
56,34,Yuji Ide,8,Super Aguri,21,2006,4,22,22.0,0.0,22.0,0.0,0.0,11.0,0.0,0,20
224,35,Jacques Villeneuve,3,Williams,1,1996,1,1,1.0,0.0,99.0,0.0,0.0,99.0,0.0,1,2
225,35,Jacques Villeneuve,3,Williams,18,1996,2,3,3.0,6.0,2.0,0.0,16.0,1.0,1.0,0,17
226,35,Jacques Villeneuve,3,Williams,25,1996,3,3,3.0,6.0,3.0,0.0,26.0,1.0,2.0,1,2
227,35,Jacques Villeneuve,3,Williams,20,1996,4,2,2.0,12.0,2.0,0.0,42.0,1.0,3.0,1,1
228,35,Jacques Villeneuve,3,Williams,21,1996,5,3,3.0,22.0,2.0,1.0,55.0,1.0,4.0,0,11
229,35,Jacques Villeneuve,3,Williams,6,1996,6,10,10.0,22.0,2.0,1.0,65.0,1.0,5.0,0,8
230,35,Jacques Villeneuve,3,Williams,4,1996,7,2,2.0,22.0,2.0,1.0,65.0,1.0,5.0,1,3
207,35,Jacques Villeneuve,3,Williams,1,1997,1,1,1.0,0.0,99.0,0.0,0.0,99.0,0.0,0,19
208,35,Jacques Villeneuve,3,Williams,18,1997,2,1,1.0,0.0,99.0,0.0,0.0,6.0,0.0,1,1
209,35,Jacques Villeneuve,3,Williams,25,1997,3,1,1.0,10.0,2.0,1.0,10.0,2.0,1.0,1,1
210,35,Jacques Villeneuve,3,Williams,21,1997,4,1,1.0,20.0,1.0,2.0,20.0,1.0,2.0,0,13
211,35,Jacques Villeneuve,3,Williams,6,1997,5,3,3.0,20.0,1.0,2.0,30.0,1.0,3.0,0,15
212,35,Jacques Villeneuve,3,Williams,4,1997,6,1,1.0,20.0,2.0,2.0,30.0,2.0,3.0,1,1
213,35,Jacques Villeneuve,3,Williams,7,1997,7,2,2.0,30.0,1.0,3.0,40.0,2.0,4.0,0,19
214,35,Jacques Villeneuve,3,Williams,8,1997,8,4,4.0,30.0,2.0,3.0,43.0,2.0,4.0,0,4
215,35,Jacques Villeneuve,3,Williams,9,1997,9,1,1.0,33.0,2.0,3.0,52.0,2.0,4.0,1,1
216,35,Jacques Villeneuve,3,Williams,10,1997,10,9,9.0,43.0,2.0,4.0,62.0,2.0,5.0,0,14
191,35,Jacques Villeneuve,3,Williams,1,1998,1,4,4.0,0.0,99.0,0.0,0.0,99.0,0.0,0,5
192,35,Jacques Villeneuve,3,Williams,18,1998,2,10,10.0,2.0,5.0,0.0,6.0,2.0,0.0,0,7
193,35,Jacques Villeneuve,3,Williams,25,1998,3,7,7.0,2.0,7.0,0.0,8.0,2.0,0.0,0,17
199,35,Jacques Villeneuve,3,Williams,9,1998,9,3,3.0,11.0,7.0,0.0,19.0,4.0,0.0,0,7
200,35,Jacques Villeneuve,3,Williams,70,1998,10,11,11.0,11.0,7.0,0.0,19.0,4.0,0.0,0,6
201,35,Jacques Villeneuve,3,Williams,10,1998,11,3,3.0,12.0,7.0,0.0,20.0,4.0,0.0,1,3
203,35,Jacques Villeneuve,3,Williams,13,1998,13,6,6.0,20.0,5.0,0.0,30.0,4.0,0.0,0,13
175,35,Jacques Villeneuve,16,BAR,1,1999,1,11,11.0,0.0,99.0,0.0,0.0,99.0,0.0,0,19
176,35,Jacques Villeneuve,16,BAR,18,1999,2,21,21.0,0.0,99.0,0.0,0.0,99.0,0.0,0,11
177,35,Jacques Villeneuve,16,BAR,21,1999,3,14,5.0,0.0,99.0,0.0,0.0,99.0,0.0,0,21
158,35,Jacques Villeneuve,16,BAR,1,2000,1,8,8.0,0.0,99.0,0.0,0.0,99.0,0.0,0,4
160,35,Jacques Villeneuve,16,BAR,21,2000,3,9,9.0,3.0,7.0,0.0,4.0,5.0,0.0,0,5
161,35,Jacques Villeneuve,16,BAR,9,2000,4,10,10.0,5.0,6.0,0.0,6.0,6.0,0.0,0,16
173,35,Jacques Villeneuve,16,BAR,22,2000,16,9,9.0,14.0,7.0,0.0,17.0,6.0,0.0,0,6
156,35,Jacques Villeneuve,16,BAR,19,2001,16,18,18.0,12.0,7.0,0.0,17.0,5.0,0.0,0,16
125,35,Jacques Villeneuve,16,BAR,2,2002,2,13,13.0,0.0,99.0,0.0,0.0,99.0,0.0,0,8
140,35,Jacques Villeneuve,16,BAR,22,2002,17,9,9.0,4.0,12.0,0.0,7.0,7.0,0.0,0,15
108,35,Jacques Villeneuve,16,BAR,1,2003,1,6,6.0,0.0,99.0,0.0,0.0,99.0,0.0,0,9
109,35,Jacques Villeneuve,16,BAR,2,2003,2,12,12.0,0.0,9.0,0.0,0.0,6.0,0.0,0,20
110,35,Jacques Villeneuve,16,BAR,18,2003,3,13,13.0,0.0,12.0,0.0,2.0,6.0,0.0,0,6
111,35,Jacques Villeneuve,16,BAR,21,2003,4,7,7.0,3.0,11.0,0.0,5.0,7.0,0.0,0,20
112,35,Jacques Villeneuve,16,BAR,4,2003,5,11,11.0,3.0,11.0,0.0,6.0,7.0,0.0,0,17
113,35,Jacques Villeneuve,16,BAR,70,2003,6,12,12.0,3.0,11.0,0.0,6.0,7.0,0.0,0,12
114,35,Jacques Villeneuve,16,BAR,6,2003,7,11,11.0,3.0,13.0,0.0,11.0,6.0,0.0,0,14
115,35,Jacques Villeneuve,16,BAR,7,2003,8,14,14.0,3.0,14.0,0.0,11.0,6.0,0.0,0,19
116,35,Jacques Villeneuve,16,BAR,20,2003,9,17,17.0,3.0,14.0,0.0,11.0,6.0,0.0,0,17
117,35,Jacques Villeneuve,16,BAR,8,2003,10,12,12.0,3.0,14.0,0.0,13.0,5.0,0.0,0,9
118,35,Jacques Villeneuve,16,BAR,9,2003,11,9,9.0,3.0,13.0,0.0,13.0,5.0,0.0,0,10
119,35,Jacques Villeneuve,16,BAR,10,2003,12,13,13.0,3.0,14.0,0.0,14.0,5.0,0.0,0,9
120,35,Jacques Villeneuve,16,BAR,11,2003,13,16,16.0,3.0,15.0,0.0,15.0,5.0,0.0,0,20
121,35,Jacques Villeneuve,16,BAR,14,2003,14,10,10.0,3.0,15.0,0.0,15.0,5.0,0.0,0,6
122,35,Jacques Villeneuve,16,BAR,19,2003,15,12,12.0,6.0,15.0,0.0,18.0,5.0,0.0,0,12
105,35,Jacques Villeneuve,4,Renault,17,2004,16,12,13.0,0.0,99.0,0.0,91.0,3.0,1.0,0,11
106,35,Jacques Villeneuve,4,Renault,22,2004,17,9,9.0,0.0,23.0,0.0,96.0,3.0,1.0,0,10
107,35,Jacques Villeneuve,4,Renault,18,2004,18,13,14.0,0.0,21.0,0.0,100.0,3.0,1.0,0,10
71,35,Jacques Villeneuve,15,Sauber,1,2005,1,4,4.0,0.0,99.0,0.0,0.0,99.0,0.0,0,13
72,35,Jacques Villeneuve,15,Sauber,2,2005,2,16,16.0,0.0,12.0,0.0,0.0,7.0,0.0,0,17
73,35,Jacques Villeneuve,15,Sauber,3,2005,3,15,16.0,0.0,16.0,0.0,0.0,7.0,0.0,0,11
74,35,Jacques Villeneuve,15,Sauber,21,2005,4,11,12.0,0.0,16.0,0.0,2.0,7.0,0.0,0,4
75,35,Jacques Villeneuve,15,Sauber,4,2005,5,12,12.0,5.0,13.0,0.0,7.0,7.0,0.0,0,14
76,35,Jacques Villeneuve,15,Sauber,6,2005,6,9,9.0,5.0,13.0,0.0,7.0,7.0,0.0,0,11
77,35,Jacques Villeneuve,15,Sauber,20,2005,7,15,15.0,5.0,13.0,0.0,7.0,7.0,0.0,0,13
78,35,Jacques Villeneuve,15,Sauber,7,2005,8,8,8.0,5.0,13.0,0.0,7.0,7.0,0.0,0,9
79,35,Jacques Villeneuve,15,Sauber,19,2005,9,12,12.0,5.0,14.0,0.0,12.0,7.0,0.0,0,16
80,35,Jacques Villeneuve,15,Sauber,8,2005,10,10,11.0,5.0,15.0,0.0,12.0,7.0,0.0,0,8
81,35,Jacques Villeneuve,15,Sauber,9,2005,11,10,11.0,6.0,15.0,0.0,13.0,7.0,0.0,0,14
82,35,Jacques Villeneuve,15,Sauber,10,2005,12,14,14.0,6.0,16.0,0.0,13.0,7.0,0.0,0,15
83,35,Jacques Villeneuve,15,Sauber,11,2005,13,15,15.0,6.0,16.0,0.0,14.0,8.0,0.0,0,16
84,35,Jacques Villeneuve,15,Sauber,5,2005,14,16,18.0,6.0,16.0,0.0,14.0,8.0,0.0,0,11
85,35,Jacques Villeneuve,15,Sauber,14,2005,15,12,12.0,6.0,16.0,0.0,14.0,8.0,0.0,0,11
86,35,Jacques Villeneuve,15,Sauber,13,2005,16,14,14.0,6.0,16.0,0.0,14.0,8.0,0.0,0,6
87,35,Jacques Villeneuve,15,Sauber,18,2005,17,20,12.0,9.0,13.0,0.0,17.0,8.0,0.0,0,12
88,35,Jacques Villeneuve,15,Sauber,22,2005,18,8,8.0,9.0,13.0,0.0,17.0,8.0,0.0,0,12
89,35,Jacques Villeneuve,15,Sauber,17,2005,19,16,16.0,9.0,13.0,0.0,17.0,8.0,0.0,0,10
53,35,Jacques Villeneuve,2,BMW Sauber,3,2006,1,11,11.0,0.0,99.0,0.0,0.0,99.0,0.0,0,20
54,35,Jacques Villeneuve,2,BMW Sauber,2,2006,2,10,14.0,0.0,99.0,0.0,0.0,8.0,0.0,0,7
55,35,Jacques Villeneuve,2,BMW Sauber,1,2006,3,19,9.0,2.0,10.0,0.0,2.0,6.0,0.0,0,6
56,35,Jacques Villeneuve,2,BMW Sauber,21,2006,4,12,12.0,5.0,9.0,0.0,10.0,5.0,0.0,0,12
57,35,Jacques Villeneuve,2,BMW Sauber,20,2006,5,9,8.0,5.0,11.0,0.0,10.0,5.0,0.0,0,8
58,35,Jacques Villeneuve,2,BMW Sauber,4,2006,6,22,14.0,6.0,11.0,0.0,11.0,5.0,0.0,0,12
59,35,Jacques Villeneuve,2,BMW Sauber,6,2006,7,14,14.0,6.0,12.0,0.0,12.0,5.0,0.0,0,14
60,35,Jacques Villeneuve,2,BMW Sauber,9,2006,8,10,10.0,6.0,13.0,0.0,14.0,5.0,0.0,0,8
61,35,Jacques Villeneuve,2,BMW Sauber,7,2006,9,11,11.0,7.0,12.0,0.0,17.0,5.0,0.0,0,16
62,35,Jacques Villeneuve,2,BMW Sauber,19,2006,10,6,6.0,7.0,12.0,0.0,19.0,5.0,0.0,0,12
63,35,Jacques Villeneuve,2,BMW Sauber,8,2006,11,16,18.0,7.0,13.0,0.0,19.0,5.0,0.0,0,11
64,35,Jacques Villeneuve,2,BMW Sauber,10,2006,12,13,14.0,7.0,13.0,0.0,20.0,6.0,0.0,0,15
57,36,Franck Montagny,8,Super Aguri,20,2006,5,21,22.0,0.0,99.0,0.0,0.0,11.0,0.0,0,17
58,36,Franck Montagny,8,Super Aguri,4,2006,6,20,21.0,0.0,99.0,0.0,0.0,11.0,0.0,0,22
59,36,Franck Montagny,8,Super Aguri,6,2006,7,20,20.0,0.0,99.0,0.0,0.0,11.0,0.0,0,16
60,36,Franck Montagny,8,Super Aguri,9,2006,8,21,21.0,0.0,23.0,0.0,0.0,11.0,0.0,0,18
61,36,Franck Montagny,8,Super Aguri,7,2006,9,21,22.0,0.0,23.0,0.0,0.0,11.0,0.0,0,20
62,36,Franck Montagny,8,Super Aguri,19,2006,10,19,22.0,0.0,23.0,0.0,0.0,11.0,0.0,0,22
63,36,Franck Montagny,8,Super Aguri,8,2006,11,20,21.0,0.0,23.0,0.0,0.0,11.0,0.0,0,16
175,37,Pedro de la Rosa,21,Arrows,1,1999,1,18,18.0,0.0,99.0,0.0,0.0,99.0,0.0,0,6
176,37,Pedro de la Rosa,21,Arrows,18,1999,2,17,18.0,1.0,6.0,0.0,1.0,6.0,0.0,0,10
177,37,Pedro de la Rosa,21,Arrows,21,1999,3,18,18.0,1.0,8.0,0.0,1.0,7.0,0.0,0,19
158,37,Pedro de la Rosa,21,Arrows,1,2000,1,12,12.0,0.0,99.0,0.0,0.0,99.0,0.0,0,20
160,37,Pedro de la Rosa,21,Arrows,21,2000,3,13,13.0,0.0,12.0,0.0,0.0,6.0,0.0,0,16
161,37,Pedro de la Rosa,21,Arrows,9,2000,4,19,19.0,0.0,16.0,0.0,0.0,8.0,0.0,0,21
173,37,Pedro de la Rosa,21,Arrows,22,2000,16,13,13.0,2.0,16.0,0.0,7.0,7.0,0.0,0,12
156,37,Pedro de la Rosa,19,Jaguar,19,2001,16,16,16.0,3.0,16.0,0.0,7.0,8.0,0.0,0,12
125,37,Pedro de la Rosa,19,Jaguar,2,2002,2,17,17.0,0.0,8.0,0.0,3.0,4.0,0.0,0,10
140,37,Pedro de la Rosa,19,Jaguar,22,2002,17,17,17.0,0.0,20.0,0.0,8.0,6.0,0.0,0,12
73,37,Pedro de la Rosa,1,McLaren,3,2005,3,8,8.0,0.0,99.0,0.0,9.0,6.0,0.0,0,5
63,37,Pedro de la Rosa,1,McLaren,8,2006,11,8,8.0,0.0,99.0,0.0,65.0,3.0,0.0,0,7
64,37,Pedro de la Rosa,1,McLaren,10,2006,12,9,9.0,2.0,16.0,0.0,71.0,3.0,0.0,0,18
65,37,Pedro de la Rosa,1,McLaren,11,2006,13,4,5.0,2.0,16.0,0.0,77.0,3.0,0.0,1,2
66,37,Pedro de la Rosa,1,McLaren,5,2006,14,11,12.0,10.0,12.0,0.0,85.0,3.0,0.0,0,5
67,37,Pedro de la Rosa,1,McLaren,14,2006,15,7,7.0,14.0,11.0,0.0,89.0,3.0,0.0,0,20
68,37,Pedro de la Rosa,1,McLaren,17,2006,16,7,7.0,14.0,11.0,0.0,97.0,3.0,0.0,0,5
69,37,Pedro de la Rosa,1,McLaren,22,2006,17,13,13.0,18.0,10.0,0.0,101.0,3.0,0.0,0,11
70,37,Pedro de la Rosa,1,McLaren,18,2006,18,12,12.0,18.0,11.0,0.0,105.0,3.0,0.0,0,8
337,37,Pedro de la Rosa,15,Sauber,3,2010,1,14,14.0,0.0,99.0,0.0,0.0,99.0,0.0,0,18
338,37,Pedro de la Rosa,15,Sauber,1,2010,2,14,14.0,0.0,18.0,0.0,0.0,10.0,0.0,0,12
339,37,Pedro de la Rosa,15,Sauber,2,2010,3,12,12.0,0.0,14.0,0.0,0.0,9.0,0.0,0,24
340,37,Pedro de la Rosa,15,Sauber,17,2010,4,17,17.0,0.0,16.0,0.0,0.0,9.0,0.0,0,20
341,37,Pedro de la Rosa,15,Sauber,4,2010,5,12,12.0,0.0,17.0,0.0,0.0,9.0,0.0,0,22
342,37,Pedro de la Rosa,15,Sauber,6,2010,6,15,15.0,0.0,17.0,0.0,0.0,9.0,0.0,0,22
343,37,Pedro de la Rosa,15,Sauber,5,2010,7,13,13.0,0.0,17.0,0.0,0.0,9.0,0.0,0,11
344,37,Pedro de la Rosa,15,Sauber,7,2010,8,17,17.0,0.0,18.0,0.0,1.0,9.0,0.0,0,22
345,37,Pedro de la Rosa,15,Sauber,12,2010,9,16,16.0,0.0,18.0,0.0,1.0,9.0,0.0,0,12
346,37,Pedro de la Rosa,15,Sauber,9,2010,10,9,9.0,0.0,18.0,0.0,7.0,9.0,0.0,0,22
347,37,Pedro de la Rosa,15,Sauber,10,2010,11,14,15.0,0.0,18.0,0.0,15.0,8.0,0.0,0,14
348,37,Pedro de la Rosa,15,Sauber,11,2010,12,9,9.0,0.0,18.0,0.0,15.0,8.0,0.0,0,7
349,37,Pedro de la Rosa,15,Sauber,13,2010,13,24,22.0,6.0,17.0,0.0,23.0,8.0,0.0,0,11
350,37,Pedro de la Rosa,15,Sauber,14,2010,14,16,17.0,6.0,17.0,0.0,27.0,8.0,0.0,0,14
847,37,Pedro de la Rosa,15,Sauber,7,2011,7,17,17.0,0.0,99.0,0.0,21.0,6.0,0.0,0,12
860,37,Pedro de la Rosa,164,HRT,1,2012,1,0,23.0,0.0,99.0,0.0,0.0,99.0,0.0,0,23
861,37,Pedro de la Rosa,164,HRT,2,2012,2,22,23.0,0.0,23.0,0.0,0.0,99.0,0.0,0,22
862,37,Pedro de la Rosa,164,HRT,17,2012,3,22,23.0,0.0,23.0,0.0,0.0,12.0,0.0,0,21
863,37,Pedro de la Rosa,164,HRT,3,2012,4,20,22.0,0.0,23.0,0.0,0.0,12.0,0.0,0,20
864,37,Pedro de la Rosa,164,HRT,4,2012,5,22,23.0,0.0,23.0,0.0,0.0,12.0,0.0,0,19
865,37,Pedro de la Rosa,164,HRT,6,2012,6,20,21.0,0.0,23.0,0.0,0.0,12.0,0.0,0,22
866,37,Pedro de la Rosa,164,HRT,7,2012,7,20,21.0,0.0,24.0,0.0,0.0,12.0,0.0,0,23
867,37,Pedro de la Rosa,164,HRT,12,2012,8,21,21.0,0.0,24.0,0.0,0.0,12.0,0.0,0,17
868,37,Pedro de la Rosa,164,HRT,9,2012,9,21,22.0,0.0,24.0,0.0,0.0,12.0,0.0,0,20
869,37,Pedro de la Rosa,164,HRT,10,2012,10,23,23.0,0.0,24.0,0.0,0.0,12.0,0.0,0,21
870,37,Pedro de la Rosa,164,HRT,11,2012,11,23,23.0,0.0,24.0,0.0,0.0,12.0,0.0,0,22
871,37,Pedro de la Rosa,164,HRT,13,2012,12,21,22.0,0.0,24.0,0.0,0.0,12.0,0.0,0,18
872,37,Pedro de la Rosa,164,HRT,14,2012,13,23,23.0,0.0,24.0,0.0,0.0,12.0,0.0,0,18
873,37,Pedro de la Rosa,164,HRT,15,2012,14,24,24.0,0.0,25.0,0.0,0.0,12.0,0.0,0,17
874,37,Pedro de la Rosa,164,HRT,22,2012,15,20,21.0,0.0,25.0,0.0,0.0,12.0,0.0,0,18
875,37,Pedro de la Rosa,164,HRT,35,2012,16,22,23.0,0.0,25.0,0.0,0.0,12.0,0.0,0,21
876,37,Pedro de la Rosa,164,HRT,68,2012,17,22,22.0,0.0,25.0,0.0,0.0,12.0,0.0,0,23
877,37,Pedro de la Rosa,164,HRT,24,2012,18,22,23.0,0.0,25.0,0.0,0.0,12.0,0.0,0,17
878,37,Pedro de la Rosa,164,HRT,69,2012,19,23,23.0,0.0,25.0,0.0,0.0,12.0,0.0,0,21
879,37,Pedro de la Rosa,164,HRT,18,2012,20,24,24.0,0.0,25.0,0.0,0.0,12.0,0.0,0,17
82,38,Robert Doornbos,18,Minardi,10,2005,12,17,17.0,0.0,99.0,0.0,7.0,10.0,0.0,0,18
83,38,Robert Doornbos,18,Minardi,11,2005,13,19,19.0,0.0,24.0,0.0,7.0,10.0,0.0,0,18
84,38,Robert Doornbos,18,Minardi,5,2005,14,17,17.0,0.0,24.0,0.0,7.0,10.0,0.0,0,13
85,38,Robert Doornbos,18,Minardi,14,2005,15,18,18.0,0.0,24.0,0.0,7.0,10.0,0.0,0,18
86,38,Robert Doornbos,18,Minardi,13,2005,16,17,17.0,0.0,25.0,0.0,7.0,10.0,0.0,0,13
87,38,Robert Doornbos,18,Minardi,18,2005,17,18,20.0,0.0,25.0,0.0,7.0,10.0,0.0,0,18
88,38,Robert Doornbos,18,Minardi,22,2005,18,15,15.0,0.0,25.0,0.0,7.0,10.0,0.0,0,14
89,38,Robert Doornbos,18,Minardi,17,2005,19,20,20.0,0.0,25.0,0.0,7.0,10.0,0.0,0,14
68,38,Robert Doornbos,9,Red Bull,17,2006,16,10,10.0,0.0,99.0,0.0,16.0,7.0,0.0,0,12
69,38,Robert Doornbos,9,Red Bull,22,2006,17,18,18.0,0.0,24.0,0.0,16.0,7.0,0.0,0,13
70,38,Robert Doornbos,9,Red Bull,18,2006,18,22,15.0,0.0,24.0,0.0,16.0,7.0,0.0,0,12
71,39,Narain Karthikeyan,17,Jordan,1,2005,1,12,12.0,0.0,99.0,0.0,0.0,99.0,0.0,0,15
72,39,Narain Karthikeyan,17,Jordan,2,2005,2,17,17.0,0.0,13.0,0.0,0.0,8.0,0.0,0,11
73,39,Narain Karthikeyan,17,Jordan,3,2005,3,17,18.0,0.0,14.0,0.0,0.0,8.0,0.0,0,19
74,39,Narain Karthikeyan,17,Jordan,21,2005,4,16,17.0,0.0,17.0,0.0,0.0,8.0,0.0,0,12
75,39,Narain Karthikeyan,17,Jordan,4,2005,5,13,13.0,0.0,19.0,0.0,0.0,8.0,0.0,0,13
76,39,Narain Karthikeyan,17,Jordan,6,2005,6,17,17.0,0.0,19.0,0.0,0.0,8.0,0.0,0,18
77,39,Narain Karthikeyan,17,Jordan,20,2005,7,19,19.0,0.0,19.0,0.0,0.0,8.0,0.0,0,16
78,39,Narain Karthikeyan,17,Jordan,7,2005,8,17,17.0,0.0,20.0,0.0,0.0,8.0,0.0,0,19
79,39,Narain Karthikeyan,17,Jordan,19,2005,9,19,19.0,0.0,20.0,0.0,0.0,8.0,0.0,0,4
80,39,Narain Karthikeyan,17,Jordan,8,2005,10,17,17.0,5.0,16.0,0.0,11.0,8.0,0.0,0,15
81,39,Narain Karthikeyan,17,Jordan,9,2005,11,17,17.0,5.0,17.0,0.0,11.0,8.0,0.0,0,20
82,39,Narain Karthikeyan,17,Jordan,10,2005,12,19,20.0,5.0,17.0,0.0,11.0,8.0,0.0,0,16
83,39,Narain Karthikeyan,17,Jordan,11,2005,13,18,18.0,5.0,17.0,0.0,11.0,9.0,0.0,0,12
84,39,Narain Karthikeyan,17,Jordan,5,2005,14,18,19.0,5.0,17.0,0.0,11.0,9.0,0.0,0,14
85,39,Narain Karthikeyan,17,Jordan,14,2005,15,19,19.0,5.0,17.0,0.0,11.0,9.0,0.0,0,20
86,39,Narain Karthikeyan,17,Jordan,13,2005,16,20,20.0,5.0,17.0,0.0,11.0,9.0,0.0,0,11
87,39,Narain Karthikeyan,17,Jordan,18,2005,17,15,17.0,5.0,17.0,0.0,12.0,9.0,0.0,0,15
88,39,Narain Karthikeyan,17,Jordan,22,2005,18,11,11.0,5.0,17.0,0.0,12.0,9.0,0.0,0,15
89,39,Narain Karthikeyan,17,Jordan,17,2005,19,15,15.0,5.0,17.0,0.0,12.0,9.0,0.0,0,18
841,39,Narain Karthikeyan,164,HRT,1,2011,1,0,24.0,0.0,99.0,0.0,0.0,99.0,0.0,0,24
842,39,Narain Karthikeyan,164,HRT,2,2011,2,24,24.0,0.0,99.0,0.0,0.0,99.0,0.0,0,23
843,39,Narain Karthikeyan,164,HRT,17,2011,3,24,24.0,0.0,24.0,0.0,0.0,12.0,0.0,0,23
844,39,Narain Karthikeyan,164,HRT,5,2011,4,22,23.0,0.0,24.0,0.0,0.0,12.0,0.0,0,21
845,39,Narain Karthikeyan,164,HRT,4,2011,5,22,22.0,0.0,23.0,0.0,0.0,12.0,0.0,0,21
846,39,Narain Karthikeyan,164,HRT,6,2011,6,22,23.0,0.0,23.0,0.0,0.0,12.0,0.0,0,17
847,39,Narain Karthikeyan,164,HRT,7,2011,7,22,23.0,0.0,24.0,0.0,0.0,12.0,0.0,0,14
848,39,Narain Karthikeyan,164,HRT,12,2011,8,24,24.0,0.0,23.0,0.0,0.0,11.0,0.0,0,24
857,39,Narain Karthikeyan,164,HRT,68,2011,17,24,22.0,0.0,23.0,0.0,0.0,11.0,0.0,0,17
860,39,Narain Karthikeyan,164,HRT,1,2012,1,0,24.0,0.0,99.0,0.0,0.0,99.0,0.0,0,24
861,39,Narain Karthikeyan,164,HRT,2,2012,2,23,24.0,0.0,24.0,0.0,0.0,99.0,0.0,0,21
862,39,Narain Karthikeyan,164,HRT,17,2012,3,23,24.0,0.0,22.0,0.0,0.0,12.0,0.0,0,22
863,39,Narain Karthikeyan,164,HRT,3,2012,4,24,24.0,0.0,24.0,0.0,0.0,12.0,0.0,0,21
864,39,Narain Karthikeyan,164,HRT,4,2012,5,23,24.0,0.0,24.0,0.0,0.0,12.0,0.0,0,22
865,39,Narain Karthikeyan,164,HRT,6,2012,6,22,23.0,0.0,24.0,0.0,0.0,12.0,0.0,0,15
866,39,Narain Karthikeyan,164,HRT,7,2012,7,24,24.0,0.0,22.0,0.0,0.0,12.0,0.0,0,24
867,39,Narain Karthikeyan,164,HRT,12,2012,8,22,22.0,0.0,22.0,0.0,0.0,12.0,0.0,0,18
868,39,Narain Karthikeyan,164,HRT,9,2012,9,22,23.0,0.0,23.0,0.0,0.0,12.0,0.0,0,21
869,39,Narain Karthikeyan,164,HRT,10,2012,10,24,24.0,0.0,23.0,0.0,0.0,12.0,0.0,0,23
870,39,Narain Karthikeyan,164,HRT,11,2012,11,24,24.0,0.0,23.0,0.0,0.0,12.0,0.0,0,23
871,39,Narain Karthikeyan,164,HRT,13,2012,12,24,24.0,0.0,23.0,0.0,0.0,12.0,0.0,0,19
872,39,Narain Karthikeyan,164,HRT,14,2012,13,21,22.0,0.0,23.0,0.0,0.0,12.0,0.0,0,19
873,39,Narain Karthikeyan,164,HRT,15,2012,14,23,23.0,0.0,24.0,0.0,0.0,12.0,0.0,0,23
874,39,Narain Karthikeyan,164,HRT,22,2012,15,24,24.0,0.0,24.0,0.0,0.0,12.0,0.0,0,21
876,39,Narain Karthikeyan,164,HRT,68,2012,17,23,23.0,0.0,24.0,0.0,0.0,12.0,0.0,0,21
877,39,Narain Karthikeyan,164,HRT,24,2012,18,23,24.0,0.0,24.0,0.0,0.0,12.0,0.0,0,22
878,39,Narain Karthikeyan,164,HRT,69,2012,19,24,24.0,0.0,24.0,0.0,0.0,12.0,0.0,0,22
879,39,Narain Karthikeyan,164,HRT,18,2012,20,23,23.0,0.0,24.0,0.0,0.0,12.0,0.0,0,18
71,40,Patrick Friesacher,18,Minardi,1,2005,1,16,16.0,0.0,99.0,0.0,0.0,99.0,0.0,0,17
72,40,Patrick Friesacher,18,Minardi,2,2005,2,20,19.0,0.0,15.0,0.0,0.0,9.0,0.0,0,20
73,40,Patrick Friesacher,18,Minardi,3,2005,3,19,20.0,0.0,18.0,0.0,0.0,9.0,0.0,0,12
74,40,Patrick Friesacher,18,Minardi,21,2005,4,19,19.0,0.0,18.0,0.0,0.0,9.0,0.0,0,17
75,40,Patrick Friesacher,18,Minardi,4,2005,5,15,16.0,0.0,20.0,0.0,0.0,9.0,0.0,0,17
76,40,Patrick Friesacher,18,Minardi,6,2005,6,13,13.0,0.0,20.0,0.0,0.0,9.0,0.0,0,16
77,40,Patrick Friesacher,18,Minardi,20,2005,7,18,18.0,0.0,20.0,0.0,0.0,9.0,0.0,0,18
78,40,Patrick Friesacher,18,Minardi,7,2005,8,19,19.0,0.0,21.0,0.0,0.0,10.0,0.0,0,16
79,40,Patrick Friesacher,18,Minardi,19,2005,9,20,20.0,0.0,22.0,0.0,0.0,10.0,0.0,0,6
80,40,Patrick Friesacher,18,Minardi,8,2005,10,18,18.0,3.0,20.0,0.0,7.0,9.0,0.0,0,18
81,40,Patrick Friesacher,18,Minardi,9,2005,11,19,19.0,3.0,21.0,0.0,7.0,9.0,0.0,0,19
175,41,Ricardo Zonta,16,BAR,1,1999,1,19,19.0,0.0,99.0,0.0,0.0,99.0,0.0,0,9
158,41,Ricardo Zonta,16,BAR,1,2000,1,16,16.0,0.0,99.0,0.0,0.0,99.0,0.0,0,6
160,41,Ricardo Zonta,16,BAR,21,2000,3,14,14.0,1.0,8.0,0.0,4.0,5.0,0.0,0,12
161,41,Ricardo Zonta,16,BAR,9,2000,4,16,16.0,1.0,10.0,0.0,6.0,6.0,0.0,0,19
173,41,Ricardo Zonta,16,BAR,22,2000,16,18,18.0,3.0,14.0,0.0,17.0,6.0,0.0,0,9
102,41,Ricardo Zonta,7,Toyota,11,2004,13,15,15.0,0.0,99.0,0.0,8.0,7.0,0.0,0,18
103,41,Ricardo Zonta,7,Toyota,13,2004,14,20,20.0,0.0,99.0,0.0,8.0,7.0,0.0,0,10
104,41,Ricardo Zonta,7,Toyota,14,2004,15,11,11.0,0.0,22.0,0.0,9.0,8.0,0.0,0,11
105,41,Ricardo Zonta,7,Toyota,17,2004,16,13,14.0,0.0,21.0,0.0,9.0,8.0,0.0,0,19
107,41,Ricardo Zonta,7,Toyota,18,2004,18,14,15.0,0.0,21.0,0.0,9.0,8.0,0.0,0,13
79,41,Ricardo Zonta,7,Toyota,19,2005,9,13,13.0,0.0,99.0,0.0,47.0,4.0,0.0,0,17
108,42,Antônio Pizzonia,19,Jaguar,1,2003,1,18,18.0,0.0,99.0,0.0,0.0,99.0,0.0,0,13
109,42,Antônio Pizzonia,19,Jaguar,2,2003,2,15,15.0,0.0,99.0,0.0,0.0,99.0,0.0,0,14
110,42,Antônio Pizzonia,19,Jaguar,18,2003,3,17,17.0,0.0,99.0,0.0,0.0,99.0,0.0,0,16
111,42,Antônio Pizzonia,19,Jaguar,21,2003,4,15,15.0,0.0,99.0,0.0,0.0,8.0,0.0,0,14
112,42,Antônio Pizzonia,19,Jaguar,4,2003,5,16,16.0,0.0,19.0,0.0,0.0,9.0,0.0,0,19
113,42,Antônio Pizzonia,19,Jaguar,70,2003,6,8,8.0,0.0,20.0,0.0,2.0,9.0,0.0,0,9
114,42,Antônio Pizzonia,19,Jaguar,6,2003,7,13,13.0,0.0,17.0,0.0,4.0,8.0,0.0,0,18
115,42,Antônio Pizzonia,19,Jaguar,7,2003,8,13,13.0,0.0,18.0,0.0,4.0,8.0,0.0,0,10
116,42,Antônio Pizzonia,19,Jaguar,20,2003,9,16,16.0,0.0,18.0,0.0,6.0,8.0,0.0,0,10
117,42,Antônio Pizzonia,19,Jaguar,8,2003,10,11,11.0,0.0,18.0,0.0,9.0,8.0,0.0,0,10
118,42,Antônio Pizzonia,19,Jaguar,9,2003,11,10,10.0,0.0,18.0,0.0,12.0,6.0,0.0,0,20
101,42,Antônio Pizzonia,3,Williams,10,2004,12,10,11.0,0.0,99.0,0.0,41.0,4.0,0.0,0,7
102,42,Antônio Pizzonia,3,Williams,11,2004,13,6,6.0,2.0,18.0,0.0,47.0,4.0,0.0,0,7
103,42,Antônio Pizzonia,3,Williams,13,2004,14,14,14.0,4.0,15.0,0.0,54.0,4.0,0.0,0,13
104,42,Antônio Pizzonia,3,Williams,14,2004,15,8,8.0,4.0,15.0,0.0,54.0,4.0,0.0,0,7
85,42,Antônio Pizzonia,3,Williams,14,2005,15,16,16.0,0.0,99.0,0.0,52.0,5.0,0.0,0,7
86,42,Antônio Pizzonia,3,Williams,13,2005,16,15,15.0,2.0,22.0,0.0,54.0,5.0,0.0,0,15
87,42,Antônio Pizzonia,3,Williams,18,2005,17,13,15.0,2.0,22.0,0.0,59.0,5.0,0.0,0,19
88,42,Antônio Pizzonia,3,Williams,22,2005,18,12,12.0,2.0,22.0,0.0,59.0,5.0,0.0,0,17
89,42,Antônio Pizzonia,3,Williams,17,2005,19,13,13.0,2.0,22.0,0.0,64.0,5.0,0.0,0,13
108,43,Cristiano da Matta,7,Toyota,1,2003,1,16,16.0,0.0,99.0,0.0,0.0,99.0,0.0,0,18
109,43,Cristiano da Matta,7,Toyota,2,2003,2,11,11.0,0.0,99.0,0.0,0.0,99.0,0.0,0,11
110,43,Cristiano da Matta,7,Toyota,18,2003,3,18,18.0,0.0,15.0,0.0,0.0,9.0,0.0,0,10
111,43,Cristiano da Matta,7,Toyota,21,2003,4,13,13.0,0.0,15.0,0.0,0.0,9.0,0.0,0,12
112,43,Cristiano da Matta,7,Toyota,4,2003,5,13,13.0,0.0,16.0,0.0,0.0,8.0,0.0,0,6
113,43,Cristiano da Matta,7,Toyota,70,2003,6,13,13.0,3.0,12.0,0.0,3.0,8.0,0.0,0,10
114,43,Cristiano da Matta,7,Toyota,6,2003,7,10,10.0,3.0,14.0,0.0,3.0,9.0,0.0,0,9
115,43,Cristiano da Matta,7,Toyota,7,2003,8,9,9.0,3.0,13.0,0.0,3.0,9.0,0.0,0,11
116,43,Cristiano da Matta,7,Toyota,20,2003,9,10,10.0,3.0,13.0,0.0,4.0,9.0,0.0,0,16
117,43,Cristiano da Matta,7,Toyota,8,2003,10,13,13.0,3.0,13.0,0.0,4.0,9.0,0.0,0,11
118,43,Cristiano da Matta,7,Toyota,9,2003,11,6,6.0,3.0,14.0,0.0,5.0,9.0,0.0,0,7
119,43,Cristiano da Matta,7,Toyota,10,2003,12,9,9.0,5.0,13.0,0.0,7.0,9.0,0.0,0,6
120,43,Cristiano da Matta,7,Toyota,11,2003,13,15,15.0,8.0,12.0,0.0,14.0,6.0,0.0,0,11
121,43,Cristiano da Matta,7,Toyota,14,2003,14,12,12.0,8.0,12.0,0.0,14.0,7.0,0.0,0,18
122,43,Cristiano da Matta,7,Toyota,19,2003,15,9,9.0,8.0,12.0,0.0,14.0,7.0,0.0,0,9
123,43,Cristiano da Matta,7,Toyota,22,2003,16,3,3.0,8.0,13.0,0.0,14.0,8.0,0.0,0,7
90,43,Cristiano da Matta,7,Toyota,1,2004,1,13,13.0,0.0,99.0,0.0,0.0,99.0,0.0,0,12
91,43,Cristiano da Matta,7,Toyota,2,2004,2,10,10.0,0.0,12.0,0.0,0.0,8.0,0.0,0,9
92,43,Cristiano da Matta,7,Toyota,3,2004,3,9,9.0,0.0,10.0,0.0,0.0,7.0,0.0,0,10
93,43,Cristiano da Matta,7,Toyota,21,2004,4,10,10.0,0.0,12.0,0.0,0.0,8.0,0.0,0,18
94,43,Cristiano da Matta,7,Toyota,4,2004,5,11,11.0,0.0,14.0,0.0,0.0,8.0,0.0,0,13
95,43,Cristiano da Matta,7,Toyota,6,2004,6,15,15.0,0.0,14.0,0.0,0.0,8.0,0.0,0,6
96,43,Cristiano da Matta,7,Toyota,20,2004,7,11,11.0,3.0,11.0,0.0,4.0,7.0,0.0,0,20
97,43,Cristiano da Matta,7,Toyota,7,2004,8,12,12.0,3.0,12.0,0.0,4.0,7.0,0.0,0,19
98,43,Cristiano da Matta,7,Toyota,19,2004,9,11,11.0,3.0,13.0,0.0,4.0,8.0,0.0,0,14
99,43,Cristiano da Matta,7,Toyota,8,2004,10,11,11.0,3.0,14.0,0.0,8.0,7.0,0.0,0,14
100,43,Cristiano da Matta,7,Toyota,9,2004,11,12,14.0,3.0,14.0,0.0,8.0,7.0,0.0,0,13
101,43,Cristiano da Matta,7,Toyota,10,2004,12,15,15.0,3.0,15.0,0.0,8.0,7.0,0.0,0,19
257,44,Olivier Panis,27,Ligier,18,1994,1,19,19.0,0.0,99.0,0.0,0.0,99.0,0.0,0,11
258,44,Olivier Panis,27,Ligier,28,1994,2,22,22.0,0.0,11.0,0.0,0.0,10.0,0.0,0,9
259,44,Olivier Panis,27,Ligier,21,1994,3,19,19.0,0.0,14.0,0.0,0.0,11.0,0.0,0,11
261,44,Olivier Panis,27,Ligier,4,1994,5,19,19.0,0.0,21.0,0.0,0.0,12.0,0.0,0,7
262,44,Olivier Panis,27,Ligier,7,1994,6,19,19.0,0.0,20.0,0.0,0.0,12.0,0.0,0,12
263,44,Olivier Panis,27,Ligier,8,1994,7,13,13.0,0.0,22.0,0.0,0.0,12.0,0.0,0,21
264,44,Olivier Panis,27,Ligier,9,1994,8,15,15.0,0.0,22.0,0.0,0.0,12.0,0.0,0,12
265,44,Olivier Panis,27,Ligier,10,1994,9,12,12.0,0.0,22.0,0.0,0.0,12.0,0.0,1,2
266,44,Olivier Panis,27,Ligier,11,1994,10,9,9.0,6.0,7.0,0.0,10.0,6.0,0.0,0,6
267,44,Olivier Panis,27,Ligier,13,1994,11,17,17.0,7.0,8.0,0.0,11.0,6.0,0.0,0,7
268,44,Olivier Panis,27,Ligier,14,1994,12,6,6.0,7.0,10.0,0.0,11.0,7.0,0.0,0,10
269,44,Olivier Panis,27,Ligier,27,1994,13,15,15.0,7.0,11.0,0.0,11.0,7.0,0.0,0,17
270,44,Olivier Panis,27,Ligier,26,1994,14,11,11.0,7.0,11.0,0.0,11.0,7.0,0.0,0,9
271,44,Olivier Panis,27,Ligier,22,1994,15,19,19.0,7.0,11.0,0.0,11.0,7.0,0.0,0,11
272,44,Olivier Panis,27,Ligier,29,1994,16,12,12.0,7.0,11.0,0.0,11.0,8.0,0.0,0,5
240,44,Olivier Panis,27,Ligier,18,1995,1,10,10.0,0.0,99.0,0.0,0.0,99.0,0.0,0,25
241,44,Olivier Panis,27,Ligier,25,1995,2,18,18.0,0.0,99.0,0.0,0.0,6.0,0.0,0,7
242,44,Olivier Panis,27,Ligier,21,1995,3,12,12.0,0.0,10.0,0.0,0.0,6.0,0.0,0,9
243,44,Olivier Panis,27,Ligier,4,1995,4,15,15.0,0.0,10.0,0.0,0.0,6.0,0.0,0,6
244,44,Olivier Panis,27,Ligier,6,1995,5,12,12.0,1.0,10.0,0.0,1.0,7.0,0.0,0,12
245,44,Olivier Panis,27,Ligier,7,1995,6,11,11.0,1.0,11.0,0.0,1.0,7.0,0.0,0,4
246,44,Olivier Panis,27,Ligier,8,1995,7,6,6.0,4.0,10.0,0.0,4.0,6.0,0.0,0,8
247,44,Olivier Panis,27,Ligier,9,1995,8,13,13.0,4.0,10.0,0.0,7.0,6.0,0.0,0,4
248,44,Olivier Panis,27,Ligier,10,1995,9,12,12.0,7.0,8.0,0.0,10.0,5.0,0.0,0,17
249,44,Olivier Panis,27,Ligier,11,1995,10,10,10.0,7.0,8.0,0.0,11.0,5.0,0.0,0,6
250,44,Olivier Panis,27,Ligier,13,1995,11,9,9.0,8.0,7.0,0.0,12.0,5.0,0.0,0,9
251,44,Olivier Panis,27,Ligier,14,1995,12,13,13.0,8.0,9.0,0.0,16.0,4.0,0.0,0,18
252,44,Olivier Panis,27,Ligier,27,1995,13,11,11.0,8.0,11.0,0.0,16.0,6.0,0.0,0,21
253,44,Olivier Panis,27,Ligier,20,1995,14,14,14.0,8.0,11.0,0.0,16.0,6.0,0.0,0,22
254,44,Olivier Panis,27,Ligier,28,1995,15,9,9.0,8.0,11.0,0.0,16.0,7.0,0.0,0,8
255,44,Olivier Panis,27,Ligier,22,1995,16,11,11.0,8.0,11.0,0.0,16.0,7.0,0.0,0,5
256,44,Olivier Panis,27,Ligier,29,1995,17,12,12.0,10.0,11.0,0.0,18.0,6.0,0.0,1,2
224,44,Olivier Panis,27,Ligier,1,1996,1,11,11.0,0.0,99.0,0.0,0.0,99.0,0.0,0,7
225,44,Olivier Panis,27,Ligier,18,1996,2,15,15.0,0.0,7.0,0.0,0.0,6.0,0.0,0,6
226,44,Olivier Panis,27,Ligier,25,1996,3,12,12.0,1.0,9.0,0.0,1.0,6.0,0.0,0,8
227,44,Olivier Panis,27,Ligier,20,1996,4,15,15.0,1.0,10.0,0.0,1.0,7.0,0.0,0,18
228,44,Olivier Panis,27,Ligier,21,1996,5,13,13.0,1.0,11.0,0.0,1.0,7.0,0.0,0,12
229,44,Olivier Panis,27,Ligier,6,1996,6,14,14.0,1.0,11.0,0.0,1.0,7.0,0.0,1,1
230,44,Olivier Panis,27,Ligier,4,1996,7,8,8.0,11.0,4.0,1.0,11.0,5.0,1.0,0,16
207,44,Olivier Panis,20,Prost,1,1997,1,9,9.0,0.0,99.0,0.0,0.0,99.0,0.0,0,5
208,44,Olivier Panis,20,Prost,18,1997,2,5,5.0,2.0,5.0,0.0,2.0,4.0,0.0,1,3
209,44,Olivier Panis,20,Prost,25,1997,3,3,3.0,6.0,6.0,0.0,6.0,5.0,0.0,0,19
210,44,Olivier Panis,20,Prost,21,1997,4,4,4.0,6.0,7.0,0.0,6.0,5.0,0.0,0,8
211,44,Olivier Panis,20,Prost,6,1997,5,12,12.0,6.0,8.0,0.0,6.0,6.0,0.0,0,4
212,44,Olivier Panis,20,Prost,4,1997,6,12,12.0,9.0,8.0,0.0,9.0,5.0,0.0,1,2
213,44,Olivier Panis,20,Prost,7,1997,7,10,10.0,15.0,3.0,0.0,15.0,5.0,0.0,0,11
191,44,Olivier Panis,20,Prost,1,1998,1,21,21.0,0.0,99.0,0.0,0.0,99.0,0.0,0,9
192,44,Olivier Panis,20,Prost,18,1998,2,9,9.0,0.0,9.0,0.0,0.0,7.0,0.0,0,13
193,44,Olivier Panis,20,Prost,25,1998,3,15,15.0,0.0,12.0,0.0,0.0,7.0,0.0,0,15
199,44,Olivier Panis,20,Prost,9,1998,9,22,22.0,0.0,20.0,0.0,0.0,11.0,0.0,0,12
200,44,Olivier Panis,20,Prost,70,1998,10,10,10.0,0.0,20.0,0.0,0.0,11.0,0.0,0,21
201,44,Olivier Panis,20,Prost,10,1998,11,16,16.0,0.0,21.0,0.0,0.0,11.0,0.0,0,15
203,44,Olivier Panis,20,Prost,13,1998,13,14,15.0,0.0,21.0,0.0,0.0,11.0,0.0,0,20
175,44,Olivier Panis,20,Prost,1,1999,1,20,20.0,0.0,99.0,0.0,0.0,99.0,0.0,0,15
176,44,Olivier Panis,20,Prost,18,1999,2,12,12.0,0.0,99.0,0.0,0.0,99.0,0.0,0,6
177,44,Olivier Panis,20,Prost,21,1999,3,11,11.0,1.0,9.0,0.0,1.0,8.0,0.0,0,13
156,44,Olivier Panis,16,BAR,19,2001,16,13,13.0,5.0,13.0,0.0,17.0,5.0,0.0,0,11
125,44,Olivier Panis,16,BAR,2,2002,2,18,18.0,0.0,99.0,0.0,0.0,99.0,0.0,0,21
140,44,Olivier Panis,16,BAR,22,2002,17,16,16.0,3.0,14.0,0.0,7.0,7.0,0.0,0,17
108,44,Olivier Panis,7,Toyota,1,2003,1,5,5.0,0.0,99.0,0.0,0.0,99.0,0.0,0,14
109,44,Olivier Panis,7,Toyota,2,2003,2,10,10.0,0.0,99.0,0.0,0.0,99.0,0.0,0,17
110,44,Olivier Panis,7,Toyota,18,2003,3,15,15.0,0.0,99.0,0.0,0.0,9.0,0.0,0,17
111,44,Olivier Panis,7,Toyota,21,2003,4,10,10.0,0.0,99.0,0.0,0.0,9.0,0.0,0,9
112,44,Olivier Panis,7,Toyota,4,2003,5,6,6.0,0.0,14.0,0.0,0.0,8.0,0.0,0,14
113,44,Olivier Panis,7,Toyota,70,2003,6,11,11.0,0.0,17.0,0.0,3.0,8.0,0.0,0,18
114,44,Olivier Panis,7,Toyota,6,2003,7,17,17.0,0.0,18.0,0.0,3.0,9.0,0.0,0,13
115,44,Olivier Panis,7,Toyota,7,2003,8,7,7.0,0.0,17.0,0.0,3.0,9.0,0.0,0,8
116,44,Olivier Panis,7,Toyota,20,2003,9,7,7.0,1.0,15.0,0.0,4.0,9.0,0.0,0,19
117,44,Olivier Panis,7,Toyota,8,2003,10,10,10.0,1.0,16.0,0.0,4.0,9.0,0.0,0,8
118,44,Olivier Panis,7,Toyota,9,2003,11,13,13.0,2.0,15.0,0.0,5.0,9.0,0.0,0,11
119,44,Olivier Panis,7,Toyota,10,2003,12,7,7.0,2.0,15.0,0.0,7.0,9.0,0.0,0,5
120,44,Olivier Panis,7,Toyota,11,2003,13,10,10.0,6.0,14.0,0.0,14.0,6.0,0.0,0,17
121,44,Olivier Panis,7,Toyota,14,2003,14,9,9.0,6.0,14.0,0.0,14.0,7.0,0.0,0,15
122,44,Olivier Panis,7,Toyota,19,2003,15,3,3.0,6.0,14.0,0.0,14.0,7.0,0.0,0,17
123,44,Olivier Panis,7,Toyota,22,2003,16,4,4.0,6.0,15.0,0.0,14.0,8.0,0.0,0,10
90,44,Olivier Panis,7,Toyota,1,2004,1,18,18.0,0.0,99.0,0.0,0.0,99.0,0.0,0,13
91,44,Olivier Panis,7,Toyota,2,2004,2,14,14.0,0.0,13.0,0.0,0.0,8.0,0.0,0,12
92,44,Olivier Panis,7,Toyota,3,2004,3,8,8.0,0.0,14.0,0.0,0.0,7.0,0.0,0,9
93,44,Olivier Panis,7,Toyota,21,2004,4,13,13.0,0.0,13.0,0.0,0.0,8.0,0.0,0,11
94,44,Olivier Panis,7,Toyota,4,2004,5,7,7.0,0.0,15.0,0.0,0.0,8.0,0.0,0,17
95,44,Olivier Panis,7,Toyota,6,2004,6,13,13.0,0.0,15.0,0.0,0.0,8.0,0.0,0,8
96,44,Olivier Panis,7,Toyota,20,2004,7,10,10.0,1.0,14.0,0.0,4.0,7.0,0.0,0,11
97,44,Olivier Panis,7,Toyota,7,2004,8,13,13.0,1.0,15.0,0.0,4.0,7.0,0.0,0,20
98,44,Olivier Panis,7,Toyota,19,2004,9,8,8.0,1.0,17.0,0.0,4.0,8.0,0.0,0,5
99,44,Olivier Panis,7,Toyota,8,2004,10,14,14.0,5.0,13.0,0.0,8.0,7.0,0.0,0,15
100,44,Olivier Panis,7,Toyota,9,2004,11,17,12.0,5.0,13.0,0.0,8.0,7.0,0.0,0,20
101,44,Olivier Panis,7,Toyota,10,2004,12,9,10.0,5.0,13.0,0.0,8.0,7.0,0.0,0,14
102,44,Olivier Panis,7,Toyota,11,2004,13,13,13.0,5.0,14.0,0.0,8.0,7.0,0.0,0,11
103,44,Olivier Panis,7,Toyota,13,2004,14,9,9.0,5.0,14.0,0.0,8.0,7.0,0.0,0,8
104,44,Olivier Panis,7,Toyota,14,2004,15,13,13.0,6.0,14.0,0.0,9.0,8.0,0.0,0,20
105,44,Olivier Panis,7,Toyota,17,2004,16,8,8.0,6.0,14.0,0.0,9.0,8.0,0.0,0,14
106,44,Olivier Panis,7,Toyota,22,2004,17,10,10.0,6.0,14.0,0.0,9.0,8.0,0.0,0,14
90,45,Giorgio Pantano,17,Jordan,1,2004,1,16,16.0,0.0,99.0,0.0,0.0,99.0,0.0,0,14
91,45,Giorgio Pantano,17,Jordan,2,2004,2,18,18.0,0.0,14.0,0.0,0.0,9.0,0.0,0,13
92,45,Giorgio Pantano,17,Jordan,3,2004,3,15,16.0,0.0,15.0,0.0,0.0,9.0,0.0,0,16
93,45,Giorgio Pantano,17,Jordan,21,2004,4,15,15.0,0.0,16.0,0.0,0.0,9.0,0.0,0,20
94,45,Giorgio Pantano,17,Jordan,4,2004,5,19,19.0,0.0,17.0,0.0,0.0,9.0,0.0,0,14
95,45,Giorgio Pantano,17,Jordan,6,2004,6,18,18.0,0.0,17.0,0.0,0.0,9.0,0.0,0,15
96,45,Giorgio Pantano,17,Jordan,20,2004,7,15,15.0,0.0,19.0,0.0,2.0,8.0,0.0,0,13
98,45,Giorgio Pantano,17,Jordan,19,2004,9,17,17.0,0.0,19.0,0.0,5.0,7.0,0.0,0,19
99,45,Giorgio Pantano,17,Jordan,8,2004,10,18,18.0,0.0,20.0,0.0,5.0,8.0,0.0,0,17
100,45,Giorgio Pantano,17,Jordan,9,2004,11,14,16.0,0.0,21.0,0.0,5.0,8.0,0.0,0,17
101,45,Giorgio Pantano,17,Jordan,10,2004,12,17,17.0,0.0,21.0,0.0,5.0,8.0,0.0,0,15
102,45,Giorgio Pantano,17,Jordan,11,2004,13,17,17.0,0.0,22.0,0.0,5.0,9.0,0.0,0,16
103,45,Giorgio Pantano,17,Jordan,13,2004,14,19,19.0,0.0,22.0,0.0,5.0,9.0,0.0,0,20
104,45,Giorgio Pantano,17,Jordan,14,2004,15,17,18.0,0.0,23.0,0.0,5.0,9.0,0.0,0,17
90,46,Gianmaria Bruni,18,Minardi,1,2004,1,20,20.0,0.0,99.0,0.0,0.0,99.0,0.0,0,17
91,46,Gianmaria Bruni,18,Minardi,2,2004,2,16,16.0,0.0,99.0,0.0,0.0,99.0,0.0,0,14
92,46,Gianmaria Bruni,18,Minardi,3,2004,3,17,18.0,0.0,16.0,0.0,0.0,10.0,0.0,0,17
93,46,Gianmaria Bruni,18,Minardi,21,2004,4,17,17.0,0.0,17.0,0.0,0.0,10.0,0.0,0,19
94,46,Gianmaria Bruni,18,Minardi,4,2004,5,18,18.0,0.0,18.0,0.0,0.0,10.0,0.0,0,19
95,46,Gianmaria Bruni,18,Minardi,6,2004,6,20,20.0,0.0,18.0,0.0,0.0,10.0,0.0,0,14
96,46,Gianmaria Bruni,18,Minardi,20,2004,7,20,20.0,0.0,20.0,0.0,0.0,10.0,0.0,0,14
97,46,Gianmaria Bruni,18,Minardi,7,2004,8,19,20.0,0.0,20.0,0.0,0.0,10.0,0.0,0,14
98,46,Gianmaria Bruni,18,Minardi,19,2004,9,18,18.0,0.0,21.0,0.0,0.0,10.0,0.0,0,20
99,46,Gianmaria Bruni,18,Minardi,8,2004,10,19,19.0,0.0,21.0,0.0,1.0,10.0,0.0,0,18
100,46,Gianmaria Bruni,18,Minardi,9,2004,11,18,18.0,0.0,22.0,0.0,1.0,10.0,0.0,0,16
101,46,Gianmaria Bruni,18,Minardi,10,2004,12,19,19.0,0.0,22.0,0.0,1.0,10.0,0.0,0,17
102,46,Gianmaria Bruni,18,Minardi,11,2004,13,19,19.0,0.0,23.0,0.0,1.0,10.0,0.0,0,14
103,46,Gianmaria Bruni,18,Minardi,13,2004,14,17,17.0,0.0,23.0,0.0,1.0,10.0,0.0,0,19
104,46,Gianmaria Bruni,18,Minardi,14,2004,15,18,20.0,0.0,24.0,0.0,1.0,10.0,0.0,0,18
105,46,Gianmaria Bruni,18,Minardi,17,2004,16,17,19.0,0.0,24.0,0.0,1.0,10.0,0.0,0,17
106,46,Gianmaria Bruni,18,Minardi,22,2004,17,18,18.0,0.0,25.0,0.0,1.0,10.0,0.0,0,16
107,46,Gianmaria Bruni,18,Minardi,18,2004,18,20,20.0,0.0,25.0,0.0,1.0,10.0,0.0,0,17
120,47,Zsolt Baumgartner,17,Jordan,11,2003,13,19,19.0,0.0,99.0,0.0,11.0,8.0,1.0,0,16
121,47,Zsolt Baumgartner,17,Jordan,14,2003,14,18,18.0,0.0,99.0,0.0,11.0,8.0,1.0,0,11
90,47,Zsolt Baumgartner,18,Minardi,1,2004,1,17,17.0,0.0,99.0,0.0,0.0,99.0,0.0,0,19
91,47,Zsolt Baumgartner,18,Minardi,2,2004,2,17,17.0,0.0,99.0,0.0,0.0,99.0,0.0,0,16
92,47,Zsolt Baumgartner,18,Minardi,3,2004,3,20,19.0,0.0,17.0,0.0,0.0,10.0,0.0,0,19
93,47,Zsolt Baumgartner,18,Minardi,21,2004,4,19,18.0,0.0,19.0,0.0,0.0,10.0,0.0,0,15
94,47,Zsolt Baumgartner,18,Minardi,4,2004,5,20,20.0,0.0,19.0,0.0,0.0,10.0,0.0,0,20
95,47,Zsolt Baumgartner,18,Minardi,6,2004,6,19,19.0,0.0,19.0,0.0,0.0,10.0,0.0,0,9
96,47,Zsolt Baumgartner,18,Minardi,20,2004,7,17,17.0,0.0,17.0,0.0,0.0,10.0,0.0,0,15
97,47,Zsolt Baumgartner,18,Minardi,7,2004,8,18,18.0,0.0,17.0,0.0,0.0,10.0,0.0,0,10
98,47,Zsolt Baumgartner,18,Minardi,19,2004,9,19,19.0,0.0,19.0,0.0,0.0,10.0,0.0,0,8
99,47,Zsolt Baumgartner,18,Minardi,8,2004,10,20,20.0,1.0,18.0,0.0,1.0,10.0,0.0,0,19
100,47,Zsolt Baumgartner,18,Minardi,9,2004,11,19,19.0,1.0,18.0,0.0,1.0,10.0,0.0,0,19
101,47,Zsolt Baumgartner,18,Minardi,10,2004,12,20,20.0,1.0,18.0,0.0,1.0,10.0,0.0,0,16
102,47,Zsolt Baumgartner,18,Minardi,11,2004,13,18,18.0,1.0,19.0,0.0,1.0,10.0,0.0,0,15
103,47,Zsolt Baumgartner,18,Minardi,13,2004,14,18,18.0,1.0,19.0,0.0,1.0,10.0,0.0,0,15
104,47,Zsolt Baumgartner,18,Minardi,14,2004,15,19,19.0,1.0,20.0,0.0,1.0,10.0,0.0,0,15
105,47,Zsolt Baumgartner,18,Minardi,17,2004,16,19,18.0,1.0,20.0,0.0,1.0,10.0,0.0,0,16
106,47,Zsolt Baumgartner,18,Minardi,22,2004,17,20,19.0,1.0,20.0,0.0,1.0,10.0,0.0,0,17
107,47,Zsolt Baumgartner,18,Minardi,18,2004,18,19,19.0,1.0,20.0,0.0,1.0,10.0,0.0,0,16
175,48,Marc Gené,18,Minardi,1,1999,1,22,22.0,0.0,99.0,0.0,0.0,99.0,0.0,0,13
176,48,Marc Gené,18,Minardi,18,1999,2,20,20.0,0.0,99.0,0.0,0.0,99.0,0.0,0,9
177,48,Marc Gené,18,Minardi,21,1999,3,21,21.0,0.0,12.0,0.0,0.0,9.0,0.0,0,9
158,48,Marc Gené,18,Minardi,1,2000,1,18,18.0,0.0,99.0,0.0,0.0,99.0,0.0,0,8
160,48,Marc Gené,18,Minardi,21,2000,3,21,21.0,0.0,13.0,0.0,0.0,7.0,0.0,0,21
161,48,Marc Gené,18,Minardi,9,2000,4,21,21.0,0.0,18.0,0.0,0.0,10.0,0.0,0,14
173,48,Marc Gené,18,Minardi,22,2000,16,21,21.0,0.0,19.0,0.0,0.0,10.0,0.0,0,16
121,48,Marc Gené,3,Williams,14,2003,14,5,5.0,0.0,99.0,0.0,129.0,1.0,4.0,0,5
99,48,Marc Gené,3,Williams,8,2004,10,8,8.0,0.0,99.0,0.0,36.0,4.0,0.0,0,10
100,48,Marc Gené,3,Williams,9,2004,11,11,13.0,0.0,20.0,0.0,37.0,4.0,0.0,0,12
257,49,Heinz-Harald Frentzen,15,Sauber,18,1994,1,5,5.0,0.0,99.0,0.0,0.0,99.0,0.0,0,20
258,49,Heinz-Harald Frentzen,15,Sauber,28,1994,2,11,11.0,0.0,20.0,0.0,1.0,6.0,0.0,0,5
259,49,Heinz-Harald Frentzen,15,Sauber,21,1994,3,7,7.0,2.0,7.0,0.0,3.0,6.0,0.0,0,7
261,49,Heinz-Harald Frentzen,15,Sauber,4,1994,5,12,12.0,2.0,13.0,0.0,6.0,6.0,0.0,0,21
262,49,Heinz-Harald Frentzen,15,Sauber,7,1994,6,10,10.0,2.0,14.0,0.0,6.0,7.0,0.0,0,25
263,49,Heinz-Harald Frentzen,15,Sauber,8,1994,7,10,10.0,2.0,14.0,0.0,6.0,7.0,0.0,0,4
264,49,Heinz-Harald Frentzen,15,Sauber,9,1994,8,13,13.0,5.0,8.0,0.0,10.0,6.0,0.0,0,7
265,49,Heinz-Harald Frentzen,15,Sauber,10,1994,9,9,9.0,5.0,9.0,0.0,10.0,6.0,0.0,0,19
266,49,Heinz-Harald Frentzen,15,Sauber,11,1994,10,8,8.0,5.0,11.0,0.0,10.0,7.0,0.0,0,18
267,49,Heinz-Harald Frentzen,15,Sauber,13,1994,11,9,9.0,5.0,12.0,0.0,10.0,8.0,0.0,0,24
268,49,Heinz-Harald Frentzen,15,Sauber,14,1994,12,11,11.0,5.0,14.0,0.0,10.0,8.0,0.0,0,18
269,49,Heinz-Harald Frentzen,15,Sauber,27,1994,13,9,9.0,5.0,14.0,0.0,10.0,8.0,0.0,0,23
270,49,Heinz-Harald Frentzen,15,Sauber,26,1994,14,4,4.0,5.0,14.0,0.0,10.0,8.0,0.0,0,6
271,49,Heinz-Harald Frentzen,15,Sauber,22,1994,15,3,3.0,6.0,14.0,0.0,11.0,8.0,0.0,0,6
272,49,Heinz-Harald Frentzen,15,Sauber,29,1994,16,10,10.0,7.0,12.0,0.0,12.0,7.0,0.0,0,7
240,49,Heinz-Harald Frentzen,15,Sauber,18,1995,1,14,14.0,0.0,99.0,0.0,0.0,99.0,0.0,0,24
241,49,Heinz-Harald Frentzen,15,Sauber,25,1995,2,9,9.0,0.0,99.0,0.0,0.0,99.0,0.0,0,5
242,49,Heinz-Harald Frentzen,15,Sauber,21,1995,3,14,14.0,2.0,8.0,0.0,2.0,5.0,0.0,0,6
243,49,Heinz-Harald Frentzen,15,Sauber,4,1995,4,12,12.0,3.0,8.0,0.0,3.0,5.0,0.0,0,8
244,49,Heinz-Harald Frentzen,15,Sauber,6,1995,5,14,14.0,3.0,8.0,0.0,3.0,5.0,0.0,0,6
245,49,Heinz-Harald Frentzen,15,Sauber,7,1995,6,12,12.0,4.0,8.0,0.0,4.0,5.0,0.0,0,18
246,49,Heinz-Harald Frentzen,15,Sauber,8,1995,7,12,12.0,4.0,11.0,0.0,4.0,7.0,0.0,0,10
247,49,Heinz-Harald Frentzen,15,Sauber,9,1995,8,12,12.0,4.0,11.0,0.0,4.0,7.0,0.0,0,6
248,49,Heinz-Harald Frentzen,15,Sauber,10,1995,9,11,11.0,5.0,12.0,0.0,5.0,7.0,0.0,0,11
249,49,Heinz-Harald Frentzen,15,Sauber,11,1995,10,11,11.0,5.0,12.0,0.0,7.0,7.0,0.0,0,5
250,49,Heinz-Harald Frentzen,15,Sauber,13,1995,11,10,10.0,7.0,9.0,0.0,9.0,7.0,0.0,0,4
251,49,Heinz-Harald Frentzen,15,Sauber,14,1995,12,10,10.0,10.0,7.0,0.0,12.0,7.0,0.0,1,3
252,49,Heinz-Harald Frentzen,15,Sauber,27,1995,13,5,5.0,14.0,7.0,0.0,17.0,5.0,0.0,0,6
253,49,Heinz-Harald Frentzen,15,Sauber,20,1995,14,8,8.0,15.0,7.0,0.0,18.0,5.0,0.0,0,21
254,49,Heinz-Harald Frentzen,15,Sauber,28,1995,15,8,8.0,15.0,7.0,0.0,18.0,6.0,0.0,0,7
255,49,Heinz-Harald Frentzen,15,Sauber,22,1995,16,8,8.0,15.0,7.0,0.0,18.0,6.0,0.0,0,8
256,49,Heinz-Harald Frentzen,15,Sauber,29,1995,17,6,6.0,15.0,8.0,0.0,18.0,7.0,0.0,0,12
224,49,Heinz-Harald Frentzen,15,Sauber,1,1996,1,9,9.0,0.0,99.0,0.0,0.0,99.0,0.0,0,8
225,49,Heinz-Harald Frentzen,15,Sauber,18,1996,2,9,9.0,0.0,8.0,0.0,0.0,7.0,0.0,0,14
226,49,Heinz-Harald Frentzen,15,Sauber,25,1996,3,11,11.0,0.0,11.0,0.0,0.0,7.0,0.0,0,17
227,49,Heinz-Harald Frentzen,15,Sauber,20,1996,4,10,10.0,0.0,14.0,0.0,0.0,9.0,0.0,0,16
228,49,Heinz-Harald Frentzen,15,Sauber,21,1996,5,10,10.0,0.0,16.0,0.0,0.0,9.0,0.0,0,18
229,49,Heinz-Harald Frentzen,15,Sauber,6,1996,6,9,9.0,0.0,16.0,0.0,0.0,9.0,0.0,0,4
230,49,Heinz-Harald Frentzen,15,Sauber,4,1996,7,11,11.0,3.0,13.0,0.0,7.0,7.0,0.0,0,4
207,49,Heinz-Harald Frentzen,3,Williams,1,1997,1,2,2.0,0.0,99.0,0.0,0.0,99.0,0.0,0,8
208,49,Heinz-Harald Frentzen,3,Williams,18,1997,2,8,8.0,0.0,8.0,0.0,0.0,6.0,0.0,0,9
209,49,Heinz-Harald Frentzen,3,Williams,25,1997,3,2,2.0,0.0,11.0,0.0,10.0,2.0,1.0,0,20
210,49,Heinz-Harald Frentzen,3,Williams,21,1997,4,2,2.0,0.0,13.0,0.0,20.0,1.0,2.0,1,1
211,49,Heinz-Harald Frentzen,3,Williams,6,1997,5,1,1.0,10.0,3.0,1.0,30.0,1.0,3.0,0,11
212,49,Heinz-Harald Frentzen,3,Williams,4,1997,6,2,2.0,10.0,4.0,1.0,30.0,2.0,3.0,0,8
213,49,Heinz-Harald Frentzen,3,Williams,7,1997,7,4,4.0,10.0,6.0,1.0,40.0,2.0,4.0,0,4
214,49,Heinz-Harald Frentzen,3,Williams,8,1997,8,2,2.0,13.0,5.0,1.0,43.0,2.0,4.0,1,2
215,49,Heinz-Harald Frentzen,3,Williams,9,1997,9,2,2.0,19.0,3.0,1.0,52.0,2.0,4.0,0,21
216,49,Heinz-Harald Frentzen,3,Williams,10,1997,10,5,5.0,19.0,4.0,1.0,62.0,2.0,5.0,0,20
191,49,Heinz-Harald Frentzen,3,Williams,1,1998,1,6,6.0,0.0,99.0,0.0,0.0,99.0,0.0,1,3
192,49,Heinz-Harald Frentzen,3,Williams,18,1998,2,3,3.0,4.0,3.0,0.0,6.0,2.0,0.0,0,5
193,49,Heinz-Harald Frentzen,3,Williams,25,1998,3,6,6.0,6.0,3.0,0.0,8.0,2.0,0.0,0,9
199,49,Heinz-Harald Frentzen,3,Williams,9,1998,9,6,6.0,8.0,8.0,0.0,19.0,4.0,0.0,0,21
200,49,Heinz-Harald Frentzen,3,Williams,70,1998,10,7,7.0,8.0,8.0,0.0,19.0,4.0,0.0,0,17
201,49,Heinz-Harald Frentzen,3,Williams,10,1998,11,10,10.0,8.0,8.0,0.0,20.0,4.0,0.0,0,9
203,49,Heinz-Harald Frentzen,3,Williams,13,1998,13,9,9.0,10.0,8.0,0.0,30.0,4.0,0.0,0,4
175,49,Heinz-Harald Frentzen,17,Jordan,1,1999,1,5,5.0,0.0,99.0,0.0,0.0,99.0,0.0,1,2
176,49,Heinz-Harald Frentzen,17,Jordan,18,1999,2,8,8.0,6.0,2.0,0.0,6.0,2.0,0.0,1,3
177,49,Heinz-Harald Frentzen,17,Jordan,21,1999,3,7,7.0,10.0,3.0,0.0,10.0,3.0,0.0,0,15
158,49,Heinz-Harald Frentzen,17,Jordan,1,2000,1,5,5.0,0.0,99.0,0.0,0.0,99.0,0.0,0,14
160,49,Heinz-Harald Frentzen,17,Jordan,21,2000,3,6,6.0,4.0,5.0,0.0,7.0,3.0,0.0,0,22
161,49,Heinz-Harald Frentzen,17,Jordan,9,2000,4,2,2.0,4.0,8.0,0.0,7.0,4.0,0.0,0,17
173,49,Heinz-Harald Frentzen,17,Jordan,22,2000,16,8,8.0,11.0,8.0,0.0,17.0,5.0,0.0,0,20
156,49,Heinz-Harald Frentzen,20,Prost,19,2001,16,15,15.0,6.0,12.0,0.0,4.0,9.0,0.0,0,10
125,49,Heinz-Harald Frentzen,21,Arrows,2,2002,2,11,11.0,0.0,99.0,0.0,0.0,99.0,0.0,0,11
108,49,Heinz-Harald Frentzen,15,Sauber,1,2003,1,4,4.0,0.0,99.0,0.0,0.0,99.0,0.0,0,6
109,49,Heinz-Harald Frentzen,15,Sauber,2,2003,2,13,13.0,3.0,6.0,0.0,3.0,5.0,0.0,0,9
110,49,Heinz-Harald Frentzen,15,Sauber,18,2003,3,14,14.0,3.0,9.0,0.0,4.0,5.0,0.0,0,5
111,49,Heinz-Harald Frentzen,15,Sauber,21,2003,4,14,14.0,7.0,10.0,0.0,8.0,6.0,0.0,0,11
112,49,Heinz-Harald Frentzen,15,Sauber,4,2003,5,10,10.0,7.0,10.0,0.0,8.0,6.0,0.0,0,15
113,49,Heinz-Harald Frentzen,15,Sauber,70,2003,6,15,15.0,7.0,10.0,0.0,8.0,6.0,0.0,0,20
114,49,Heinz-Harald Frentzen,15,Sauber,6,2003,7,15,15.0,7.0,11.0,0.0,8.0,7.0,0.0,0,19
115,49,Heinz-Harald Frentzen,15,Sauber,7,2003,8,10,10.0,7.0,11.0,0.0,8.0,7.0,0.0,0,20
116,49,Heinz-Harald Frentzen,15,Sauber,20,2003,9,15,15.0,7.0,11.0,0.0,8.0,7.0,0.0,0,9
117,49,Heinz-Harald Frentzen,15,Sauber,8,2003,10,16,16.0,7.0,12.0,0.0,9.0,7.0,0.0,0,12
118,49,Heinz-Harald Frentzen,15,Sauber,9,2003,11,14,14.0,7.0,12.0,0.0,9.0,8.0,0.0,0,12
119,49,Heinz-Harald Frentzen,15,Sauber,10,2003,12,14,14.0,7.0,12.0,0.0,9.0,8.0,0.0,0,17
120,49,Heinz-Harald Frentzen,15,Sauber,11,2003,13,17,17.0,7.0,13.0,0.0,9.0,9.0,0.0,0,14
121,49,Heinz-Harald Frentzen,15,Sauber,14,2003,14,14,14.0,7.0,13.0,0.0,9.0,9.0,0.0,0,13
122,49,Heinz-Harald Frentzen,15,Sauber,19,2003,15,15,15.0,7.0,13.0,0.0,9.0,9.0,0.0,1,3
123,49,Heinz-Harald Frentzen,15,Sauber,22,2003,16,12,12.0,13.0,10.0,0.0,19.0,5.0,0.0,0,19
257,50,Jos Verstappen,22,Benetton,18,1994,1,9,9.0,0.0,99.0,0.0,0.0,99.0,0.0,0,16
258,50,Jos Verstappen,22,Benetton,28,1994,2,10,10.0,0.0,16.0,0.0,10.0,1.0,1.0,0,17
263,50,Jos Verstappen,22,Benetton,8,1994,7,8,8.0,0.0,23.0,0.0,57.0,1.0,5.0,0,23
264,50,Jos Verstappen,22,Benetton,9,1994,8,10,10.0,0.0,35.0,0.0,67.0,1.0,6.0,0,8
265,50,Jos Verstappen,22,Benetton,10,1994,9,19,19.0,0.0,26.0,0.0,67.0,1.0,6.0,0,14
266,50,Jos Verstappen,22,Benetton,11,1994,10,12,12.0,0.0,27.0,0.0,67.0,1.0,6.0,1,3
267,50,Jos Verstappen,22,Benetton,13,1994,11,6,6.0,4.0,15.0,0.0,81.0,1.0,7.0,1,3
268,50,Jos Verstappen,22,Benetton,14,1994,12,10,10.0,8.0,8.0,0.0,85.0,1.0,7.0,0,24
269,50,Jos Verstappen,22,Benetton,27,1994,13,10,10.0,8.0,8.0,0.0,85.0,1.0,7.0,0,5
270,50,Jos Verstappen,22,Benetton,26,1994,14,12,12.0,10.0,9.0,0.0,87.0,2.0,7.0,0,24
240,50,Jos Verstappen,31,Simtek,18,1995,1,24,24.0,0.0,99.0,0.0,0.0,99.0,0.0,0,20
241,50,Jos Verstappen,31,Simtek,25,1995,2,14,14.0,0.0,99.0,0.0,0.0,99.0,0.0,0,18
242,50,Jos Verstappen,31,Simtek,21,1995,3,17,17.0,0.0,99.0,0.0,0.0,9.0,0.0,0,24
243,50,Jos Verstappen,31,Simtek,4,1995,4,16,16.0,0.0,99.0,0.0,0.0,10.0,0.0,0,12
244,50,Jos Verstappen,31,Simtek,6,1995,5,23,23.0,0.0,23.0,0.0,0.0,9.0,0.0,0,25
224,50,Jos Verstappen,29,Footwork,1,1996,1,12,12.0,0.0,99.0,0.0,0.0,99.0,0.0,0,17
225,50,Jos Verstappen,29,Footwork,18,1996,2,13,13.0,0.0,99.0,0.0,0.0,8.0,0.0,0,21
226,50,Jos Verstappen,29,Footwork,25,1996,3,7,7.0,0.0,99.0,0.0,0.0,8.0,0.0,0,6
227,50,Jos Verstappen,29,Footwork,20,1996,4,13,13.0,1.0,11.0,0.0,1.0,8.0,0.0,0,17
228,50,Jos Verstappen,29,Footwork,21,1996,5,14,14.0,1.0,13.0,0.0,1.0,8.0,0.0,0,16
229,50,Jos Verstappen,29,Footwork,6,1996,6,12,12.0,1.0,13.0,0.0,1.0,8.0,0.0,0,21
230,50,Jos Verstappen,29,Footwork,4,1996,7,13,13.0,1.0,15.0,0.0,1.0,9.0,0.0,0,7
207,50,Jos Verstappen,25,Tyrrell,1,1997,1,21,21.0,0.0,99.0,0.0,0.0,99.0,0.0,0,17
208,50,Jos Verstappen,25,Tyrrell,18,1997,2,21,21.0,0.0,99.0,0.0,0.0,99.0,0.0,0,15
209,50,Jos Verstappen,25,Tyrrell,25,1997,3,16,16.0,0.0,16.0,0.0,0.0,10.0,0.0,0,14
210,50,Jos Verstappen,25,Tyrrell,21,1997,4,21,21.0,0.0,19.0,0.0,0.0,8.0,0.0,0,10
211,50,Jos Verstappen,25,Tyrrell,6,1997,5,22,22.0,0.0,17.0,0.0,0.0,8.0,0.0,0,8
212,50,Jos Verstappen,25,Tyrrell,4,1997,6,19,19.0,0.0,18.0,0.0,2.0,9.0,0.0,0,11
213,50,Jos Verstappen,25,Tyrrell,7,1997,7,14,14.0,0.0,18.0,0.0,2.0,9.0,0.0,0,13
214,50,Jos Verstappen,25,Tyrrell,8,1997,8,18,18.0,0.0,18.0,0.0,2.0,9.0,0.0,0,20
215,50,Jos Verstappen,25,Tyrrell,9,1997,9,20,19.0,0.0,18.0,0.0,2.0,9.0,0.0,0,14
216,50,Jos Verstappen,25,Tyrrell,10,1997,10,20,20.0,0.0,21.0,0.0,2.0,9.0,0.0,0,10
199,50,Jos Verstappen,24,Stewart,9,1998,9,15,15.0,0.0,23.0,0.0,5.0,5.0,0.0,0,14
200,50,Jos Verstappen,24,Stewart,70,1998,10,12,12.0,0.0,23.0,0.0,5.0,5.0,0.0,0,13
201,50,Jos Verstappen,24,Stewart,10,1998,11,19,19.0,0.0,23.0,0.0,5.0,5.0,0.0,0,20
203,50,Jos Verstappen,24,Stewart,13,1998,13,17,17.0,0.0,23.0,0.0,5.0,6.0,0.0,0,15
158,50,Jos Verstappen,21,Arrows,1,2000,1,13,13.0,0.0,99.0,0.0,0.0,99.0,0.0,0,18
160,50,Jos Verstappen,21,Arrows,21,2000,3,16,16.0,0.0,10.0,0.0,0.0,6.0,0.0,0,14
161,50,Jos Verstappen,21,Arrows,9,2000,4,8,8.0,0.0,14.0,0.0,0.0,8.0,0.0,0,22
173,50,Jos Verstappen,21,Arrows,22,2000,16,14,14.0,5.0,12.0,0.0,7.0,7.0,0.0,0,22
156,50,Jos Verstappen,21,Arrows,19,2001,16,20,20.0,1.0,18.0,0.0,1.0,10.0,0.0,0,17
108,50,Jos Verstappen,18,Minardi,1,2003,1,20,20.0,0.0,99.0,0.0,0.0,99.0,0.0,0,11
109,50,Jos Verstappen,18,Minardi,2,2003,2,18,18.0,0.0,11.0,0.0,0.0,7.0,0.0,0,13
110,50,Jos Verstappen,18,Minardi,18,2003,3,19,19.0,0.0,14.0,0.0,0.0,8.0,0.0,0,13
111,50,Jos Verstappen,18,Minardi,21,2003,4,20,20.0,0.0,17.0,0.0,0.0,10.0,0.0,0,18
112,50,Jos Verstappen,18,Minardi,4,2003,5,19,19.0,0.0,18.0,0.0,0.0,10.0,0.0,0,12
113,50,Jos Verstappen,18,Minardi,70,2003,6,20,20.0,0.0,18.0,0.0,0.0,10.0,0.0,0,19
114,50,Jos Verstappen,18,Minardi,6,2003,7,18,18.0,0.0,19.0,0.0,0.0,10.0,0.0,0,16
115,50,Jos Verstappen,18,Minardi,7,2003,8,15,15.0,0.0,19.0,0.0,0.0,10.0,0.0,0,9
116,50,Jos Verstappen,18,Minardi,20,2003,9,18,18.0,0.0,19.0,0.0,0.0,10.0,0.0,0,14
117,50,Jos Verstappen,18,Minardi,8,2003,10,19,19.0,0.0,19.0,0.0,0.0,10.0,0.0,0,16
118,50,Jos Verstappen,18,Minardi,9,2003,11,19,19.0,0.0,19.0,0.0,0.0,10.0,0.0,0,15
119,50,Jos Verstappen,18,Minardi,10,2003,12,19,19.0,0.0,19.0,0.0,0.0,10.0,0.0,0,14
120,50,Jos Verstappen,18,Minardi,11,2003,13,18,18.0,0.0,19.0,0.0,0.0,10.0,0.0,0,12
121,50,Jos Verstappen,18,Minardi,14,2003,14,17,17.0,0.0,19.0,0.0,0.0,10.0,0.0,0,16
122,50,Jos Verstappen,18,Minardi,19,2003,15,19,19.0,0.0,20.0,0.0,0.0,10.0,0.0,0,10
123,50,Jos Verstappen,18,Minardi,22,2003,16,17,17.0,0.0,21.0,0.0,0.0,10.0,0.0,0,15
108,51,Justin Wilson,18,Minardi,1,2003,1,19,19.0,0.0,99.0,0.0,0.0,99.0,0.0,0,16
109,51,Justin Wilson,18,Minardi,2,2003,2,19,19.0,0.0,99.0,0.0,0.0,7.0,0.0,0,15
110,51,Justin Wilson,18,Minardi,18,2003,3,20,20.0,0.0,99.0,0.0,0.0,8.0,0.0,0,19
111,51,Justin Wilson,18,Minardi,21,2003,4,18,18.0,0.0,99.0,0.0,0.0,10.0,0.0,0,19
112,51,Justin Wilson,18,Minardi,4,2003,5,18,18.0,0.0,99.0,0.0,0.0,10.0,0.0,0,11
113,51,Justin Wilson,18,Minardi,70,2003,6,18,18.0,0.0,19.0,0.0,0.0,10.0,0.0,0,13
114,51,Justin Wilson,18,Minardi,6,2003,7,19,19.0,0.0,20.0,0.0,0.0,10.0,0.0,0,15
115,51,Justin Wilson,18,Minardi,7,2003,8,18,18.0,0.0,20.0,0.0,0.0,10.0,0.0,0,12
116,51,Justin Wilson,18,Minardi,20,2003,9,19,19.0,0.0,20.0,0.0,0.0,10.0,0.0,0,13
117,51,Justin Wilson,18,Minardi,8,2003,10,20,20.0,0.0,20.0,0.0,0.0,10.0,0.0,0,14
118,51,Justin Wilson,18,Minardi,9,2003,11,18,18.0,0.0,20.0,0.0,0.0,10.0,0.0,0,16
119,51,Justin Wilson,19,Jaguar,10,2003,12,16,16.0,0.0,20.0,0.0,12.0,6.0,0.0,0,15
120,51,Justin Wilson,19,Jaguar,11,2003,13,12,12.0,0.0,20.0,0.0,12.0,7.0,0.0,0,15
121,51,Justin Wilson,19,Jaguar,14,2003,14,15,15.0,0.0,20.0,0.0,15.0,6.0,0.0,0,19
122,51,Justin Wilson,19,Jaguar,19,2003,15,16,16.0,0.0,21.0,0.0,17.0,6.0,0.0,0,8
123,51,Justin Wilson,19,Jaguar,22,2003,16,10,10.0,1.0,19.0,0.0,18.0,7.0,0.0,0,13
108,52,Ralph Firman,17,Jordan,1,2003,1,17,17.0,0.0,99.0,0.0,0.0,99.0,0.0,0,19
109,52,Ralph Firman,17,Jordan,2,2003,2,20,20.0,0.0,99.0,0.0,0.0,99.0,0.0,0,10
110,52,Ralph Firman,17,Jordan,18,2003,3,16,16.0,0.0,13.0,0.0,0.0,7.0,0.0,0,18
111,52,Ralph Firman,17,Jordan,21,2003,4,19,19.0,0.0,16.0,0.0,10.0,5.0,1.0,0,17
112,52,Ralph Firman,17,Jordan,4,2003,5,15,15.0,0.0,17.0,0.0,10.0,5.0,1.0,0,8
113,52,Ralph Firman,17,Jordan,70,2003,6,16,16.0,1.0,16.0,0.0,11.0,5.0,1.0,0,11
114,52,Ralph Firman,17,Jordan,6,2003,7,16,16.0,1.0,16.0,0.0,11.0,5.0,1.0,0,12
115,52,Ralph Firman,17,Jordan,7,2003,8,19,19.0,1.0,16.0,0.0,11.0,5.0,1.0,0,18
116,52,Ralph Firman,17,Jordan,20,2003,9,14,14.0,1.0,17.0,0.0,11.0,5.0,1.0,0,11
117,52,Ralph Firman,17,Jordan,8,2003,10,18,18.0,1.0,17.0,0.0,11.0,6.0,1.0,0,15
118,52,Ralph Firman,17,Jordan,9,2003,11,17,17.0,1.0,17.0,0.0,11.0,7.0,1.0,0,13
119,52,Ralph Firman,17,Jordan,10,2003,12,18,18.0,1.0,17.0,0.0,11.0,7.0,1.0,0,20
122,52,Ralph Firman,17,Jordan,19,2003,15,18,18.0,1.0,17.0,0.0,11.0,8.0,1.0,0,13
123,52,Ralph Firman,17,Jordan,22,2003,16,15,15.0,1.0,18.0,0.0,13.0,9.0,1.0,0,14
119,53,Nicolas Kiesa,18,Minardi,10,2003,12,20,20.0,0.0,99.0,0.0,0.0,10.0,0.0,0,12
120,53,Nicolas Kiesa,18,Minardi,11,2003,13,20,20.0,0.0,21.0,0.0,0.0,10.0,0.0,0,13
121,53,Nicolas Kiesa,18,Minardi,14,2003,14,19,19.0,0.0,21.0,0.0,0.0,10.0,0.0,0,12
122,53,Nicolas Kiesa,18,Minardi,19,2003,15,20,20.0,0.0,23.0,0.0,0.0,10.0,0.0,0,11
123,53,Nicolas Kiesa,18,Minardi,22,2003,16,18,18.0,0.0,22.0,0.0,0.0,10.0,0.0,0,16
257,55,Jean Alesi,6,Ferrari,18,1994,1,3,3.0,0.0,99.0,0.0,0.0,99.0,0.0,1,3
261,55,Jean Alesi,6,Ferrari,4,1994,5,6,6.0,6.0,7.0,0.0,22.0,2.0,0.0,0,4
262,55,Jean Alesi,6,Ferrari,7,1994,6,2,2.0,9.0,4.0,0.0,25.0,2.0,0.0,1,3
263,55,Jean Alesi,6,Ferrari,8,1994,7,4,4.0,13.0,4.0,0.0,32.0,2.0,0.0,0,15
264,55,Jean Alesi,6,Ferrari,9,1994,8,4,4.0,13.0,4.0,0.0,36.0,2.0,0.0,1,2
265,55,Jean Alesi,6,Ferrari,10,1994,9,2,2.0,19.0,3.0,0.0,42.0,3.0,0.0,0,16
266,55,Jean Alesi,6,Ferrari,11,1994,10,13,13.0,19.0,4.0,0.0,52.0,2.0,1.0,0,16
267,55,Jean Alesi,6,Ferrari,13,1994,11,5,5.0,19.0,4.0,0.0,52.0,2.0,1.0,0,26
268,55,Jean Alesi,6,Ferrari,14,1994,12,1,1.0,19.0,4.0,0.0,52.0,3.0,1.0,0,22
269,55,Jean Alesi,6,Ferrari,27,1994,13,5,5.0,19.0,4.0,0.0,58.0,3.0,1.0,0,21
270,55,Jean Alesi,6,Ferrari,26,1994,14,16,16.0,19.0,5.0,0.0,58.0,3.0,1.0,0,10
271,55,Jean Alesi,6,Ferrari,22,1994,15,7,7.0,19.0,5.0,0.0,60.0,3.0,1.0,1,3
272,55,Jean Alesi,6,Ferrari,29,1994,16,8,8.0,23.0,5.0,0.0,64.0,3.0,1.0,0,6
240,55,Jean Alesi,6,Ferrari,18,1995,1,6,6.0,0.0,99.0,0.0,0.0,99.0,0.0,0,5
241,55,Jean Alesi,6,Ferrari,25,1995,2,6,6.0,2.0,5.0,0.0,6.0,3.0,0.0,1,2
242,55,Jean Alesi,6,Ferrari,21,1995,3,5,5.0,8.0,3.0,0.0,13.0,3.0,0.0,1,2
243,55,Jean Alesi,6,Ferrari,4,1995,4,2,2.0,14.0,3.0,0.0,23.0,2.0,0.0,0,22
244,55,Jean Alesi,6,Ferrari,6,1995,5,5,5.0,14.0,3.0,0.0,27.0,3.0,0.0,0,16
245,55,Jean Alesi,6,Ferrari,7,1995,6,5,5.0,14.0,4.0,0.0,31.0,3.0,0.0,1,1
246,55,Jean Alesi,6,Ferrari,8,1995,7,4,4.0,24.0,3.0,1.0,41.0,2.0,1.0,0,5
247,55,Jean Alesi,6,Ferrari,9,1995,8,6,6.0,26.0,3.0,1.0,43.0,3.0,1.0,1,2
248,55,Jean Alesi,6,Ferrari,10,1995,9,10,10.0,32.0,3.0,1.0,49.0,3.0,1.0,0,18
249,55,Jean Alesi,6,Ferrari,11,1995,10,6,6.0,32.0,3.0,1.0,53.0,3.0,1.0,0,19
250,55,Jean Alesi,6,Ferrari,13,1995,11,2,2.0,32.0,3.0,1.0,57.0,3.0,1.0,0,23
251,55,Jean Alesi,6,Ferrari,14,1995,12,5,5.0,32.0,3.0,1.0,57.0,3.0,1.0,0,11
252,55,Jean Alesi,6,Ferrari,27,1995,13,7,7.0,32.0,4.0,1.0,57.0,3.0,1.0,0,5
253,55,Jean Alesi,6,Ferrari,20,1995,14,6,6.0,34.0,5.0,1.0,62.0,3.0,1.0,1,2
254,55,Jean Alesi,6,Ferrari,28,1995,15,4,4.0,40.0,5.0,1.0,68.0,3.0,1.0,0,5
255,55,Jean Alesi,6,Ferrari,22,1995,16,2,2.0,42.0,4.0,1.0,73.0,3.0,1.0,0,16
256,55,Jean Alesi,6,Ferrari,29,1995,17,5,5.0,42.0,5.0,1.0,73.0,3.0,1.0,0,16
224,55,Jean Alesi,22,Benetton,1,1996,1,6,6.0,0.0,99.0,0.0,0.0,99.0,0.0,0,18
225,55,Jean Alesi,22,Benetton,18,1996,2,5,5.0,0.0,99.0,0.0,3.0,3.0,0.0,1,2
226,55,Jean Alesi,22,Benetton,25,1996,3,4,4.0,6.0,2.0,0.0,9.0,2.0,0.0,1,3
227,55,Jean Alesi,22,Benetton,20,1996,4,4,4.0,10.0,3.0,0.0,13.0,2.0,0.0,0,20
228,55,Jean Alesi,22,Benetton,21,1996,5,5,5.0,10.0,3.0,0.0,13.0,3.0,0.0,0,6
229,55,Jean Alesi,22,Benetton,6,1996,6,3,3.0,11.0,4.0,0.0,18.0,3.0,0.0,0,9
230,55,Jean Alesi,22,Benetton,4,1996,7,4,4.0,11.0,5.0,0.0,18.0,3.0,0.0,1,2
207,55,Jean Alesi,22,Benetton,1,1997,1,8,8.0,0.0,99.0,0.0,0.0,99.0,0.0,0,14
208,55,Jean Alesi,22,Benetton,18,1997,2,6,6.0,0.0,99.0,0.0,3.0,3.0,0.0,0,6
209,55,Jean Alesi,22,Benetton,25,1997,3,11,11.0,1.0,8.0,0.0,10.0,3.0,0.0,0,7
210,55,Jean Alesi,22,Benetton,21,1997,4,14,14.0,1.0,10.0,0.0,11.0,4.0,0.0,0,5
211,55,Jean Alesi,22,Benetton,6,1997,5,9,9.0,3.0,12.0,0.0,13.0,4.0,0.0,0,14
212,55,Jean Alesi,22,Benetton,4,1997,6,4,4.0,3.0,13.0,0.0,13.0,4.0,0.0,1,3
213,55,Jean Alesi,22,Benetton,7,1997,7,8,8.0,7.0,9.0,0.0,17.0,4.0,0.0,1,2
214,55,Jean Alesi,22,Benetton,8,1997,8,8,8.0,13.0,6.0,0.0,23.0,3.0,0.0,0,5
215,55,Jean Alesi,22,Benetton,9,1997,9,11,11.0,15.0,6.0,0.0,25.0,3.0,0.0,1,2
216,55,Jean Alesi,22,Benetton,10,1997,10,6,6.0,21.0,3.0,0.0,35.0,3.0,0.0,0,6
191,55,Jean Alesi,15,Sauber,1,1998,1,12,12.0,0.0,99.0,0.0,0.0,99.0,0.0,0,11
192,55,Jean Alesi,15,Sauber,18,1998,2,15,15.0,0.0,99.0,0.0,1.0,4.0,0.0,0,9
193,55,Jean Alesi,15,Sauber,25,1998,3,11,11.0,0.0,11.0,0.0,1.0,5.0,0.0,0,5
199,55,Jean Alesi,15,Sauber,9,1998,9,8,8.0,3.0,11.0,0.0,4.0,7.0,0.0,0,10
200,55,Jean Alesi,15,Sauber,70,1998,10,2,2.0,3.0,11.0,0.0,4.0,7.0,0.0,0,16
201,55,Jean Alesi,15,Sauber,10,1998,11,11,11.0,3.0,11.0,0.0,4.0,7.0,0.0,0,10
203,55,Jean Alesi,15,Sauber,13,1998,13,10,10.0,3.0,13.0,0.0,4.0,8.0,0.0,1,3
175,55,Jean Alesi,15,Sauber,1,1999,1,16,16.0,0.0,99.0,0.0,0.0,99.0,0.0,0,21
176,55,Jean Alesi,15,Sauber,18,1999,2,14,14.0,0.0,99.0,0.0,0.0,99.0,0.0,0,17
177,55,Jean Alesi,15,Sauber,21,1999,3,13,13.0,0.0,99.0,0.0,0.0,99.0,0.0,0,6
158,55,Jean Alesi,20,Prost,1,2000,1,17,17.0,0.0,99.0,0.0,0.0,99.0,0.0,0,16
160,55,Jean Alesi,20,Prost,21,2000,3,15,15.0,0.0,99.0,0.0,0.0,8.0,0.0,0,18
161,55,Jean Alesi,20,Prost,9,2000,4,15,15.0,0.0,99.0,0.0,0.0,11.0,0.0,0,10
173,55,Jean Alesi,20,Prost,22,2000,16,17,17.0,0.0,22.0,0.0,0.0,11.0,0.0,0,21
156,55,Jean Alesi,17,Jordan,19,2001,16,9,9.0,5.0,14.0,0.0,16.0,6.0,0.0,0,7
257,56,Eddie Irvine,17,Jordan,18,1994,1,16,16.0,0.0,99.0,0.0,0.0,99.0,0.0,0,15
261,56,Eddie Irvine,17,Jordan,4,1994,5,13,13.0,0.0,15.0,0.0,10.0,4.0,0.0,0,6
262,56,Eddie Irvine,17,Jordan,7,1994,6,8,8.0,1.0,18.0,0.0,11.0,4.0,0.0,0,23
263,56,Eddie Irvine,17,Jordan,8,1994,7,6,6.0,1.0,20.0,0.0,11.0,4.0,0.0,0,24
264,56,Eddie Irvine,17,Jordan,9,1994,8,12,12.0,1.0,20.0,0.0,11.0,4.0,0.0,0,26
265,56,Eddie Irvine,17,Jordan,10,1994,9,10,10.0,1.0,20.0,0.0,14.0,5.0,0.0,0,20
266,56,Eddie Irvine,17,Jordan,11,1994,10,7,7.0,1.0,23.0,0.0,14.0,5.0,0.0,0,25
267,56,Eddie Irvine,17,Jordan,13,1994,11,4,4.0,1.0,24.0,0.0,14.0,5.0,0.0,0,13
268,56,Eddie Irvine,17,Jordan,14,1994,12,9,9.0,1.0,24.0,0.0,14.0,5.0,0.0,0,14
269,56,Eddie Irvine,17,Jordan,27,1994,13,13,13.0,1.0,24.0,0.0,17.0,5.0,0.0,0,7
270,56,Eddie Irvine,17,Jordan,26,1994,14,10,10.0,1.0,24.0,0.0,20.0,5.0,0.0,0,4
271,56,Eddie Irvine,17,Jordan,22,1994,15,6,6.0,4.0,17.0,0.0,23.0,5.0,0.0,0,5
272,56,Eddie Irvine,17,Jordan,29,1994,16,6,6.0,6.0,15.0,0.0,25.0,5.0,0.0,0,25
240,56,Eddie Irvine,17,Jordan,18,1995,1,8,8.0,0.0,99.0,0.0,0.0,99.0,0.0,0,22
241,56,Eddie Irvine,17,Jordan,25,1995,2,4,4.0,0.0,99.0,0.0,0.0,99.0,0.0,0,21
242,56,Eddie Irvine,17,Jordan,21,1995,3,7,7.0,0.0,99.0,0.0,0.0,99.0,0.0,0,8
243,56,Eddie Irvine,17,Jordan,4,1995,4,6,6.0,0.0,13.0,0.0,0.0,8.0,0.0,0,5
244,56,Eddie Irvine,17,Jordan,6,1995,5,9,9.0,2.0,9.0,0.0,2.0,6.0,0.0,0,21
245,56,Eddie Irvine,17,Jordan,7,1995,6,8,8.0,2.0,10.0,0.0,2.0,6.0,0.0,1,3
246,56,Eddie Irvine,17,Jordan,8,1995,7,11,11.0,6.0,8.0,0.0,12.0,4.0,0.0,0,9
247,56,Eddie Irvine,17,Jordan,9,1995,8,7,7.0,6.0,8.0,0.0,13.0,4.0,0.0,0,24
248,56,Eddie Irvine,17,Jordan,10,1995,9,6,6.0,6.0,9.0,0.0,13.0,4.0,0.0,0,9
249,56,Eddie Irvine,17,Jordan,11,1995,10,7,7.0,6.0,9.0,0.0,13.0,4.0,0.0,0,13
250,56,Eddie Irvine,17,Jordan,13,1995,11,7,7.0,6.0,10.0,0.0,13.0,4.0,0.0,0,19
251,56,Eddie Irvine,17,Jordan,14,1995,12,12,12.0,6.0,12.0,0.0,14.0,5.0,0.0,0,13
252,56,Eddie Irvine,17,Jordan,27,1995,13,10,10.0,6.0,13.0,0.0,14.0,7.0,0.0,0,10
253,56,Eddie Irvine,17,Jordan,20,1995,14,5,5.0,6.0,13.0,0.0,14.0,7.0,0.0,0,6
254,56,Eddie Irvine,17,Jordan,28,1995,15,6,6.0,7.0,13.0,0.0,18.0,5.0,0.0,0,11
255,56,Eddie Irvine,17,Jordan,22,1995,16,7,7.0,7.0,13.0,0.0,18.0,5.0,0.0,0,4
256,56,Eddie Irvine,17,Jordan,29,1995,17,9,9.0,10.0,10.0,0.0,21.0,5.0,0.0,0,11
224,56,Eddie Irvine,6,Ferrari,1,1996,1,3,3.0,0.0,99.0,0.0,0.0,99.0,0.0,1,3
225,56,Eddie Irvine,6,Ferrari,18,1996,2,10,10.0,4.0,3.0,0.0,4.0,2.0,0.0,0,7
226,56,Eddie Irvine,6,Ferrari,25,1996,3,10,10.0,4.0,5.0,0.0,8.0,3.0,0.0,0,5
227,56,Eddie Irvine,6,Ferrari,20,1996,4,7,7.0,6.0,4.0,0.0,10.0,3.0,0.0,0,19
228,56,Eddie Irvine,6,Ferrari,21,1996,5,6,6.0,6.0,5.0,0.0,16.0,2.0,0.0,0,4
229,56,Eddie Irvine,6,Ferrari,6,1996,6,7,7.0,9.0,5.0,0.0,25.0,2.0,0.0,0,7
230,56,Eddie Irvine,6,Ferrari,4,1996,7,6,6.0,9.0,7.0,0.0,25.0,2.0,0.0,0,15
207,56,Eddie Irvine,6,Ferrari,1,1997,1,5,5.0,0.0,99.0,0.0,0.0,99.0,0.0,0,20
208,56,Eddie Irvine,6,Ferrari,18,1997,2,14,14.0,0.0,99.0,0.0,6.0,2.0,0.0,0,16
209,56,Eddie Irvine,6,Ferrari,25,1997,3,7,7.0,0.0,17.0,0.0,8.0,4.0,0.0,1,2
210,56,Eddie Irvine,6,Ferrari,21,1997,4,9,9.0,6.0,6.0,0.0,14.0,3.0,0.0,1,3
211,56,Eddie Irvine,6,Ferrari,6,1997,5,15,15.0,10.0,5.0,0.0,24.0,2.0,0.0,1,3
212,56,Eddie Irvine,6,Ferrari,4,1997,6,11,11.0,14.0,3.0,0.0,38.0,1.0,1.0,0,12
213,56,Eddie Irvine,6,Ferrari,7,1997,7,12,12.0,14.0,4.0,0.0,41.0,1.0,1.0,0,21
214,56,Eddie Irvine,6,Ferrari,8,1997,8,5,5.0,14.0,4.0,0.0,51.0,1.0,2.0,1,3
215,56,Eddie Irvine,6,Ferrari,9,1997,9,7,7.0,18.0,4.0,0.0,65.0,1.0,3.0,0,15
216,56,Eddie Irvine,6,Ferrari,10,1997,10,10,10.0,18.0,5.0,0.0,65.0,1.0,3.0,0,21
191,56,Eddie Irvine,6,Ferrari,1,1998,1,8,8.0,0.0,99.0,0.0,0.0,99.0,0.0,0,4
192,56,Eddie Irvine,6,Ferrari,18,1998,2,6,6.0,3.0,4.0,0.0,3.0,3.0,0.0,0,8
193,56,Eddie Irvine,6,Ferrari,25,1998,3,4,4.0,3.0,6.0,0.0,7.0,3.0,0.0,1,3
199,56,Eddie Irvine,6,Ferrari,9,1998,9,5,5.0,25.0,4.0,0.0,69.0,2.0,3.0,1,3
200,56,Eddie Irvine,6,Ferrari,70,1998,10,8,8.0,29.0,4.0,0.0,83.0,2.0,4.0,0,4
201,56,Eddie Irvine,6,Ferrari,10,1998,11,6,6.0,32.0,4.0,0.0,90.0,2.0,4.0,0,8
203,56,Eddie Irvine,6,Ferrari,13,1998,13,5,5.0,32.0,4.0,0.0,102.0,2.0,5.0,0,11
175,56,Eddie Irvine,6,Ferrari,1,1999,1,6,6.0,0.0,99.0,0.0,0.0,99.0,0.0,1,1
176,56,Eddie Irvine,6,Ferrari,18,1999,2,6,6.0,10.0,1.0,1.0,10.0,1.0,1.0,0,5
177,56,Eddie Irvine,6,Ferrari,21,1999,3,4,4.0,12.0,1.0,1.0,18.0,1.0,1.0,0,14
158,56,Eddie Irvine,19,Jaguar,1,2000,1,7,7.0,0.0,99.0,0.0,0.0,99.0,0.0,0,21
160,56,Eddie Irvine,19,Jaguar,21,2000,3,7,7.0,0.0,99.0,0.0,0.0,99.0,0.0,0,7
161,56,Eddie Irvine,19,Jaguar,9,2000,4,9,9.0,0.0,15.0,0.0,0.0,9.0,0.0,0,13
173,56,Eddie Irvine,19,Jaguar,22,2000,16,7,7.0,3.0,13.0,0.0,3.0,9.0,0.0,0,8
156,56,Eddie Irvine,19,Jaguar,19,2001,16,14,14.0,4.0,15.0,0.0,7.0,8.0,0.0,0,5
125,56,Eddie Irvine,19,Jaguar,2,2002,2,20,20.0,3.0,4.0,0.0,3.0,4.0,0.0,0,16
140,56,Eddie Irvine,19,Jaguar,22,2002,17,14,14.0,8.0,9.0,0.0,8.0,6.0,0.0,0,9
257,57,Mika Häkkinen,1,McLaren,18,1994,1,8,8.0,0.0,99.0,0.0,0.0,99.0,0.0,0,21
258,57,Mika Häkkinen,1,McLaren,28,1994,2,4,4.0,0.0,21.0,0.0,0.0,12.0,0.0,0,21
259,57,Mika Häkkinen,1,McLaren,21,1994,3,8,8.0,0.0,26.0,0.0,0.0,13.0,0.0,1,3
261,57,Mika Häkkinen,1,McLaren,4,1994,5,3,3.0,4.0,8.0,0.0,10.0,3.0,0.0,0,13
262,57,Mika Häkkinen,1,McLaren,7,1994,6,7,7.0,4.0,9.0,0.0,10.0,5.0,0.0,0,17
263,57,Mika Häkkinen,1,McLaren,8,1994,7,9,9.0,4.0,9.0,0.0,10.0,5.0,0.0,0,13
264,57,Mika Häkkinen,1,McLaren,9,1994,8,5,5.0,4.0,10.0,0.0,10.0,5.0,0.0,1,3
265,57,Mika Häkkinen,1,McLaren,10,1994,9,8,8.0,8.0,6.0,0.0,14.0,4.0,0.0,0,18
267,57,Mika Häkkinen,1,McLaren,13,1994,11,8,8.0,8.0,6.0,0.0,17.0,4.0,0.0,1,2
268,57,Mika Häkkinen,1,McLaren,14,1994,12,7,7.0,14.0,5.0,0.0,23.0,4.0,0.0,1,3
269,57,Mika Häkkinen,1,McLaren,27,1994,13,4,4.0,18.0,5.0,0.0,29.0,4.0,0.0,1,3
270,57,Mika Häkkinen,1,McLaren,26,1994,14,9,9.0,22.0,4.0,0.0,34.0,4.0,0.0,1,3
271,57,Mika Häkkinen,1,McLaren,22,1994,15,8,8.0,26.0,4.0,0.0,38.0,4.0,0.0,0,7
272,57,Mika Häkkinen,1,McLaren,29,1994,16,4,4.0,26.0,4.0,0.0,38.0,4.0,0.0,0,12
240,57,Mika Häkkinen,1,McLaren,18,1995,1,7,7.0,0.0,99.0,0.0,0.0,99.0,0.0,0,4
241,57,Mika Häkkinen,1,McLaren,25,1995,2,5,5.0,3.0,4.0,0.0,4.0,4.0,0.0,0,23
242,57,Mika Häkkinen,1,McLaren,21,1995,3,6,6.0,3.0,6.0,0.0,4.0,4.0,0.0,0,5
243,57,Mika Häkkinen,1,McLaren,4,1995,4,9,9.0,5.0,6.0,0.0,6.0,4.0,0.0,0,18
244,57,Mika Häkkinen,1,McLaren,6,1995,5,6,6.0,5.0,7.0,0.0,6.0,4.0,0.0,0,24
245,57,Mika Häkkinen,1,McLaren,7,1995,6,7,7.0,5.0,7.0,0.0,8.0,4.0,0.0,0,24
246,57,Mika Häkkinen,1,McLaren,8,1995,7,8,8.0,5.0,9.0,0.0,8.0,5.0,0.0,0,7
247,57,Mika Häkkinen,1,McLaren,9,1995,8,8,8.0,5.0,9.0,0.0,8.0,5.0,0.0,0,19
248,57,Mika Häkkinen,1,McLaren,10,1995,9,7,7.0,5.0,10.0,0.0,10.0,6.0,0.0,0,10
249,57,Mika Häkkinen,1,McLaren,11,1995,10,5,5.0,5.0,10.0,0.0,10.0,6.0,0.0,0,24
250,57,Mika Häkkinen,1,McLaren,13,1995,11,3,3.0,5.0,11.0,0.0,10.0,6.0,0.0,0,24
251,57,Mika Häkkinen,1,McLaren,14,1995,12,7,7.0,5.0,13.0,0.0,12.0,6.0,0.0,1,2
252,57,Mika Häkkinen,1,McLaren,27,1995,13,13,13.0,11.0,8.0,0.0,21.0,4.0,0.0,0,19
253,57,Mika Häkkinen,1,McLaren,20,1995,14,9,9.0,11.0,8.0,0.0,21.0,4.0,0.0,0,8
255,57,Mika Häkkinen,1,McLaren,22,1995,16,3,3.0,11.0,8.0,0.0,21.0,4.0,0.0,1,2
256,57,Mika Häkkinen,1,McLaren,29,1995,17,24,24.0,17.0,7.0,0.0,27.0,4.0,0.0,0,24
224,57,Mika Häkkinen,1,McLaren,1,1996,1,5,5.0,0.0,99.0,0.0,0.0,99.0,0.0,0,5
225,57,Mika Häkkinen,1,McLaren,18,1996,2,7,7.0,2.0,5.0,0.0,2.0,4.0,0.0,0,4
226,57,Mika Häkkinen,1,McLaren,25,1996,3,8,8.0,5.0,4.0,0.0,5.0,4.0,0.0,0,22
227,57,Mika Häkkinen,1,McLaren,20,1996,4,9,9.0,5.0,5.0,0.0,5.0,4.0,0.0,0,8
228,57,Mika Häkkinen,1,McLaren,21,1996,5,11,11.0,5.0,6.0,0.0,9.0,4.0,0.0,0,8
229,57,Mika Häkkinen,1,McLaren,6,1996,6,8,8.0,5.0,8.0,0.0,9.0,4.0,0.0,0,6
230,57,Mika Häkkinen,1,McLaren,4,1996,7,10,10.0,6.0,10.0,0.0,16.0,4.0,0.0,0,5
207,57,Mika Häkkinen,1,McLaren,1,1997,1,6,6.0,0.0,99.0,0.0,0.0,99.0,0.0,1,3
208,57,Mika Häkkinen,1,McLaren,18,1997,2,4,4.0,4.0,3.0,0.0,14.0,1.0,1.0,0,4
209,57,Mika Häkkinen,1,McLaren,25,1997,3,17,17.0,7.0,5.0,0.0,17.0,1.0,1.0,0,5
210,57,Mika Häkkinen,1,McLaren,21,1997,4,8,8.0,9.0,4.0,0.0,19.0,2.0,1.0,0,6
211,57,Mika Häkkinen,1,McLaren,6,1997,5,8,8.0,10.0,7.0,0.0,20.0,3.0,1.0,0,20
212,57,Mika Häkkinen,1,McLaren,4,1997,6,5,5.0,10.0,7.0,0.0,20.0,3.0,1.0,0,7
213,57,Mika Häkkinen,1,McLaren,7,1997,7,9,9.0,10.0,8.0,0.0,21.0,3.0,1.0,0,20
214,57,Mika Häkkinen,1,McLaren,8,1997,8,10,10.0,10.0,9.0,0.0,21.0,4.0,1.0,0,19
215,57,Mika Häkkinen,1,McLaren,9,1997,9,3,3.0,10.0,9.0,0.0,21.0,4.0,1.0,0,12
216,57,Mika Häkkinen,1,McLaren,10,1997,10,3,3.0,10.0,9.0,0.0,24.0,4.0,1.0,1,3
191,57,Mika Häkkinen,1,McLaren,1,1998,1,1,1.0,0.0,99.0,0.0,0.0,99.0,0.0,1,1
192,57,Mika Häkkinen,1,McLaren,18,1998,2,1,1.0,10.0,1.0,1.0,16.0,1.0,1.0,1,1
193,57,Mika Häkkinen,1,McLaren,25,1998,3,3,3.0,20.0,1.0,2.0,32.0,1.0,2.0,1,2
199,57,Mika Häkkinen,1,McLaren,9,1998,9,1,1.0,50.0,1.0,4.0,80.0,1.0,5.0,1,2
200,57,Mika Häkkinen,1,McLaren,70,1998,10,3,3.0,56.0,1.0,4.0,86.0,1.0,5.0,1,1
201,57,Mika Häkkinen,1,McLaren,10,1998,11,1,1.0,66.0,1.0,5.0,102.0,1.0,6.0,1,1
203,57,Mika Häkkinen,1,McLaren,13,1998,13,1,1.0,77.0,1.0,6.0,125.0,1.0,7.0,0,16
175,57,Mika Häkkinen,1,McLaren,1,1999,1,1,1.0,0.0,99.0,0.0,0.0,99.0,0.0,0,16
176,57,Mika Häkkinen,1,McLaren,18,1999,2,1,1.0,0.0,99.0,0.0,0.0,99.0,0.0,1,1
177,57,Mika Häkkinen,1,McLaren,21,1999,3,1,1.0,10.0,2.0,1.0,10.0,2.0,1.0,0,18
158,57,Mika Häkkinen,1,McLaren,1,2000,1,1,1.0,0.0,99.0,0.0,0.0,99.0,0.0,0,17
160,57,Mika Häkkinen,1,McLaren,21,2000,3,1,1.0,0.0,99.0,0.0,0.0,99.0,0.0,1,2
161,57,Mika Häkkinen,1,McLaren,9,2000,4,3,3.0,6.0,4.0,0.0,10.0,2.0,0.0,1,2
173,57,Mika Häkkinen,1,McLaren,22,2000,16,2,2.0,80.0,2.0,4.0,143.0,2.0,7.0,1,2
156,57,Mika Häkkinen,1,McLaren,19,2001,16,4,4.0,24.0,6.0,1.0,81.0,2.0,3.0,1,1
225,58,Tarso Marques,18,Minardi,18,1996,2,21,21.0,0.0,99.0,0.0,0.0,99.0,0.0,0,22
226,58,Tarso Marques,18,Minardi,25,1996,3,14,14.0,0.0,99.0,0.0,0.0,9.0,0.0,0,16
214,58,Tarso Marques,18,Minardi,8,1997,8,22,22.0,0.0,99.0,0.0,0.0,11.0,0.0,0,22
215,58,Tarso Marques,18,Minardi,9,1997,9,21,20.0,0.0,99.0,0.0,0.0,11.0,0.0,0,10
216,58,Tarso Marques,18,Minardi,10,1997,10,21,21.0,0.0,26.0,0.0,0.0,11.0,0.0,0,22
156,59,Enrique Bernoldi,21,Arrows,19,2001,16,19,19.0,0.0,21.0,0.0,1.0,10.0,0.0,0,13
125,59,Enrique Bernoldi,21,Arrows,2,2002,2,16,16.0,0.0,99.0,0.0,0.0,99.0,0.0,0,19
158,60,Gastón Mazzacane,18,Minardi,1,2000,1,22,22.0,0.0,99.0,0.0,0.0,99.0,0.0,0,13
160,60,Gastón Mazzacane,18,Minardi,21,2000,3,20,20.0,0.0,15.0,0.0,0.0,7.0,0.0,0,13
161,60,Gastón Mazzacane,18,Minardi,9,2000,4,22,22.0,0.0,20.0,0.0,0.0,10.0,0.0,0,15
173,60,Gastón Mazzacane,18,Minardi,22,2000,16,22,22.0,0.0,21.0,0.0,0.0,10.0,0.0,0,15
156,61,Tomáš Enge,20,Prost,19,2001,16,21,21.0,0.0,24.0,0.0,4.0,9.0,0.0,0,14
156,62,Alex Yoong,18,Minardi,19,2001,16,22,22.0,0.0,99.0,0.0,0.0,11.0,0.0,0,19
125,62,Alex Yoong,18,Minardi,2,2002,2,22,22.0,0.0,7.0,0.0,2.0,5.0,0.0,0,17
140,62,Alex Yoong,18,Minardi,22,2002,17,20,20.0,0.0,19.0,0.0,2.0,9.0,0.0,0,16
271,63,Mika Salo,32,Team Lotus,22,1994,15,25,25.0,0.0,99.0,0.0,0.0,12.0,0.0,0,10
272,63,Mika Salo,32,Team Lotus,29,1994,16,22,22.0,0.0,32.0,0.0,0.0,12.0,0.0,0,16
240,63,Mika Salo,25,Tyrrell,18,1995,1,12,12.0,0.0,99.0,0.0,0.0,99.0,0.0,0,7
241,63,Mika Salo,25,Tyrrell,25,1995,2,7,7.0,0.0,7.0,0.0,0.0,5.0,0.0,0,12
242,63,Mika Salo,25,Tyrrell,21,1995,3,13,13.0,0.0,11.0,0.0,0.0,7.0,0.0,0,22
243,63,Mika Salo,25,Tyrrell,4,1995,4,13,13.0,0.0,11.0,0.0,0.0,7.0,0.0,0,10
244,63,Mika Salo,25,Tyrrell,6,1995,5,17,17.0,0.0,12.0,0.0,0.0,8.0,0.0,0,13
245,63,Mika Salo,25,Tyrrell,7,1995,6,15,15.0,0.0,12.0,0.0,0.0,8.0,0.0,0,7
246,63,Mika Salo,25,Tyrrell,8,1995,7,14,14.0,0.0,14.0,0.0,0.0,9.0,0.0,0,15
247,63,Mika Salo,25,Tyrrell,9,1995,8,23,23.0,0.0,15.0,0.0,0.0,9.0,0.0,0,8
248,63,Mika Salo,25,Tyrrell,10,1995,9,13,13.0,0.0,15.0,0.0,0.0,9.0,0.0,0,23
249,63,Mika Salo,25,Tyrrell,11,1995,10,16,16.0,0.0,17.0,0.0,0.0,9.0,0.0,0,15
250,63,Mika Salo,25,Tyrrell,13,1995,11,11,11.0,0.0,17.0,0.0,0.0,9.0,0.0,0,8
251,63,Mika Salo,25,Tyrrell,14,1995,12,16,16.0,0.0,17.0,0.0,0.0,9.0,0.0,0,5
252,63,Mika Salo,25,Tyrrell,27,1995,13,15,15.0,2.0,15.0,0.0,2.0,8.0,0.0,0,13
253,63,Mika Salo,25,Tyrrell,20,1995,14,15,15.0,2.0,15.0,0.0,2.0,8.0,0.0,0,10
254,63,Mika Salo,25,Tyrrell,28,1995,15,18,18.0,2.0,15.0,0.0,2.0,8.0,0.0,0,12
255,63,Mika Salo,25,Tyrrell,22,1995,16,12,12.0,2.0,15.0,0.0,2.0,8.0,0.0,0,6
256,63,Mika Salo,25,Tyrrell,29,1995,17,14,14.0,3.0,14.0,0.0,3.0,8.0,0.0,0,5
224,63,Mika Salo,25,Tyrrell,1,1996,1,10,10.0,0.0,99.0,0.0,0.0,99.0,0.0,0,6
225,63,Mika Salo,25,Tyrrell,18,1996,2,11,11.0,1.0,6.0,0.0,1.0,5.0,0.0,0,5
226,63,Mika Salo,25,Tyrrell,25,1996,3,16,16.0,3.0,8.0,0.0,3.0,5.0,0.0,0,14
227,63,Mika Salo,25,Tyrrell,20,1996,4,14,14.0,3.0,9.0,0.0,3.0,6.0,0.0,0,14
228,63,Mika Salo,25,Tyrrell,21,1996,5,8,8.0,3.0,10.0,0.0,3.0,6.0,0.0,0,21
229,63,Mika Salo,25,Tyrrell,6,1996,6,11,11.0,3.0,10.0,0.0,3.0,6.0,0.0,0,5
230,63,Mika Salo,25,Tyrrell,4,1996,7,12,12.0,5.0,11.0,0.0,5.0,8.0,0.0,0,12
207,63,Mika Salo,25,Tyrrell,1,1997,1,18,18.0,0.0,99.0,0.0,0.0,99.0,0.0,0,12
208,63,Mika Salo,25,Tyrrell,18,1997,2,22,22.0,0.0,99.0,0.0,0.0,99.0,0.0,0,13
209,63,Mika Salo,25,Tyrrell,25,1997,3,19,19.0,0.0,15.0,0.0,0.0,10.0,0.0,0,8
210,63,Mika Salo,25,Tyrrell,21,1997,4,19,19.0,0.0,14.0,0.0,0.0,8.0,0.0,0,9
211,63,Mika Salo,25,Tyrrell,6,1997,5,14,14.0,0.0,15.0,0.0,0.0,8.0,0.0,0,5
212,63,Mika Salo,25,Tyrrell,4,1997,6,14,14.0,2.0,14.0,0.0,2.0,9.0,0.0,0,19
213,63,Mika Salo,25,Tyrrell,7,1997,7,17,17.0,2.0,14.0,0.0,2.0,9.0,0.0,0,12
214,63,Mika Salo,25,Tyrrell,8,1997,8,19,19.0,2.0,14.0,0.0,2.0,9.0,0.0,0,13
215,63,Mika Salo,25,Tyrrell,9,1997,9,18,17.0,2.0,14.0,0.0,2.0,9.0,0.0,0,16
216,63,Mika Salo,25,Tyrrell,10,1997,10,19,19.0,2.0,15.0,0.0,2.0,9.0,0.0,0,13
191,63,Mika Salo,21,Arrows,1,1998,1,16,16.0,0.0,99.0,0.0,0.0,99.0,0.0,0,14
192,63,Mika Salo,21,Arrows,18,1998,2,20,20.0,0.0,99.0,0.0,0.0,99.0,0.0,0,19
193,63,Mika Salo,21,Arrows,25,1998,3,17,17.0,0.0,99.0,0.0,0.0,99.0,0.0,0,20
199,63,Mika Salo,21,Arrows,9,1998,9,13,13.0,3.0,10.0,0.0,4.0,6.0,0.0,0,20
200,63,Mika Salo,21,Arrows,70,1998,10,6,6.0,3.0,10.0,0.0,4.0,6.0,0.0,0,20
201,63,Mika Salo,21,Arrows,10,1998,11,17,17.0,3.0,10.0,0.0,4.0,6.0,0.0,0,14
203,63,Mika Salo,21,Arrows,13,1998,13,18,18.0,3.0,12.0,0.0,4.0,7.0,0.0,0,21
177,63,Mika Salo,16,BAR,21,1999,3,19,19.0,0.0,99.0,0.0,0.0,99.0,0.0,0,7
158,63,Mika Salo,15,Sauber,1,2000,1,10,10.0,0.0,99.0,0.0,0.0,99.0,0.0,0,10
160,63,Mika Salo,15,Sauber,21,2000,3,12,12.0,0.0,99.0,0.0,0.0,99.0,0.0,0,6
161,63,Mika Salo,15,Sauber,9,2000,4,18,18.0,1.0,12.0,0.0,1.0,7.0,0.0,0,8
173,63,Mika Salo,15,Sauber,22,2000,16,19,19.0,6.0,11.0,0.0,6.0,8.0,0.0,0,10
125,63,Mika Salo,7,Toyota,2,2002,2,10,10.0,1.0,6.0,0.0,1.0,6.0,0.0,0,12
140,63,Mika Salo,7,Toyota,22,2002,17,13,13.0,2.0,16.0,0.0,2.0,10.0,0.0,0,8
240,64,Pedro Diniz,28,Forti,18,1995,1,25,25.0,0.0,99.0,0.0,0.0,99.0,0.0,0,10
241,64,Pedro Diniz,28,Forti,25,1995,2,25,25.0,0.0,10.0,0.0,0.0,8.0,0.0,0,10
242,64,Pedro Diniz,28,Forti,21,1995,3,26,26.0,0.0,16.0,0.0,0.0,10.0,0.0,0,15
243,64,Pedro Diniz,28,Forti,4,1995,4,26,26.0,0.0,17.0,0.0,0.0,11.0,0.0,0,25
244,64,Pedro Diniz,28,Forti,6,1995,5,22,22.0,0.0,19.0,0.0,0.0,11.0,0.0,0,10
245,64,Pedro Diniz,28,Forti,7,1995,6,24,24.0,0.0,22.0,0.0,0.0,13.0,0.0,0,19
246,64,Pedro Diniz,28,Forti,8,1995,7,23,23.0,0.0,24.0,0.0,0.0,13.0,0.0,0,24
247,64,Pedro Diniz,28,Forti,9,1995,8,20,20.0,0.0,24.0,0.0,0.0,13.0,0.0,0,23
248,64,Pedro Diniz,28,Forti,10,1995,9,21,21.0,0.0,24.0,0.0,0.0,13.0,0.0,0,21
249,64,Pedro Diniz,28,Forti,11,1995,10,23,23.0,0.0,24.0,0.0,0.0,13.0,0.0,0,20
250,64,Pedro Diniz,28,Forti,13,1995,11,24,24.0,0.0,25.0,0.0,0.0,13.0,0.0,0,13
251,64,Pedro Diniz,28,Forti,14,1995,12,23,23.0,0.0,25.0,0.0,0.0,13.0,0.0,0,9
252,64,Pedro Diniz,28,Forti,27,1995,13,22,22.0,0.0,24.0,0.0,0.0,12.0,0.0,0,16
253,64,Pedro Diniz,28,Forti,20,1995,14,22,22.0,0.0,24.0,0.0,0.0,12.0,0.0,0,13
254,64,Pedro Diniz,28,Forti,28,1995,15,21,21.0,0.0,25.0,0.0,0.0,12.0,0.0,0,17
255,64,Pedro Diniz,28,Forti,22,1995,16,20,21.0,0.0,25.0,0.0,0.0,12.0,0.0,0,15
256,64,Pedro Diniz,28,Forti,29,1995,17,21,21.0,0.0,25.0,0.0,0.0,12.0,0.0,0,7
224,64,Pedro Diniz,27,Ligier,1,1996,1,20,20.0,0.0,99.0,0.0,0.0,99.0,0.0,0,10
225,64,Pedro Diniz,27,Ligier,18,1996,2,22,22.0,0.0,10.0,0.0,0.0,6.0,0.0,0,8
226,64,Pedro Diniz,27,Ligier,25,1996,3,18,18.0,0.0,10.0,0.0,1.0,6.0,0.0,0,18
227,64,Pedro Diniz,27,Ligier,20,1996,4,17,17.0,0.0,13.0,0.0,1.0,7.0,0.0,0,10
228,64,Pedro Diniz,27,Ligier,21,1996,5,17,17.0,0.0,15.0,0.0,1.0,7.0,0.0,0,7
229,64,Pedro Diniz,27,Ligier,6,1996,6,17,17.0,0.0,14.0,0.0,1.0,7.0,0.0,0,14
230,64,Pedro Diniz,27,Ligier,4,1996,7,17,17.0,0.0,16.0,0.0,11.0,5.0,1.0,0,6
207,64,Pedro Diniz,21,Arrows,1,1997,1,22,22.0,0.0,99.0,0.0,0.0,99.0,0.0,0,10
208,64,Pedro Diniz,21,Arrows,18,1997,2,16,16.0,0.0,10.0,0.0,0.0,8.0,0.0,0,21
209,64,Pedro Diniz,21,Arrows,25,1997,3,22,22.0,0.0,14.0,0.0,0.0,9.0,0.0,0,12
210,64,Pedro Diniz,21,Arrows,21,1997,4,17,17.0,0.0,17.0,0.0,0.0,10.0,0.0,0,12
211,64,Pedro Diniz,21,Arrows,6,1997,5,16,16.0,0.0,18.0,0.0,0.0,10.0,0.0,0,22
212,64,Pedro Diniz,21,Arrows,4,1997,6,21,21.0,0.0,21.0,0.0,0.0,11.0,0.0,0,16
213,64,Pedro Diniz,21,Arrows,7,1997,7,16,16.0,0.0,21.0,0.0,0.0,11.0,0.0,0,8
214,64,Pedro Diniz,21,Arrows,8,1997,8,16,16.0,0.0,19.0,0.0,0.0,10.0,0.0,0,15
215,64,Pedro Diniz,21,Arrows,9,1997,9,17,16.0,0.0,19.0,0.0,0.0,10.0,0.0,0,20
216,64,Pedro Diniz,21,Arrows,10,1997,10,16,16.0,0.0,22.0,0.0,1.0,10.0,0.0,0,18
191,64,Pedro Diniz,21,Arrows,1,1998,1,20,20.0,0.0,99.0,0.0,0.0,99.0,0.0,0,18
192,64,Pedro Diniz,21,Arrows,18,1998,2,22,22.0,0.0,99.0,0.0,0.0,99.0,0.0,0,17
193,64,Pedro Diniz,21,Arrows,25,1998,3,18,18.0,0.0,99.0,0.0,0.0,99.0,0.0,0,22
199,64,Pedro Diniz,21,Arrows,9,1998,9,12,12.0,1.0,13.0,0.0,4.0,6.0,0.0,0,11
200,64,Pedro Diniz,21,Arrows,70,1998,10,13,13.0,1.0,14.0,0.0,4.0,6.0,0.0,0,19
201,64,Pedro Diniz,21,Arrows,10,1998,11,18,18.0,1.0,14.0,0.0,4.0,6.0,0.0,0,21
203,64,Pedro Diniz,21,Arrows,13,1998,13,16,16.0,1.0,15.0,0.0,4.0,7.0,0.0,0,5
175,64,Pedro Diniz,15,Sauber,1,1999,1,14,14.0,0.0,99.0,0.0,0.0,99.0,0.0,0,12
176,64,Pedro Diniz,15,Sauber,18,1999,2,15,15.0,0.0,99.0,0.0,0.0,99.0,0.0,0,14
177,64,Pedro Diniz,15,Sauber,21,1999,3,15,15.0,0.0,99.0,0.0,0.0,99.0,0.0,0,12
158,64,Pedro Diniz,15,Sauber,1,2000,1,19,19.0,0.0,99.0,0.0,0.0,99.0,0.0,0,12
160,64,Pedro Diniz,15,Sauber,21,2000,3,10,10.0,0.0,99.0,0.0,0.0,99.0,0.0,0,8
161,64,Pedro Diniz,15,Sauber,9,2000,4,13,13.0,0.0,17.0,0.0,1.0,7.0,0.0,0,11
173,64,Pedro Diniz,15,Sauber,22,2000,16,20,20.0,0.0,17.0,0.0,6.0,8.0,0.0,0,11
257,65,Johnny Herbert,32,Team Lotus,18,1994,1,21,21.0,0.0,99.0,0.0,0.0,99.0,0.0,0,7
258,65,Johnny Herbert,32,Team Lotus,28,1994,2,23,23.0,0.0,7.0,0.0,0.0,7.0,0.0,0,7
259,65,Johnny Herbert,32,Team Lotus,21,1994,3,20,20.0,0.0,11.0,0.0,0.0,9.0,0.0,0,10
261,65,Johnny Herbert,32,Team Lotus,4,1994,5,22,22.0,0.0,16.0,0.0,0.0,11.0,0.0,0,14
262,65,Johnny Herbert,32,Team Lotus,7,1994,6,17,17.0,0.0,19.0,0.0,0.0,11.0,0.0,0,8
263,65,Johnny Herbert,32,Team Lotus,8,1994,7,19,19.0,0.0,21.0,0.0,0.0,11.0,0.0,0,7
264,65,Johnny Herbert,32,Team Lotus,9,1994,8,21,21.0,0.0,21.0,0.0,0.0,11.0,0.0,0,11
265,65,Johnny Herbert,32,Team Lotus,10,1994,9,15,15.0,0.0,21.0,0.0,0.0,11.0,0.0,0,22
266,65,Johnny Herbert,32,Team Lotus,11,1994,10,24,24.0,0.0,24.0,0.0,0.0,12.0,0.0,0,19
267,65,Johnny Herbert,32,Team Lotus,13,1994,11,20,20.0,0.0,25.0,0.0,0.0,12.0,0.0,0,12
268,65,Johnny Herbert,32,Team Lotus,14,1994,12,4,4.0,0.0,25.0,0.0,0.0,12.0,0.0,0,23
269,65,Johnny Herbert,32,Team Lotus,27,1994,13,20,20.0,0.0,25.0,0.0,0.0,12.0,0.0,0,11
270,65,Johnny Herbert,27,Ligier,26,1994,14,7,7.0,0.0,25.0,0.0,11.0,7.0,0.0,0,8
271,65,Johnny Herbert,22,Benetton,22,1994,15,5,5.0,0.0,25.0,0.0,97.0,1.0,8.0,0,22
272,65,Johnny Herbert,22,Benetton,29,1994,16,7,7.0,0.0,26.0,0.0,103.0,2.0,8.0,0,26
240,65,Johnny Herbert,22,Benetton,18,1995,1,4,4.0,0.0,99.0,0.0,0.0,99.0,0.0,0,17
241,65,Johnny Herbert,22,Benetton,25,1995,2,11,11.0,0.0,99.0,0.0,10.0,1.0,1.0,0,4
242,65,Johnny Herbert,22,Benetton,21,1995,3,8,8.0,3.0,7.0,0.0,17.0,1.0,1.0,0,7
243,65,Johnny Herbert,22,Benetton,4,1995,4,7,7.0,3.0,7.0,0.0,17.0,3.0,1.0,1,2
244,65,Johnny Herbert,22,Benetton,6,1995,5,7,7.0,9.0,5.0,0.0,33.0,1.0,2.0,0,4
245,65,Johnny Herbert,22,Benetton,7,1995,6,6,6.0,12.0,5.0,0.0,46.0,1.0,3.0,0,23
246,65,Johnny Herbert,22,Benetton,8,1995,7,10,10.0,12.0,5.0,0.0,48.0,1.0,3.0,0,21
247,65,Johnny Herbert,22,Benetton,9,1995,8,5,5.0,12.0,6.0,0.0,58.0,1.0,4.0,1,1
248,65,Johnny Herbert,22,Benetton,10,1995,9,9,9.0,22.0,4.0,1.0,68.0,1.0,5.0,0,4
249,65,Johnny Herbert,22,Benetton,11,1995,10,9,9.0,25.0,4.0,1.0,81.0,1.0,6.0,0,4
250,65,Johnny Herbert,22,Benetton,13,1995,11,4,4.0,28.0,5.0,1.0,84.0,1.0,6.0,0,7
251,65,Johnny Herbert,22,Benetton,14,1995,12,8,8.0,28.0,5.0,1.0,94.0,1.0,7.0,1,1
252,65,Johnny Herbert,22,Benetton,27,1995,13,6,6.0,38.0,3.0,2.0,104.0,1.0,8.0,0,7
253,65,Johnny Herbert,22,Benetton,20,1995,14,7,7.0,38.0,4.0,2.0,110.0,1.0,8.0,0,5
254,65,Johnny Herbert,22,Benetton,28,1995,15,7,7.0,40.0,4.0,2.0,122.0,1.0,9.0,0,6
255,65,Johnny Herbert,22,Benetton,22,1995,16,9,9.0,41.0,5.0,2.0,133.0,1.0,10.0,1,3
256,65,Johnny Herbert,22,Benetton,29,1995,17,8,8.0,45.0,4.0,2.0,147.0,1.0,11.0,0,10
224,65,Johnny Herbert,15,Sauber,1,1996,1,14,14.0,0.0,99.0,0.0,0.0,99.0,0.0,0,20
225,65,Johnny Herbert,15,Sauber,18,1996,2,12,12.0,0.0,99.0,0.0,0.0,7.0,0.0,0,16
226,65,Johnny Herbert,15,Sauber,25,1996,3,17,17.0,0.0,99.0,0.0,0.0,7.0,0.0,0,9
227,65,Johnny Herbert,15,Sauber,20,1996,4,12,12.0,0.0,16.0,0.0,0.0,9.0,0.0,0,7
228,65,Johnny Herbert,15,Sauber,21,1996,5,15,15.0,0.0,14.0,0.0,0.0,9.0,0.0,0,20
229,65,Johnny Herbert,15,Sauber,6,1996,6,13,13.0,0.0,15.0,0.0,0.0,9.0,0.0,1,3
230,65,Johnny Herbert,15,Sauber,4,1996,7,9,9.0,4.0,12.0,0.0,7.0,7.0,0.0,0,10
207,65,Johnny Herbert,15,Sauber,1,1997,1,7,7.0,0.0,99.0,0.0,0.0,99.0,0.0,0,21
208,65,Johnny Herbert,15,Sauber,18,1997,2,13,13.0,0.0,99.0,0.0,1.0,5.0,0.0,0,7
209,65,Johnny Herbert,15,Sauber,25,1997,3,8,8.0,0.0,10.0,0.0,1.0,6.0,0.0,0,4
210,65,Johnny Herbert,15,Sauber,21,1997,4,7,7.0,3.0,9.0,0.0,4.0,7.0,0.0,0,16
211,65,Johnny Herbert,15,Sauber,6,1997,5,7,7.0,3.0,10.0,0.0,4.0,7.0,0.0,0,17
212,65,Johnny Herbert,15,Sauber,4,1997,6,10,10.0,3.0,12.0,0.0,4.0,8.0,0.0,0,5
213,65,Johnny Herbert,15,Sauber,7,1997,7,13,13.0,5.0,11.0,0.0,6.0,8.0,0.0,0,5
214,65,Johnny Herbert,15,Sauber,8,1997,8,14,14.0,7.0,11.0,0.0,8.0,7.0,0.0,0,8
215,65,Johnny Herbert,15,Sauber,9,1997,9,9,9.0,7.0,11.0,0.0,8.0,7.0,0.0,0,17
216,65,Johnny Herbert,15,Sauber,10,1997,10,14,14.0,7.0,12.0,0.0,8.0,7.0,0.0,0,17
191,65,Johnny Herbert,15,Sauber,1,1998,1,5,5.0,0.0,99.0,0.0,0.0,99.0,0.0,0,6
192,65,Johnny Herbert,15,Sauber,18,1998,2,14,14.0,1.0,6.0,0.0,1.0,4.0,0.0,0,11
193,65,Johnny Herbert,15,Sauber,25,1998,3,12,12.0,1.0,8.0,0.0,1.0,5.0,0.0,0,18
199,65,Johnny Herbert,15,Sauber,9,1998,9,9,9.0,1.0,12.0,0.0,4.0,7.0,0.0,0,19
200,65,Johnny Herbert,15,Sauber,70,1998,10,18,18.0,1.0,12.0,0.0,4.0,7.0,0.0,0,8
201,65,Johnny Herbert,15,Sauber,10,1998,11,12,12.0,1.0,13.0,0.0,4.0,7.0,0.0,0,17
203,65,Johnny Herbert,15,Sauber,13,1998,13,12,12.0,1.0,14.0,0.0,4.0,8.0,0.0,0,18
175,65,Johnny Herbert,24,Stewart,1,1999,1,13,13.0,0.0,99.0,0.0,0.0,99.0,0.0,0,22
176,65,Johnny Herbert,24,Stewart,18,1999,2,10,10.0,0.0,99.0,0.0,2.0,5.0,0.0,0,20
177,65,Johnny Herbert,24,Stewart,21,1999,3,12,12.0,0.0,99.0,0.0,2.0,6.0,0.0,0,10
158,65,Johnny Herbert,19,Jaguar,1,2000,1,20,20.0,0.0,99.0,0.0,0.0,99.0,0.0,0,22
160,65,Johnny Herbert,19,Jaguar,21,2000,3,17,17.0,0.0,99.0,0.0,0.0,99.0,0.0,0,10
161,65,Johnny Herbert,19,Jaguar,9,2000,4,14,14.0,0.0,21.0,0.0,0.0,9.0,0.0,0,12
173,65,Johnny Herbert,19,Jaguar,22,2000,16,10,10.0,0.0,18.0,0.0,3.0,9.0,0.0,0,7
125,66,Allan McNish,7,Toyota,2,2002,2,19,19.0,0.0,99.0,0.0,1.0,6.0,0.0,0,7
140,66,Allan McNish,7,Toyota,22,2002,17,18,18.0,0.0,18.0,0.0,2.0,10.0,0.0,0,20
1,67,Sébastien Buemi,5,Toro Rosso,1,2009,1,13,16.0,0.0,99.0,0.0,0.0,99.0,0.0,0,7
2,67,Sébastien Buemi,5,Toro Rosso,2,2009,2,20,20.0,2.0,7.0,0.0,3.0,5.0,0.0,0,16
3,67,Sébastien Buemi,5,Toro Rosso,17,2009,3,10,10.0,2.0,8.0,0.0,3.0,6.0,0.0,0,8
4,67,Sébastien Buemi,5,Toro Rosso,3,2009,4,16,17.0,3.0,12.0,0.0,4.0,7.0,0.0,0,17
5,67,Sébastien Buemi,5,Toro Rosso,4,2009,5,15,15.0,3.0,13.0,0.0,4.0,7.0,0.0,0,18
6,67,Sébastien Buemi,5,Toro Rosso,6,2009,6,11,11.0,3.0,14.0,0.0,4.0,9.0,0.0,0,20
7,67,Sébastien Buemi,5,Toro Rosso,5,2009,7,18,18.0,3.0,14.0,0.0,5.0,9.0,0.0,0,15
8,67,Sébastien Buemi,5,Toro Rosso,9,2009,8,19,20.0,3.0,14.0,0.0,5.0,9.0,0.0,0,18
9,67,Sébastien Buemi,5,Toro Rosso,20,2009,9,17,17.0,3.0,14.0,0.0,5.0,9.0,0.0,0,16
10,67,Sébastien Buemi,5,Toro Rosso,11,2009,10,10,11.0,3.0,14.0,0.0,5.0,9.0,0.0,0,16
11,67,Sébastien Buemi,5,Toro Rosso,12,2009,11,15,15.0,3.0,14.0,0.0,5.0,9.0,0.0,0,19
12,67,Sébastien Buemi,5,Toro Rosso,13,2009,12,16,16.0,3.0,15.0,0.0,5.0,9.0,0.0,0,12
13,67,Sébastien Buemi,5,Toro Rosso,14,2009,13,19,19.0,3.0,16.0,0.0,5.0,10.0,0.0,0,13
14,67,Sébastien Buemi,5,Toro Rosso,15,2009,14,13,14.0,3.0,17.0,0.0,5.0,10.0,0.0,0,16
15,67,Sébastien Buemi,5,Toro Rosso,22,2009,15,13,10.0,3.0,17.0,0.0,5.0,10.0,0.0,0,19
16,67,Sébastien Buemi,5,Toro Rosso,18,2009,16,6,6.0,3.0,17.0,0.0,5.0,10.0,0.0,0,7
17,67,Sébastien Buemi,5,Toro Rosso,24,2009,17,10,10.0,5.0,17.0,0.0,7.0,10.0,0.0,0,8
337,67,Sébastien Buemi,5,Toro Rosso,3,2010,1,15,15.0,0.0,99.0,0.0,0.0,99.0,0.0,0,16
338,67,Sébastien Buemi,5,Toro Rosso,1,2010,2,12,12.0,0.0,16.0,0.0,0.0,8.0,0.0,0,21
339,67,Sébastien Buemi,5,Toro Rosso,2,2010,3,13,13.0,0.0,18.0,0.0,0.0,8.0,0.0,0,11
340,67,Sébastien Buemi,5,Toro Rosso,17,2010,4,13,13.0,0.0,15.0,0.0,2.0,8.0,0.0,0,21
341,67,Sébastien Buemi,5,Toro Rosso,4,2010,5,14,15.0,0.0,16.0,0.0,2.0,8.0,0.0,0,20
342,67,Sébastien Buemi,5,Toro Rosso,6,2010,6,13,13.0,0.0,16.0,0.0,3.0,8.0,0.0,0,10
343,67,Sébastien Buemi,5,Toro Rosso,5,2010,7,14,14.0,1.0,15.0,0.0,4.0,8.0,0.0,0,16
344,67,Sébastien Buemi,5,Toro Rosso,7,2010,8,15,15.0,1.0,15.0,0.0,4.0,8.0,0.0,0,8
345,67,Sébastien Buemi,5,Toro Rosso,12,2010,9,11,11.0,5.0,14.0,0.0,8.0,7.0,0.0,0,9
346,67,Sébastien Buemi,5,Toro Rosso,9,2010,10,16,17.0,7.0,14.0,0.0,10.0,8.0,0.0,0,12
347,67,Sébastien Buemi,5,Toro Rosso,10,2010,11,16,17.0,7.0,14.0,0.0,10.0,9.0,0.0,0,24
348,67,Sébastien Buemi,5,Toro Rosso,11,2010,12,15,15.0,7.0,15.0,0.0,10.0,9.0,0.0,0,12
349,67,Sébastien Buemi,5,Toro Rosso,13,2010,13,16,15.0,7.0,16.0,0.0,10.0,9.0,0.0,0,12
350,67,Sébastien Buemi,5,Toro Rosso,14,2010,14,14,14.0,7.0,16.0,0.0,10.0,9.0,0.0,0,11
351,67,Sébastien Buemi,5,Toro Rosso,15,2010,15,13,14.0,7.0,16.0,0.0,10.0,9.0,0.0,0,14
352,67,Sébastien Buemi,5,Toro Rosso,22,2010,16,18,18.0,7.0,16.0,0.0,10.0,9.0,0.0,0,10
353,67,Sébastien Buemi,5,Toro Rosso,35,2010,17,16,17.0,8.0,16.0,0.0,11.0,9.0,0.0,0,20
354,67,Sébastien Buemi,5,Toro Rosso,18,2010,18,19,15.0,8.0,16.0,0.0,11.0,9.0,0.0,0,13
355,67,Sébastien Buemi,5,Toro Rosso,24,2010,19,18,18.0,8.0,16.0,0.0,11.0,9.0,0.0,0,15
841,67,Sébastien Buemi,5,Toro Rosso,1,2011,1,10,10.0,0.0,99.0,0.0,0.0,99.0,0.0,0,8
842,67,Sébastien Buemi,5,Toro Rosso,2,2011,2,12,12.0,4.0,8.0,0.0,4.0,5.0,0.0,0,13
843,67,Sébastien Buemi,5,Toro Rosso,17,2011,3,9,9.0,4.0,10.0,0.0,4.0,6.0,0.0,0,14
844,67,Sébastien Buemi,5,Toro Rosso,5,2011,4,16,16.0,4.0,12.0,0.0,4.0,7.0,0.0,0,9
845,67,Sébastien Buemi,5,Toro Rosso,4,2011,5,11,11.0,6.0,12.0,0.0,6.0,7.0,0.0,0,14
846,67,Sébastien Buemi,5,Toro Rosso,6,2011,6,16,17.0,6.0,12.0,0.0,6.0,7.0,0.0,0,10
847,67,Sébastien Buemi,5,Toro Rosso,7,2011,7,15,15.0,7.0,13.0,0.0,7.0,8.0,0.0,0,10
848,67,Sébastien Buemi,5,Toro Rosso,12,2011,8,17,17.0,8.0,13.0,0.0,12.0,7.0,0.0,0,13
849,67,Sébastien Buemi,5,Toro Rosso,9,2011,9,19,19.0,8.0,14.0,0.0,16.0,7.0,0.0,0,21
850,67,Sébastien Buemi,5,Toro Rosso,20,2011,10,24,16.0,8.0,15.0,0.0,17.0,7.0,0.0,0,15
851,67,Sébastien Buemi,5,Toro Rosso,11,2011,11,23,18.0,8.0,15.0,0.0,17.0,8.0,0.0,0,8
852,67,Sébastien Buemi,5,Toro Rosso,13,2011,12,11,11.0,12.0,13.0,0.0,22.0,8.0,0.0,0,23
853,67,Sébastien Buemi,5,Toro Rosso,14,2011,13,16,16.0,12.0,13.0,0.0,22.0,8.0,0.0,0,10
854,67,Sébastien Buemi,5,Toro Rosso,15,2011,14,14,14.0,13.0,14.0,0.0,29.0,8.0,0.0,0,12
855,67,Sébastien Buemi,5,Toro Rosso,22,2011,15,15,15.0,13.0,15.0,0.0,29.0,8.0,0.0,0,24
856,67,Sébastien Buemi,5,Toro Rosso,35,2011,16,13,13.0,13.0,16.0,0.0,29.0,8.0,0.0,0,9
857,67,Sébastien Buemi,5,Toro Rosso,68,2011,17,9,9.0,15.0,15.0,0.0,37.0,8.0,0.0,0,21
858,67,Sébastien Buemi,5,Toro Rosso,24,2011,18,13,13.0,15.0,15.0,0.0,41.0,8.0,0.0,0,22
859,67,Sébastien Buemi,5,Toro Rosso,18,2011,19,14,14.0,15.0,15.0,0.0,41.0,8.0,0.0,0,12
191,68,Toranosuke Takagi,25,Tyrrell,1,1998,1,13,13.0,0.0,99.0,0.0,0.0,99.0,0.0,0,21
192,68,Toranosuke Takagi,25,Tyrrell,18,1998,2,17,17.0,0.0,99.0,0.0,0.0,99.0,0.0,0,18
193,68,Toranosuke Takagi,25,Tyrrell,25,1998,3,13,13.0,0.0,99.0,0.0,0.0,99.0,0.0,0,12
199,68,Toranosuke Takagi,25,Tyrrell,9,1998,9,17,17.0,0.0,22.0,0.0,0.0,10.0,0.0,0,9
200,68,Toranosuke Takagi,25,Tyrrell,70,1998,10,20,20.0,0.0,21.0,0.0,0.0,10.0,0.0,0,22
201,68,Toranosuke Takagi,25,Tyrrell,10,1998,11,15,15.0,0.0,22.0,0.0,0.0,10.0,0.0,0,13
203,68,Toranosuke Takagi,25,Tyrrell,13,1998,13,19,19.0,0.0,22.0,0.0,0.0,10.0,0.0,0,14
175,68,Toranosuke Takagi,21,Arrows,1,1999,1,17,17.0,0.0,99.0,0.0,0.0,99.0,0.0,0,7
176,68,Toranosuke Takagi,21,Arrows,18,1999,2,19,19.0,0.0,7.0,0.0,1.0,6.0,0.0,0,8
177,68,Toranosuke Takagi,21,Arrows,21,1999,3,20,20.0,0.0,10.0,0.0,1.0,7.0,0.0,0,16
240,69,Luca Badoer,18,Minardi,18,1995,1,18,18.0,0.0,99.0,0.0,0.0,99.0,0.0,0,13
241,69,Luca Badoer,18,Minardi,25,1995,2,13,13.0,0.0,99.0,0.0,0.0,99.0,0.0,0,26
242,69,Luca Badoer,18,Minardi,21,1995,3,20,20.0,0.0,99.0,0.0,0.0,99.0,0.0,0,14
243,69,Luca Badoer,18,Minardi,4,1995,4,21,21.0,0.0,21.0,0.0,0.0,12.0,0.0,0,23
244,69,Luca Badoer,18,Minardi,6,1995,5,16,16.0,0.0,25.0,0.0,0.0,13.0,0.0,0,11
245,69,Luca Badoer,18,Minardi,7,1995,6,19,19.0,0.0,26.0,0.0,0.0,9.0,0.0,0,8
246,69,Luca Badoer,18,Minardi,8,1995,7,17,17.0,0.0,17.0,0.0,0.0,10.0,0.0,0,13
247,69,Luca Badoer,18,Minardi,9,1995,8,18,18.0,0.0,18.0,0.0,0.0,10.0,0.0,0,10
248,69,Luca Badoer,18,Minardi,10,1995,9,16,16.0,0.0,18.0,0.0,0.0,10.0,0.0,0,12
249,69,Luca Badoer,18,Minardi,11,1995,10,12,12.0,0.0,21.0,0.0,0.0,10.0,0.0,0,8
250,69,Luca Badoer,18,Minardi,13,1995,11,19,19.0,0.0,20.0,0.0,0.0,10.0,0.0,0,17
251,69,Luca Badoer,18,Minardi,14,1995,12,18,18.0,0.0,20.0,0.0,0.0,10.0,0.0,0,15
252,69,Luca Badoer,18,Minardi,27,1995,13,18,18.0,0.0,21.0,0.0,0.0,10.0,0.0,0,14
253,69,Luca Badoer,18,Minardi,20,1995,14,18,18.0,0.0,21.0,0.0,0.0,10.0,0.0,0,11
254,69,Luca Badoer,18,Minardi,28,1995,15,16,16.0,0.0,21.0,0.0,0.0,10.0,0.0,0,15
255,69,Luca Badoer,18,Minardi,22,1995,16,17,18.0,0.0,21.0,0.0,0.0,10.0,0.0,0,9
256,69,Luca Badoer,18,Minardi,29,1995,17,15,15.0,0.0,21.0,0.0,0.0,10.0,0.0,0,23
225,69,Luca Badoer,28,Forti,18,1996,2,19,19.0,0.0,99.0,0.0,0.0,99.0,0.0,0,11
226,69,Luca Badoer,28,Forti,25,1996,3,21,21.0,0.0,15.0,0.0,0.0,10.0,0.0,0,21
228,69,Luca Badoer,28,Forti,21,1996,5,21,21.0,0.0,21.0,0.0,0.0,10.0,0.0,0,10
229,69,Luca Badoer,28,Forti,6,1996,6,21,21.0,0.0,20.0,0.0,0.0,11.0,0.0,0,10
175,69,Luca Badoer,18,Minardi,1,1999,1,21,21.0,0.0,99.0,0.0,0.0,99.0,0.0,0,10
177,69,Luca Badoer,18,Minardi,21,1999,3,22,22.0,0.0,99.0,0.0,0.0,9.0,0.0,0,8
11,69,Luca Badoer,6,Ferrari,12,2009,11,20,20.0,0.0,99.0,0.0,40.0,3.0,0.0,0,17
12,69,Luca Badoer,6,Ferrari,13,2009,12,20,20.0,0.0,23.0,0.0,46.0,3.0,0.0,0,14
261,70,Alessandro Zanardi,32,Team Lotus,4,1994,5,23,23.0,0.0,99.0,0.0,0.0,11.0,0.0,0,9
262,70,Alessandro Zanardi,32,Team Lotus,7,1994,6,23,23.0,0.0,25.0,0.0,0.0,11.0,0.0,0,15
263,70,Alessandro Zanardi,32,Team Lotus,8,1994,7,23,23.0,0.0,26.0,0.0,0.0,11.0,0.0,0,26
264,70,Alessandro Zanardi,32,Team Lotus,9,1994,8,19,19.0,0.0,26.0,0.0,0.0,11.0,0.0,0,24
265,70,Alessandro Zanardi,32,Team Lotus,10,1994,9,21,21.0,0.0,27.0,0.0,0.0,11.0,0.0,0,25
266,70,Alessandro Zanardi,32,Team Lotus,11,1994,10,22,22.0,0.0,28.0,0.0,0.0,12.0,0.0,0,13
268,70,Alessandro Zanardi,32,Team Lotus,14,1994,12,13,13.0,0.0,28.0,0.0,0.0,12.0,0.0,0,25
270,70,Alessandro Zanardi,32,Team Lotus,26,1994,14,21,21.0,0.0,29.0,0.0,0.0,12.0,0.0,0,16
271,70,Alessandro Zanardi,32,Team Lotus,22,1994,15,17,17.0,0.0,29.0,0.0,0.0,12.0,0.0,0,13
272,70,Alessandro Zanardi,32,Team Lotus,29,1994,16,14,14.0,0.0,30.0,0.0,0.0,12.0,0.0,0,18
175,70,Alessandro Zanardi,3,Williams,1,1999,1,15,15.0,0.0,99.0,0.0,0.0,99.0,0.0,0,17
176,70,Alessandro Zanardi,3,Williams,18,1999,2,16,16.0,0.0,99.0,0.0,4.0,3.0,0.0,0,12
177,70,Alessandro Zanardi,3,Williams,21,1999,3,10,10.0,0.0,99.0,0.0,7.0,4.0,0.0,0,11
257,71,Damon Hill,3,Williams,18,1994,1,4,4.0,0.0,99.0,0.0,0.0,99.0,0.0,1,2
258,71,Damon Hill,3,Williams,28,1994,2,3,3.0,6.0,2.0,0.0,6.0,2.0,0.0,0,18
259,71,Damon Hill,3,Williams,21,1994,3,4,4.0,6.0,3.0,0.0,6.0,4.0,0.0,0,6
261,71,Damon Hill,3,Williams,4,1994,5,2,2.0,7.0,3.0,0.0,7.0,5.0,0.0,1,1
262,71,Damon Hill,3,Williams,7,1994,6,4,4.0,17.0,2.0,1.0,17.0,3.0,1.0,1,2
263,71,Damon Hill,3,Williams,8,1994,7,1,1.0,23.0,2.0,1.0,25.0,3.0,1.0,1,2
264,71,Damon Hill,3,Williams,9,1994,8,1,1.0,29.0,2.0,1.0,31.0,3.0,1.0,1,1
265,71,Damon Hill,3,Williams,10,1994,9,3,3.0,39.0,2.0,2.0,43.0,2.0,2.0,0,8
266,71,Damon Hill,3,Williams,11,1994,10,2,2.0,39.0,2.0,2.0,43.0,3.0,2.0,1,2
267,71,Damon Hill,3,Williams,13,1994,11,3,3.0,45.0,2.0,2.0,49.0,3.0,2.0,1,1
268,71,Damon Hill,3,Williams,14,1994,12,3,3.0,55.0,2.0,3.0,62.0,2.0,3.0,1,1
269,71,Damon Hill,3,Williams,27,1994,13,2,2.0,65.0,2.0,4.0,73.0,2.0,4.0,1,1
270,71,Damon Hill,3,Williams,26,1994,14,2,2.0,75.0,2.0,5.0,89.0,1.0,5.0,1,2
271,71,Damon Hill,3,Williams,22,1994,15,2,2.0,81.0,2.0,5.0,95.0,2.0,5.0,1,1
272,71,Damon Hill,3,Williams,29,1994,16,3,3.0,91.0,2.0,6.0,108.0,1.0,6.0,0,19
240,71,Damon Hill,3,Williams,18,1995,1,1,1.0,0.0,99.0,0.0,0.0,99.0,0.0,0,16
241,71,Damon Hill,3,Williams,25,1995,2,2,2.0,0.0,99.0,0.0,6.0,2.0,0.0,1,1
242,71,Damon Hill,3,Williams,21,1995,3,4,4.0,10.0,2.0,1.0,16.0,2.0,1.0,1,1
243,71,Damon Hill,3,Williams,4,1995,4,5,5.0,20.0,1.0,2.0,29.0,1.0,2.0,0,4
244,71,Damon Hill,3,Williams,6,1995,5,1,1.0,23.0,2.0,2.0,32.0,2.0,2.0,1,2
245,71,Damon Hill,3,Williams,7,1995,6,2,2.0,29.0,2.0,2.0,38.0,2.0,2.0,0,14
246,71,Damon Hill,3,Williams,8,1995,7,1,1.0,29.0,2.0,2.0,38.0,3.0,2.0,1,2
247,71,Damon Hill,3,Williams,9,1995,8,1,1.0,35.0,2.0,2.0,48.0,2.0,2.0,0,15
248,71,Damon Hill,3,Williams,10,1995,9,1,1.0,35.0,2.0,2.0,52.0,2.0,2.0,0,22
249,71,Damon Hill,3,Williams,11,1995,10,1,1.0,35.0,2.0,2.0,58.0,2.0,2.0,1,1
250,71,Damon Hill,3,Williams,13,1995,11,8,8.0,45.0,2.0,3.0,74.0,2.0,3.0,1,2
251,71,Damon Hill,3,Williams,14,1995,12,4,4.0,51.0,2.0,3.0,80.0,2.0,3.0,0,17
252,71,Damon Hill,3,Williams,27,1995,13,2,2.0,51.0,2.0,3.0,80.0,2.0,3.0,1,3
253,71,Damon Hill,3,Williams,20,1995,14,2,2.0,55.0,2.0,3.0,94.0,2.0,4.0,0,16
254,71,Damon Hill,3,Williams,28,1995,15,2,2.0,55.0,2.0,3.0,98.0,2.0,4.0,1,3
255,71,Damon Hill,3,Williams,22,1995,16,4,4.0,59.0,2.0,3.0,108.0,2.0,4.0,0,13
256,71,Damon Hill,3,Williams,29,1995,17,1,1.0,59.0,2.0,3.0,108.0,2.0,4.0,1,1
224,71,Damon Hill,3,Williams,1,1996,1,2,2.0,0.0,99.0,0.0,0.0,99.0,0.0,1,1
225,71,Damon Hill,3,Williams,18,1996,2,1,1.0,10.0,1.0,1.0,16.0,1.0,1.0,1,1
226,71,Damon Hill,3,Williams,25,1996,3,1,1.0,20.0,1.0,2.0,26.0,1.0,2.0,1,1
227,71,Damon Hill,3,Williams,20,1996,4,1,1.0,30.0,1.0,3.0,42.0,1.0,3.0,0,4
228,71,Damon Hill,3,Williams,21,1996,5,2,2.0,33.0,1.0,3.0,55.0,1.0,4.0,1,1
229,71,Damon Hill,3,Williams,6,1996,6,2,2.0,43.0,1.0,4.0,65.0,1.0,5.0,0,11
230,71,Damon Hill,3,Williams,4,1996,7,1,1.0,43.0,1.0,4.0,65.0,1.0,5.0,0,13
207,71,Damon Hill,21,Arrows,1,1997,1,20,20.0,0.0,99.0,0.0,0.0,99.0,0.0,0,22
208,71,Damon Hill,21,Arrows,18,1997,2,9,9.0,0.0,99.0,0.0,0.0,8.0,0.0,0,17
209,71,Damon Hill,21,Arrows,25,1997,3,13,13.0,0.0,18.0,0.0,0.0,9.0,0.0,0,16
210,71,Damon Hill,21,Arrows,21,1997,4,15,15.0,0.0,20.0,0.0,0.0,10.0,0.0,0,19
211,71,Damon Hill,21,Arrows,6,1997,5,13,13.0,0.0,21.0,0.0,0.0,10.0,0.0,0,21
212,71,Damon Hill,21,Arrows,4,1997,6,15,15.0,0.0,22.0,0.0,0.0,11.0,0.0,0,21
213,71,Damon Hill,21,Arrows,7,1997,7,15,15.0,0.0,23.0,0.0,0.0,11.0,0.0,0,9
214,71,Damon Hill,21,Arrows,8,1997,8,17,17.0,0.0,21.0,0.0,0.0,10.0,0.0,0,12
215,71,Damon Hill,21,Arrows,9,1997,9,12,12.0,0.0,21.0,0.0,0.0,10.0,0.0,0,6
216,71,Damon Hill,21,Arrows,10,1997,10,13,13.0,1.0,18.0,0.0,1.0,10.0,0.0,0,8
191,71,Damon Hill,17,Jordan,1,1998,1,10,10.0,0.0,99.0,0.0,0.0,99.0,0.0,0,8
192,71,Damon Hill,17,Jordan,18,1998,2,11,11.0,0.0,8.0,0.0,0.0,6.0,0.0,0,12
193,71,Damon Hill,17,Jordan,25,1998,3,9,9.0,0.0,10.0,0.0,0.0,6.0,0.0,0,8
199,71,Damon Hill,17,Jordan,9,1998,9,7,7.0,0.0,17.0,0.0,0.0,8.0,0.0,0,22
200,71,Damon Hill,17,Jordan,70,1998,10,15,15.0,0.0,17.0,0.0,1.0,8.0,0.0,0,7
201,71,Damon Hill,17,Jordan,10,1998,11,5,5.0,0.0,16.0,0.0,3.0,8.0,0.0,0,4
203,71,Damon Hill,17,Jordan,13,1998,13,3,3.0,6.0,9.0,0.0,10.0,5.0,0.0,1,1
175,71,Damon Hill,17,Jordan,1,1999,1,9,9.0,0.0,99.0,0.0,0.0,99.0,0.0,0,20
176,71,Damon Hill,17,Jordan,18,1999,2,7,7.0,0.0,99.0,0.0,6.0,2.0,0.0,0,21
177,71,Damon Hill,17,Jordan,21,1999,3,8,8.0,0.0,99.0,0.0,10.0,3.0,0.0,0,4
176,72,Stéphane Sarrazin,18,Minardi,18,1999,2,18,17.0,0.0,99.0,0.0,0.0,99.0,0.0,0,16
224,73,Ricardo Rosset,29,Footwork,1,1996,1,18,18.0,0.0,99.0,0.0,0.0,99.0,0.0,0,9
225,73,Ricardo Rosset,29,Footwork,18,1996,2,17,17.0,0.0,9.0,0.0,0.0,8.0,0.0,0,20
226,73,Ricardo Rosset,29,Footwork,25,1996,3,20,20.0,0.0,13.0,0.0,0.0,8.0,0.0,0,20
227,73,Ricardo Rosset,29,Footwork,20,1996,4,20,20.0,0.0,17.0,0.0,1.0,8.0,0.0,0,11
228,73,Ricardo Rosset,29,Footwork,21,1996,5,20,20.0,0.0,18.0,0.0,1.0,8.0,0.0,0,15
229,73,Ricardo Rosset,29,Footwork,6,1996,6,20,20.0,0.0,19.0,0.0,1.0,8.0,0.0,0,15
230,73,Ricardo Rosset,29,Footwork,4,1996,7,20,20.0,0.0,19.0,0.0,1.0,9.0,0.0,0,19
191,73,Ricardo Rosset,25,Tyrrell,1,1998,1,19,19.0,0.0,99.0,0.0,0.0,99.0,0.0,0,13
192,73,Ricardo Rosset,25,Tyrrell,18,1998,2,21,21.0,0.0,99.0,0.0,0.0,99.0,0.0,0,15
193,73,Ricardo Rosset,25,Tyrrell,25,1998,3,21,21.0,0.0,99.0,0.0,0.0,99.0,0.0,0,14
199,73,Ricardo Rosset,25,Tyrrell,9,1998,9,20,20.0,0.0,18.0,0.0,0.0,10.0,0.0,0,17
200,73,Ricardo Rosset,25,Tyrrell,70,1998,10,22,22.0,0.0,18.0,0.0,0.0,10.0,0.0,0,12
203,73,Ricardo Rosset,25,Tyrrell,13,1998,13,20,20.0,0.0,18.0,0.0,0.0,10.0,0.0,0,22
191,74,Esteban Tuero,18,Minardi,1,1998,1,17,17.0,0.0,99.0,0.0,0.0,99.0,0.0,0,15
192,74,Esteban Tuero,18,Minardi,18,1998,2,19,19.0,0.0,99.0,0.0,0.0,99.0,0.0,0,16
193,74,Esteban Tuero,18,Minardi,25,1998,3,20,20.0,0.0,99.0,0.0,0.0,99.0,0.0,0,16
199,74,Esteban Tuero,18,Minardi,9,1998,9,18,18.0,0.0,19.0,0.0,0.0,9.0,0.0,0,18
200,74,Esteban Tuero,18,Minardi,70,1998,10,19,19.0,0.0,19.0,0.0,0.0,9.0,0.0,0,14
201,74,Esteban Tuero,18,Minardi,10,1998,11,21,21.0,0.0,19.0,0.0,0.0,9.0,0.0,0,16
203,74,Esteban Tuero,18,Minardi,13,1998,13,22,22.0,0.0,19.0,0.0,0.0,9.0,0.0,0,12
207,75,Shinji Nakano,20,Prost,1,1997,1,16,16.0,0.0,99.0,0.0,0.0,99.0,0.0,0,7
208,75,Shinji Nakano,20,Prost,18,1997,2,15,15.0,0.0,7.0,0.0,2.0,4.0,0.0,0,14
209,75,Shinji Nakano,20,Prost,25,1997,3,20,20.0,0.0,9.0,0.0,6.0,5.0,0.0,0,13
210,75,Shinji Nakano,20,Prost,21,1997,4,18,18.0,0.0,12.0,0.0,6.0,5.0,0.0,0,18
211,75,Shinji Nakano,20,Prost,6,1997,5,21,21.0,0.0,14.0,0.0,6.0,6.0,0.0,0,12
212,75,Shinji Nakano,20,Prost,4,1997,6,16,16.0,0.0,17.0,0.0,9.0,5.0,0.0,0,20
213,75,Shinji Nakano,20,Prost,7,1997,7,19,19.0,0.0,17.0,0.0,15.0,5.0,0.0,0,6
214,75,Shinji Nakano,20,Prost,8,1997,8,12,13.0,1.0,16.0,0.0,16.0,5.0,0.0,0,21
215,75,Shinji Nakano,20,Prost,9,1997,9,15,14.0,1.0,16.0,0.0,16.0,5.0,0.0,0,11
216,75,Shinji Nakano,20,Prost,10,1997,10,17,17.0,1.0,16.0,0.0,16.0,5.0,0.0,0,7
191,75,Shinji Nakano,18,Minardi,1,1998,1,22,22.0,0.0,99.0,0.0,0.0,99.0,0.0,0,16
192,75,Shinji Nakano,18,Minardi,18,1998,2,18,18.0,0.0,99.0,0.0,0.0,99.0,0.0,0,21
193,75,Shinji Nakano,18,Minardi,25,1998,3,19,19.0,0.0,99.0,0.0,0.0,99.0,0.0,0,13
199,75,Shinji Nakano,18,Minardi,9,1998,9,19,19.0,0.0,15.0,0.0,0.0,9.0,0.0,0,8
200,75,Shinji Nakano,18,Minardi,70,1998,10,21,21.0,0.0,16.0,0.0,0.0,9.0,0.0,0,11
201,75,Shinji Nakano,18,Minardi,10,1998,11,20,20.0,0.0,17.0,0.0,0.0,9.0,0.0,0,18
203,75,Shinji Nakano,18,Minardi,13,1998,13,21,21.0,0.0,17.0,0.0,0.0,9.0,0.0,0,8
254,76,Jan Magnussen,1,McLaren,28,1995,15,12,12.0,0.0,99.0,0.0,21.0,4.0,0.0,0,10
207,76,Jan Magnussen,24,Stewart,1,1997,1,19,19.0,0.0,99.0,0.0,0.0,99.0,0.0,0,13
208,76,Jan Magnussen,24,Stewart,18,1997,2,20,20.0,0.0,99.0,0.0,0.0,99.0,0.0,0,22
209,76,Jan Magnussen,24,Stewart,25,1997,3,15,15.0,0.0,99.0,0.0,0.0,99.0,0.0,0,10
210,76,Jan Magnussen,24,Stewart,21,1997,4,16,16.0,0.0,18.0,0.0,0.0,11.0,0.0,0,21
211,76,Jan Magnussen,24,Stewart,6,1997,5,19,19.0,0.0,19.0,0.0,0.0,11.0,0.0,0,7
212,76,Jan Magnussen,24,Stewart,4,1997,6,22,22.0,0.0,16.0,0.0,6.0,7.0,0.0,0,13
213,76,Jan Magnussen,24,Stewart,7,1997,7,21,21.0,0.0,16.0,0.0,6.0,7.0,0.0,0,22
214,76,Jan Magnussen,24,Stewart,8,1997,8,15,15.0,0.0,17.0,0.0,6.0,8.0,0.0,0,18
215,76,Jan Magnussen,24,Stewart,9,1997,9,16,15.0,0.0,17.0,0.0,6.0,8.0,0.0,0,13
216,76,Jan Magnussen,24,Stewart,10,1997,10,15,15.0,0.0,19.0,0.0,6.0,8.0,0.0,0,15
191,76,Jan Magnussen,24,Stewart,1,1998,1,18,18.0,0.0,99.0,0.0,0.0,99.0,0.0,0,20
192,76,Jan Magnussen,24,Stewart,18,1998,2,16,16.0,0.0,99.0,0.0,0.0,99.0,0.0,0,10
193,76,Jan Magnussen,24,Stewart,25,1998,3,22,22.0,0.0,13.0,0.0,0.0,8.0,0.0,0,21
257,77,Gerhard Berger,6,Ferrari,18,1994,1,17,17.0,0.0,99.0,0.0,0.0,99.0,0.0,0,24
258,77,Gerhard Berger,6,Ferrari,28,1994,2,5,5.0,0.0,24.0,0.0,4.0,3.0,0.0,1,2
259,77,Gerhard Berger,6,Ferrari,21,1994,3,3,3.0,6.0,4.0,0.0,10.0,2.0,0.0,0,21
261,77,Gerhard Berger,6,Ferrari,4,1994,5,7,7.0,10.0,2.0,0.0,22.0,2.0,0.0,0,19
262,77,Gerhard Berger,6,Ferrari,7,1994,6,3,3.0,10.0,3.0,0.0,25.0,2.0,0.0,0,4
263,77,Gerhard Berger,6,Ferrari,8,1994,7,5,5.0,13.0,3.0,0.0,32.0,2.0,0.0,1,3
264,77,Gerhard Berger,6,Ferrari,9,1994,8,3,3.0,17.0,3.0,0.0,36.0,2.0,0.0,0,19
265,77,Gerhard Berger,6,Ferrari,10,1994,9,1,1.0,17.0,4.0,0.0,42.0,3.0,0.0,1,1
266,77,Gerhard Berger,6,Ferrari,11,1994,10,4,4.0,27.0,3.0,1.0,52.0,2.0,1.0,0,12
267,77,Gerhard Berger,6,Ferrari,13,1994,11,11,11.0,27.0,3.0,1.0,52.0,2.0,1.0,0,22
268,77,Gerhard Berger,6,Ferrari,14,1994,12,2,2.0,27.0,3.0,1.0,52.0,3.0,1.0,1,2
269,77,Gerhard Berger,6,Ferrari,27,1994,13,1,1.0,33.0,3.0,1.0,58.0,3.0,1.0,0,26
270,77,Gerhard Berger,6,Ferrari,26,1994,14,6,6.0,33.0,3.0,1.0,58.0,3.0,1.0,0,5
271,77,Gerhard Berger,6,Ferrari,22,1994,15,11,11.0,35.0,3.0,1.0,60.0,3.0,1.0,0,18
272,77,Gerhard Berger,6,Ferrari,29,1994,16,11,11.0,35.0,3.0,1.0,64.0,3.0,1.0,1,2
240,77,Gerhard Berger,6,Ferrari,18,1995,1,5,5.0,0.0,99.0,0.0,0.0,99.0,0.0,1,3
241,77,Gerhard Berger,6,Ferrari,25,1995,2,8,8.0,4.0,3.0,0.0,6.0,3.0,0.0,0,6
242,77,Gerhard Berger,6,Ferrari,21,1995,3,2,2.0,5.0,5.0,0.0,13.0,3.0,0.0,1,3
243,77,Gerhard Berger,6,Ferrari,4,1995,4,3,3.0,9.0,5.0,0.0,23.0,2.0,0.0,1,3
244,77,Gerhard Berger,6,Ferrari,6,1995,5,4,4.0,13.0,4.0,0.0,27.0,3.0,0.0,1,3
245,77,Gerhard Berger,6,Ferrari,7,1995,6,4,4.0,17.0,3.0,0.0,31.0,3.0,0.0,0,11
246,77,Gerhard Berger,6,Ferrari,8,1995,7,7,7.0,17.0,4.0,0.0,41.0,2.0,1.0,0,12
247,77,Gerhard Berger,6,Ferrari,9,1995,8,4,4.0,17.0,4.0,0.0,43.0,3.0,1.0,0,20
248,77,Gerhard Berger,6,Ferrari,10,1995,9,4,4.0,17.0,6.0,0.0,49.0,3.0,1.0,1,3
249,77,Gerhard Berger,6,Ferrari,11,1995,10,4,4.0,21.0,6.0,0.0,53.0,3.0,1.0,1,3
250,77,Gerhard Berger,6,Ferrari,13,1995,11,1,1.0,25.0,6.0,0.0,57.0,3.0,1.0,0,18
251,77,Gerhard Berger,6,Ferrari,14,1995,12,3,3.0,25.0,6.0,0.0,57.0,3.0,1.0,0,14
252,77,Gerhard Berger,6,Ferrari,27,1995,13,4,4.0,25.0,6.0,0.0,57.0,3.0,1.0,0,4
253,77,Gerhard Berger,6,Ferrari,20,1995,14,4,4.0,28.0,6.0,0.0,62.0,3.0,1.0,0,19
254,77,Gerhard Berger,6,Ferrari,28,1995,15,5,5.0,28.0,6.0,0.0,68.0,3.0,1.0,0,4
255,77,Gerhard Berger,6,Ferrari,22,1995,16,5,5.0,31.0,6.0,0.0,73.0,3.0,1.0,0,18
256,77,Gerhard Berger,6,Ferrari,29,1995,17,4,4.0,31.0,6.0,0.0,73.0,3.0,1.0,0,13
224,77,Gerhard Berger,22,Benetton,1,1996,1,7,7.0,0.0,99.0,0.0,0.0,99.0,0.0,0,4
225,77,Gerhard Berger,22,Benetton,18,1996,2,8,8.0,3.0,4.0,0.0,3.0,3.0,0.0,0,18
226,77,Gerhard Berger,22,Benetton,25,1996,3,5,5.0,3.0,7.0,0.0,9.0,2.0,0.0,0,11
227,77,Gerhard Berger,22,Benetton,20,1996,4,8,8.0,3.0,8.0,0.0,13.0,2.0,0.0,0,9
228,77,Gerhard Berger,22,Benetton,21,1996,5,7,7.0,3.0,9.0,0.0,13.0,3.0,0.0,1,3
229,77,Gerhard Berger,22,Benetton,6,1996,6,4,4.0,7.0,6.0,0.0,18.0,3.0,0.0,0,13
230,77,Gerhard Berger,22,Benetton,4,1996,7,5,5.0,7.0,8.0,0.0,18.0,3.0,0.0,0,9
207,77,Gerhard Berger,22,Benetton,1,1997,1,10,10.0,0.0,99.0,0.0,0.0,99.0,0.0,0,4
208,77,Gerhard Berger,22,Benetton,18,1997,2,3,3.0,3.0,4.0,0.0,3.0,3.0,0.0,1,2
209,77,Gerhard Berger,22,Benetton,25,1997,3,12,12.0,9.0,3.0,0.0,10.0,3.0,0.0,0,6
210,77,Gerhard Berger,22,Benetton,21,1997,4,11,11.0,10.0,3.0,0.0,11.0,4.0,0.0,0,20
211,77,Gerhard Berger,22,Benetton,6,1997,5,17,17.0,10.0,6.0,0.0,13.0,4.0,0.0,0,9
212,77,Gerhard Berger,22,Benetton,4,1997,6,6,6.0,10.0,6.0,0.0,13.0,4.0,0.0,0,10
216,77,Gerhard Berger,22,Benetton,10,1997,10,1,1.0,10.0,7.0,0.0,35.0,3.0,0.0,1,1
258,78,Nicola Larini,6,Ferrari,28,1994,2,7,7.0,0.0,99.0,0.0,4.0,3.0,0.0,0,25
259,78,Nicola Larini,6,Ferrari,21,1994,3,6,6.0,0.0,28.0,0.0,10.0,2.0,0.0,1,2
207,78,Nicola Larini,15,Sauber,1,1997,1,13,13.0,0.0,99.0,0.0,0.0,99.0,0.0,0,6
208,78,Nicola Larini,15,Sauber,18,1997,2,19,19.0,1.0,6.0,0.0,1.0,5.0,0.0,0,11
209,78,Nicola Larini,15,Sauber,25,1997,3,14,14.0,1.0,7.0,0.0,1.0,6.0,0.0,0,11
210,78,Nicola Larini,15,Sauber,21,1997,4,12,12.0,1.0,11.0,0.0,4.0,7.0,0.0,0,7
211,78,Nicola Larini,15,Sauber,6,1997,5,11,11.0,1.0,13.0,0.0,4.0,7.0,0.0,0,13
257,79,Ukyo Katayama,25,Tyrrell,18,1994,1,10,10.0,0.0,99.0,0.0,0.0,99.0,0.0,0,5
258,79,Ukyo Katayama,25,Tyrrell,28,1994,2,14,14.0,2.0,5.0,0.0,2.0,5.0,0.0,0,20
259,79,Ukyo Katayama,25,Tyrrell,21,1994,3,9,9.0,2.0,8.0,0.0,2.0,7.0,0.0,0,5
261,79,Ukyo Katayama,25,Tyrrell,4,1994,5,10,10.0,4.0,10.0,0.0,4.0,7.0,0.0,0,23
262,79,Ukyo Katayama,25,Tyrrell,7,1994,6,9,9.0,4.0,11.0,0.0,8.0,6.0,0.0,0,22
263,79,Ukyo Katayama,25,Tyrrell,8,1994,7,14,14.0,4.0,11.0,0.0,8.0,6.0,0.0,0,12
264,79,Ukyo Katayama,25,Tyrrell,9,1994,8,8,8.0,4.0,14.0,0.0,8.0,7.0,0.0,0,6
265,79,Ukyo Katayama,25,Tyrrell,10,1994,9,5,5.0,5.0,10.0,0.0,9.0,7.0,0.0,0,15
266,79,Ukyo Katayama,25,Tyrrell,11,1994,10,5,5.0,5.0,12.0,0.0,9.0,8.0,0.0,0,24
267,79,Ukyo Katayama,25,Tyrrell,13,1994,11,23,23.0,5.0,13.0,0.0,11.0,7.0,0.0,0,20
268,79,Ukyo Katayama,25,Tyrrell,14,1994,12,14,14.0,5.0,15.0,0.0,13.0,6.0,0.0,0,12
269,79,Ukyo Katayama,25,Tyrrell,27,1994,13,6,6.0,5.0,15.0,0.0,13.0,6.0,0.0,0,25
270,79,Ukyo Katayama,25,Tyrrell,26,1994,14,13,13.0,5.0,15.0,0.0,13.0,6.0,0.0,0,7
271,79,Ukyo Katayama,25,Tyrrell,22,1994,15,14,14.0,5.0,15.0,0.0,13.0,6.0,0.0,0,23
272,79,Ukyo Katayama,25,Tyrrell,29,1994,16,15,15.0,5.0,16.0,0.0,13.0,6.0,0.0,0,22
240,79,Ukyo Katayama,25,Tyrrell,18,1995,1,11,11.0,0.0,99.0,0.0,0.0,99.0,0.0,0,21
241,79,Ukyo Katayama,25,Tyrrell,25,1995,2,15,15.0,0.0,99.0,0.0,0.0,5.0,0.0,0,8
242,79,Ukyo Katayama,25,Tyrrell,21,1995,3,15,15.0,0.0,12.0,0.0,0.0,7.0,0.0,0,21
243,79,Ukyo Katayama,25,Tyrrell,4,1995,4,17,17.0,0.0,14.0,0.0,0.0,7.0,0.0,0,16
244,79,Ukyo Katayama,25,Tyrrell,6,1995,5,15,15.0,0.0,15.0,0.0,0.0,8.0,0.0,0,19
245,79,Ukyo Katayama,25,Tyrrell,7,1995,6,16,16.0,0.0,17.0,0.0,0.0,8.0,0.0,0,16
246,79,Ukyo Katayama,25,Tyrrell,8,1995,7,19,19.0,0.0,19.0,0.0,0.0,9.0,0.0,0,23
247,79,Ukyo Katayama,25,Tyrrell,9,1995,8,14,14.0,0.0,20.0,0.0,0.0,9.0,0.0,0,17
248,79,Ukyo Katayama,25,Tyrrell,10,1995,9,17,17.0,0.0,20.0,0.0,0.0,9.0,0.0,0,7
249,79,Ukyo Katayama,25,Tyrrell,11,1995,10,17,17.0,0.0,19.0,0.0,0.0,9.0,0.0,0,17
250,79,Ukyo Katayama,25,Tyrrell,13,1995,11,15,15.0,0.0,19.0,0.0,0.0,9.0,0.0,0,15
251,79,Ukyo Katayama,25,Tyrrell,14,1995,12,17,17.0,0.0,19.0,0.0,0.0,9.0,0.0,0,10
252,79,Ukyo Katayama,25,Tyrrell,27,1995,13,16,16.0,0.0,19.0,0.0,2.0,8.0,0.0,0,23
254,79,Ukyo Katayama,25,Tyrrell,28,1995,15,17,17.0,0.0,19.0,0.0,2.0,8.0,0.0,0,14
255,79,Ukyo Katayama,25,Tyrrell,22,1995,16,13,14.0,0.0,19.0,0.0,2.0,8.0,0.0,0,20
256,79,Ukyo Katayama,25,Tyrrell,29,1995,17,16,16.0,0.0,19.0,0.0,3.0,8.0,0.0,0,9
224,79,Ukyo Katayama,25,Tyrrell,1,1996,1,15,15.0,0.0,99.0,0.0,0.0,99.0,0.0,0,11
225,79,Ukyo Katayama,25,Tyrrell,18,1996,2,16,16.0,0.0,11.0,0.0,1.0,5.0,0.0,0,9
226,79,Ukyo Katayama,25,Tyrrell,25,1996,3,13,13.0,0.0,12.0,0.0,3.0,5.0,0.0,0,19
227,79,Ukyo Katayama,25,Tyrrell,20,1996,4,16,16.0,0.0,15.0,0.0,3.0,6.0,0.0,0,15
228,79,Ukyo Katayama,25,Tyrrell,21,1996,5,16,16.0,0.0,17.0,0.0,3.0,6.0,0.0,0,13
229,79,Ukyo Katayama,25,Tyrrell,6,1996,6,15,15.0,0.0,18.0,0.0,3.0,6.0,0.0,0,16
230,79,Ukyo Katayama,25,Tyrrell,4,1996,7,16,16.0,0.0,18.0,0.0,5.0,8.0,0.0,0,14
207,79,Ukyo Katayama,18,Minardi,1,1997,1,15,15.0,0.0,99.0,0.0,0.0,99.0,0.0,0,15
208,79,Ukyo Katayama,18,Minardi,18,1997,2,18,18.0,0.0,99.0,0.0,0.0,7.0,0.0,0,18
209,79,Ukyo Katayama,18,Minardi,25,1997,3,21,21.0,0.0,19.0,0.0,0.0,8.0,0.0,0,15
210,79,Ukyo Katayama,18,Minardi,21,1997,4,22,22.0,0.0,21.0,0.0,0.0,9.0,0.0,0,11
211,79,Ukyo Katayama,18,Minardi,6,1997,5,20,20.0,0.0,20.0,0.0,0.0,9.0,0.0,0,10
212,79,Ukyo Katayama,18,Minardi,4,1997,6,20,20.0,0.0,20.0,0.0,0.0,10.0,0.0,0,22
213,79,Ukyo Katayama,18,Minardi,7,1997,7,22,22.0,0.0,20.0,0.0,0.0,10.0,0.0,0,18
214,79,Ukyo Katayama,18,Minardi,8,1997,8,21,21.0,0.0,22.0,0.0,0.0,11.0,0.0,0,11
215,79,Ukyo Katayama,18,Minardi,9,1997,9,19,18.0,0.0,22.0,0.0,0.0,11.0,0.0,0,22
216,79,Ukyo Katayama,18,Minardi,10,1997,10,22,22.0,0.0,24.0,0.0,0.0,11.0,0.0,0,16
257,81,Gianni Morbidelli,29,Footwork,18,1994,1,6,6.0,0.0,99.0,0.0,0.0,99.0,0.0,0,23
258,81,Gianni Morbidelli,29,Footwork,28,1994,2,13,13.0,0.0,23.0,0.0,0.0,13.0,0.0,0,12
259,81,Gianni Morbidelli,29,Footwork,21,1994,3,11,11.0,0.0,18.0,0.0,3.0,5.0,0.0,0,16
261,81,Gianni Morbidelli,29,Footwork,4,1994,5,15,15.0,0.0,26.0,0.0,3.0,8.0,0.0,0,20
262,81,Gianni Morbidelli,29,Footwork,7,1994,6,11,11.0,0.0,28.0,0.0,3.0,8.0,0.0,0,19
263,81,Gianni Morbidelli,29,Footwork,8,1994,7,22,22.0,0.0,29.0,0.0,3.0,8.0,0.0,0,20
264,81,Gianni Morbidelli,29,Footwork,9,1994,8,16,16.0,0.0,30.0,0.0,3.0,9.0,0.0,0,23
265,81,Gianni Morbidelli,29,Footwork,10,1994,9,16,16.0,0.0,31.0,0.0,3.0,9.0,0.0,0,5
266,81,Gianni Morbidelli,29,Footwork,11,1994,10,19,19.0,2.0,19.0,0.0,8.0,9.0,0.0,0,21
267,81,Gianni Morbidelli,29,Footwork,13,1994,11,14,14.0,2.0,20.0,0.0,8.0,9.0,0.0,0,6
268,81,Gianni Morbidelli,29,Footwork,14,1994,12,17,17.0,3.0,20.0,0.0,9.0,9.0,0.0,0,26
269,81,Gianni Morbidelli,29,Footwork,27,1994,13,16,16.0,3.0,20.0,0.0,9.0,9.0,0.0,0,9
270,81,Gianni Morbidelli,29,Footwork,26,1994,14,8,8.0,3.0,20.0,0.0,9.0,9.0,0.0,0,11
271,81,Gianni Morbidelli,29,Footwork,22,1994,15,12,12.0,3.0,21.0,0.0,9.0,9.0,0.0,0,17
272,81,Gianni Morbidelli,29,Footwork,29,1994,16,21,21.0,3.0,22.0,0.0,9.0,9.0,0.0,0,24
240,81,Gianni Morbidelli,29,Footwork,18,1995,1,13,13.0,0.0,99.0,0.0,0.0,99.0,0.0,0,11
241,81,Gianni Morbidelli,29,Footwork,25,1995,2,12,12.0,0.0,99.0,0.0,0.0,99.0,0.0,0,15
242,81,Gianni Morbidelli,29,Footwork,21,1995,3,11,11.0,0.0,99.0,0.0,0.0,99.0,0.0,0,13
243,81,Gianni Morbidelli,29,Footwork,4,1995,4,14,14.0,0.0,20.0,0.0,0.0,13.0,0.0,0,11
244,81,Gianni Morbidelli,29,Footwork,6,1995,5,13,13.0,0.0,21.0,0.0,0.0,12.0,0.0,0,9
245,81,Gianni Morbidelli,29,Footwork,7,1995,6,13,13.0,0.0,18.0,0.0,0.0,10.0,0.0,0,6
246,81,Gianni Morbidelli,29,Footwork,8,1995,7,16,16.0,1.0,13.0,0.0,1.0,8.0,0.0,0,14
254,81,Gianni Morbidelli,29,Footwork,28,1995,15,19,19.0,1.0,14.0,0.0,1.0,9.0,0.0,0,19
255,81,Gianni Morbidelli,29,Footwork,22,1995,16,14,15.0,1.0,17.0,0.0,1.0,9.0,0.0,0,23
256,81,Gianni Morbidelli,29,Footwork,29,1995,17,13,13.0,1.0,17.0,0.0,1.0,9.0,0.0,1,3
212,81,Gianni Morbidelli,15,Sauber,4,1997,6,13,13.0,0.0,99.0,0.0,4.0,8.0,0.0,0,14
213,81,Gianni Morbidelli,15,Sauber,7,1997,7,18,18.0,0.0,22.0,0.0,6.0,8.0,0.0,0,10
214,82,Norberto Fontana,15,Sauber,8,1997,8,20,20.0,0.0,99.0,0.0,8.0,7.0,0.0,0,16
215,82,Norberto Fontana,15,Sauber,9,1997,9,14,22.0,0.0,99.0,0.0,8.0,7.0,0.0,0,9
216,82,Norberto Fontana,15,Sauber,10,1997,10,18,18.0,0.0,23.0,0.0,8.0,7.0,0.0,0,9
257,83,Pedro Lamy,32,Team Lotus,18,1994,1,24,24.0,0.0,99.0,0.0,0.0,99.0,0.0,0,10
258,83,Pedro Lamy,32,Team Lotus,28,1994,2,24,24.0,0.0,10.0,0.0,0.0,7.0,0.0,0,8
259,83,Pedro Lamy,32,Team Lotus,21,1994,3,22,22.0,0.0,12.0,0.0,0.0,9.0,0.0,0,25
249,83,Pedro Lamy,18,Minardi,11,1995,10,15,15.0,0.0,99.0,0.0,0.0,10.0,0.0,0,9
250,83,Pedro Lamy,18,Minardi,13,1995,11,17,17.0,0.0,24.0,0.0,0.0,10.0,0.0,0,10
251,83,Pedro Lamy,18,Minardi,14,1995,12,19,19.0,0.0,22.0,0.0,0.0,10.0,0.0,0,22
252,83,Pedro Lamy,18,Minardi,27,1995,13,17,17.0,0.0,25.0,0.0,0.0,10.0,0.0,0,22
253,83,Pedro Lamy,18,Minardi,20,1995,14,16,16.0,0.0,25.0,0.0,0.0,10.0,0.0,0,9
254,83,Pedro Lamy,18,Minardi,28,1995,15,14,14.0,0.0,24.0,0.0,0.0,10.0,0.0,0,13
255,83,Pedro Lamy,18,Minardi,22,1995,16,16,17.0,0.0,24.0,0.0,0.0,10.0,0.0,0,11
256,83,Pedro Lamy,18,Minardi,29,1995,17,17,17.0,0.0,24.0,0.0,0.0,10.0,0.0,0,6
224,83,Pedro Lamy,18,Minardi,1,1996,1,17,17.0,0.0,99.0,0.0,0.0,99.0,0.0,0,12
225,83,Pedro Lamy,18,Minardi,18,1996,2,18,18.0,0.0,99.0,0.0,0.0,99.0,0.0,0,10
226,83,Pedro Lamy,18,Minardi,25,1996,3,19,19.0,0.0,14.0,0.0,0.0,9.0,0.0,0,13
227,83,Pedro Lamy,18,Minardi,20,1996,4,19,19.0,0.0,18.0,0.0,0.0,11.0,0.0,0,12
228,83,Pedro Lamy,18,Minardi,21,1996,5,18,18.0,0.0,19.0,0.0,0.0,11.0,0.0,0,9
229,83,Pedro Lamy,18,Minardi,6,1996,6,19,19.0,0.0,17.0,0.0,0.0,10.0,0.0,0,19
230,83,Pedro Lamy,18,Minardi,4,1996,7,18,18.0,0.0,17.0,0.0,0.0,10.0,0.0,0,20
257,84,Martin Brundle,1,McLaren,18,1994,1,18,18.0,0.0,99.0,0.0,0.0,99.0,0.0,0,14
258,84,Martin Brundle,1,McLaren,28,1994,2,6,6.0,0.0,14.0,0.0,0.0,12.0,0.0,0,15
259,84,Martin Brundle,1,McLaren,21,1994,3,13,13.0,0.0,20.0,0.0,0.0,13.0,0.0,0,8
261,84,Martin Brundle,1,McLaren,4,1994,5,8,8.0,6.0,5.0,0.0,10.0,3.0,0.0,0,11
262,84,Martin Brundle,1,McLaren,7,1994,6,12,12.0,6.0,6.0,0.0,10.0,5.0,0.0,0,26
263,84,Martin Brundle,1,McLaren,8,1994,7,12,12.0,6.0,6.0,0.0,10.0,5.0,0.0,0,19
264,84,Martin Brundle,1,McLaren,9,1994,8,9,9.0,6.0,6.0,0.0,10.0,5.0,0.0,0,25
265,84,Martin Brundle,1,McLaren,10,1994,9,13,13.0,6.0,7.0,0.0,14.0,4.0,0.0,0,12
266,84,Martin Brundle,1,McLaren,11,1994,10,6,6.0,6.0,8.0,0.0,14.0,4.0,0.0,0,4
267,84,Martin Brundle,1,McLaren,13,1994,11,13,13.0,9.0,6.0,0.0,17.0,4.0,0.0,0,18
268,84,Martin Brundle,1,McLaren,14,1994,12,15,15.0,9.0,7.0,0.0,23.0,4.0,0.0,0,5
269,84,Martin Brundle,1,McLaren,27,1994,13,7,7.0,11.0,7.0,0.0,29.0,4.0,0.0,0,6
270,84,Martin Brundle,1,McLaren,26,1994,14,15,15.0,12.0,8.0,0.0,34.0,4.0,0.0,0,26
271,84,Martin Brundle,1,McLaren,22,1994,15,9,9.0,12.0,8.0,0.0,38.0,4.0,0.0,0,16
272,84,Martin Brundle,1,McLaren,29,1994,16,9,9.0,12.0,8.0,0.0,38.0,4.0,0.0,1,3
243,84,Martin Brundle,27,Ligier,4,1995,4,11,11.0,0.0,99.0,0.0,0.0,6.0,0.0,0,9
244,84,Martin Brundle,27,Ligier,6,1995,5,8,8.0,0.0,17.0,0.0,1.0,7.0,0.0,0,17
245,84,Martin Brundle,27,Ligier,7,1995,6,14,14.0,0.0,20.0,0.0,1.0,7.0,0.0,0,10
246,84,Martin Brundle,27,Ligier,8,1995,7,9,9.0,0.0,20.0,0.0,4.0,6.0,0.0,0,4
247,84,Martin Brundle,27,Ligier,9,1995,8,11,11.0,3.0,12.0,0.0,7.0,6.0,0.0,0,21
249,84,Martin Brundle,27,Ligier,11,1995,10,8,8.0,3.0,13.0,0.0,11.0,5.0,0.0,0,14
250,84,Martin Brundle,27,Ligier,13,1995,11,13,13.0,3.0,13.0,0.0,12.0,5.0,0.0,1,3
251,84,Martin Brundle,27,Ligier,14,1995,12,11,11.0,7.0,10.0,0.0,16.0,4.0,0.0,0,20
252,84,Martin Brundle,27,Ligier,27,1995,13,9,9.0,7.0,12.0,0.0,16.0,6.0,0.0,0,8
253,84,Martin Brundle,27,Ligier,20,1995,14,12,12.0,7.0,12.0,0.0,16.0,6.0,0.0,0,7
256,84,Martin Brundle,27,Ligier,29,1995,17,11,11.0,7.0,12.0,0.0,18.0,6.0,0.0,0,14
224,84,Martin Brundle,17,Jordan,1,1996,1,19,19.0,0.0,99.0,0.0,0.0,99.0,0.0,0,19
225,84,Martin Brundle,17,Jordan,18,1996,2,6,6.0,0.0,99.0,0.0,0.0,99.0,0.0,0,12
226,84,Martin Brundle,17,Jordan,25,1996,3,15,15.0,0.0,16.0,0.0,0.0,11.0,0.0,0,15
227,84,Martin Brundle,17,Jordan,20,1996,4,11,11.0,0.0,21.0,0.0,3.0,5.0,0.0,0,6
228,84,Martin Brundle,17,Jordan,21,1996,5,12,12.0,1.0,12.0,0.0,6.0,5.0,0.0,0,17
229,84,Martin Brundle,17,Jordan,6,1996,6,16,16.0,1.0,12.0,0.0,8.0,5.0,0.0,0,12
230,84,Martin Brundle,17,Jordan,4,1996,7,15,15.0,1.0,14.0,0.0,8.0,6.0,0.0,0,11
240,85,Andrea Montermini,30,Pacific,18,1995,1,22,22.0,0.0,99.0,0.0,0.0,99.0,0.0,0,9
241,85,Andrea Montermini,30,Pacific,25,1995,2,22,22.0,0.0,9.0,0.0,0.0,7.0,0.0,0,22
242,85,Andrea Montermini,30,Pacific,21,1995,3,24,24.0,0.0,14.0,0.0,0.0,8.0,0.0,0,23
243,85,Andrea Montermini,30,Pacific,4,1995,4,23,23.0,0.0,15.0,0.0,0.0,9.0,0.0,0,26
244,85,Andrea Montermini,30,Pacific,6,1995,5,25,25.0,0.0,18.0,0.0,0.0,10.0,0.0,0,20
245,85,Andrea Montermini,30,Pacific,7,1995,6,21,21.0,0.0,21.0,0.0,0.0,12.0,0.0,0,21
246,85,Andrea Montermini,30,Pacific,8,1995,7,21,21.0,0.0,23.0,0.0,0.0,12.0,0.0,0,17
247,85,Andrea Montermini,30,Pacific,9,1995,8,24,24.0,0.0,23.0,0.0,0.0,12.0,0.0,0,18
248,85,Andrea Montermini,30,Pacific,10,1995,9,23,23.0,0.0,23.0,0.0,0.0,12.0,0.0,0,8
249,85,Andrea Montermini,30,Pacific,11,1995,10,22,22.0,0.0,20.0,0.0,0.0,11.0,0.0,0,12
250,85,Andrea Montermini,30,Pacific,13,1995,11,21,21.0,0.0,21.0,0.0,0.0,11.0,0.0,0,21
251,85,Andrea Montermini,30,Pacific,14,1995,12,21,21.0,0.0,21.0,0.0,0.0,11.0,0.0,0,23
252,85,Andrea Montermini,30,Pacific,27,1995,13,21,21.0,0.0,23.0,0.0,0.0,11.0,0.0,0,18
253,85,Andrea Montermini,30,Pacific,20,1995,14,20,20.0,0.0,23.0,0.0,0.0,11.0,0.0,0,17
254,85,Andrea Montermini,30,Pacific,28,1995,15,23,23.0,0.0,23.0,0.0,0.0,11.0,0.0,0,21
255,85,Andrea Montermini,30,Pacific,22,1995,16,19,20.0,0.0,23.0,0.0,0.0,11.0,0.0,0,17
256,85,Andrea Montermini,30,Pacific,29,1995,17,22,22.0,0.0,23.0,0.0,0.0,11.0,0.0,0,22
225,85,Andrea Montermini,28,Forti,18,1996,2,20,20.0,0.0,99.0,0.0,0.0,99.0,0.0,0,19
226,85,Andrea Montermini,28,Forti,25,1996,3,22,22.0,0.0,99.0,0.0,0.0,10.0,0.0,0,10
228,85,Andrea Montermini,28,Forti,21,1996,5,22,22.0,0.0,20.0,0.0,0.0,10.0,0.0,0,22
229,85,Andrea Montermini,28,Forti,6,1996,6,22,22.0,0.0,21.0,0.0,0.0,11.0,0.0,0,22
248,86,Giovanni Lavaggi,30,Pacific,10,1995,9,24,24.0,0.0,99.0,0.0,0.0,12.0,0.0,0,13
249,86,Giovanni Lavaggi,30,Pacific,11,1995,10,24,24.0,0.0,99.0,0.0,0.0,11.0,0.0,0,23
250,86,Giovanni Lavaggi,30,Pacific,13,1995,11,23,23.0,0.0,99.0,0.0,0.0,11.0,0.0,0,16
251,86,Giovanni Lavaggi,30,Pacific,14,1995,12,24,24.0,0.0,99.0,0.0,0.0,11.0,0.0,0,21
257,87,Mark Blundell,25,Tyrrell,18,1994,1,12,12.0,0.0,99.0,0.0,0.0,99.0,0.0,0,18
258,87,Mark Blundell,25,Tyrrell,28,1994,2,12,12.0,0.0,18.0,0.0,2.0,5.0,0.0,0,26
259,87,Mark Blundell,25,Tyrrell,21,1994,3,12,12.0,0.0,24.0,0.0,2.0,7.0,0.0,0,9
261,87,Mark Blundell,25,Tyrrell,4,1994,5,11,11.0,0.0,22.0,0.0,4.0,7.0,0.0,1,3
262,87,Mark Blundell,25,Tyrrell,7,1994,6,13,13.0,4.0,8.0,0.0,8.0,6.0,0.0,0,10
263,87,Mark Blundell,25,Tyrrell,8,1994,7,17,17.0,4.0,8.0,0.0,8.0,6.0,0.0,0,10
264,87,Mark Blundell,25,Tyrrell,9,1994,8,11,11.0,4.0,9.0,0.0,8.0,7.0,0.0,0,20
265,87,Mark Blundell,25,Tyrrell,10,1994,9,7,7.0,4.0,11.0,0.0,9.0,7.0,0.0,0,17
266,87,Mark Blundell,25,Tyrrell,11,1994,10,11,11.0,4.0,14.0,0.0,9.0,8.0,0.0,0,5
267,87,Mark Blundell,25,Tyrrell,13,1994,11,12,12.0,6.0,10.0,0.0,11.0,7.0,0.0,0,5
268,87,Mark Blundell,25,Tyrrell,14,1994,12,21,21.0,8.0,9.0,0.0,13.0,6.0,0.0,0,15
269,87,Mark Blundell,25,Tyrrell,27,1994,13,12,12.0,8.0,9.0,0.0,13.0,6.0,0.0,0,18
270,87,Mark Blundell,25,Tyrrell,26,1994,14,14,14.0,8.0,10.0,0.0,13.0,6.0,0.0,0,13
271,87,Mark Blundell,25,Tyrrell,22,1994,15,13,13.0,8.0,10.0,0.0,13.0,6.0,0.0,0,14
272,87,Mark Blundell,25,Tyrrell,29,1994,16,13,13.0,8.0,10.0,0.0,13.0,6.0,0.0,0,14
240,87,Mark Blundell,1,McLaren,18,1995,1,9,9.0,0.0,99.0,0.0,0.0,99.0,0.0,0,6
241,87,Mark Blundell,1,McLaren,25,1995,2,17,17.0,1.0,6.0,0.0,4.0,4.0,0.0,0,20
244,87,Mark Blundell,1,McLaren,6,1995,5,10,10.0,1.0,9.0,0.0,6.0,4.0,0.0,0,5
245,87,Mark Blundell,1,McLaren,7,1995,6,10,10.0,3.0,9.0,0.0,8.0,4.0,0.0,0,15
246,87,Mark Blundell,1,McLaren,8,1995,7,13,13.0,3.0,12.0,0.0,8.0,5.0,0.0,0,11
247,87,Mark Blundell,1,McLaren,9,1995,8,10,10.0,3.0,13.0,0.0,8.0,5.0,0.0,0,5
248,87,Mark Blundell,1,McLaren,10,1995,9,8,8.0,5.0,11.0,0.0,10.0,6.0,0.0,0,16
249,87,Mark Blundell,1,McLaren,11,1995,10,13,13.0,5.0,11.0,0.0,10.0,6.0,0.0,0,16
250,87,Mark Blundell,1,McLaren,13,1995,11,6,6.0,5.0,12.0,0.0,10.0,6.0,0.0,0,5
251,87,Mark Blundell,1,McLaren,14,1995,12,9,9.0,7.0,11.0,0.0,12.0,6.0,0.0,0,4
252,87,Mark Blundell,1,McLaren,27,1995,13,12,12.0,10.0,9.0,0.0,21.0,4.0,0.0,0,9
253,87,Mark Blundell,1,McLaren,20,1995,14,10,10.0,10.0,9.0,0.0,21.0,4.0,0.0,0,23
254,87,Mark Blundell,1,McLaren,28,1995,15,10,10.0,10.0,10.0,0.0,21.0,4.0,0.0,0,9
255,87,Mark Blundell,1,McLaren,22,1995,16,23,24.0,10.0,10.0,0.0,21.0,4.0,0.0,0,7
256,87,Mark Blundell,1,McLaren,29,1995,17,10,10.0,10.0,12.0,0.0,27.0,4.0,0.0,0,4
258,88,Aguri Suzuki,17,Jordan,28,1994,2,20,20.0,0.0,99.0,0.0,3.0,4.0,0.0,0,19
240,88,Aguri Suzuki,27,Ligier,18,1995,1,15,15.0,0.0,99.0,0.0,0.0,99.0,0.0,0,8
241,88,Aguri Suzuki,27,Ligier,25,1995,2,19,19.0,0.0,8.0,0.0,0.0,6.0,0.0,0,13
242,88,Aguri Suzuki,27,Ligier,21,1995,3,16,16.0,0.0,13.0,0.0,0.0,6.0,0.0,0,11
248,88,Aguri Suzuki,27,Ligier,10,1995,9,18,18.0,0.0,12.0,0.0,10.0,5.0,0.0,0,6
254,88,Aguri Suzuki,27,Ligier,28,1995,15,13,13.0,1.0,15.0,0.0,16.0,7.0,0.0,0,22
255,88,Aguri Suzuki,27,Ligier,22,1995,16,0,13.0,1.0,16.0,0.0,16.0,7.0,0.0,0,24
271,89,Taki Inoue,31,Simtek,22,1994,15,26,26.0,0.0,99.0,0.0,0.0,13.0,0.0,0,24
240,89,Taki Inoue,29,Footwork,18,1995,1,21,21.0,0.0,99.0,0.0,0.0,99.0,0.0,0,12
241,89,Taki Inoue,29,Footwork,25,1995,2,26,26.0,0.0,99.0,0.0,0.0,99.0,0.0,0,16
242,89,Taki Inoue,29,Footwork,21,1995,3,19,19.0,0.0,99.0,0.0,0.0,99.0,0.0,0,25
243,89,Taki Inoue,29,Footwork,4,1995,4,18,18.0,0.0,99.0,0.0,0.0,13.0,0.0,0,19
244,89,Taki Inoue,29,Footwork,6,1995,5,26,26.0,0.0,99.0,0.0,0.0,12.0,0.0,0,18
245,89,Taki Inoue,29,Footwork,7,1995,6,22,22.0,0.0,99.0,0.0,0.0,10.0,0.0,0,9
246,89,Taki Inoue,29,Footwork,8,1995,7,18,18.0,0.0,22.0,0.0,1.0,8.0,0.0,0,22
247,89,Taki Inoue,29,Footwork,9,1995,8,19,19.0,0.0,22.0,0.0,1.0,8.0,0.0,0,22
248,89,Taki Inoue,29,Footwork,10,1995,9,19,19.0,0.0,22.0,0.0,1.0,8.0,0.0,0,20
249,89,Taki Inoue,29,Footwork,11,1995,10,18,18.0,0.0,23.0,0.0,1.0,8.0,0.0,0,21
250,89,Taki Inoue,29,Footwork,13,1995,11,18,18.0,0.0,23.0,0.0,1.0,8.0,0.0,0,12
251,89,Taki Inoue,29,Footwork,14,1995,12,20,20.0,0.0,23.0,0.0,1.0,8.0,0.0,0,8
252,89,Taki Inoue,29,Footwork,27,1995,13,19,19.0,0.0,22.0,0.0,1.0,9.0,0.0,0,15
253,89,Taki Inoue,29,Footwork,20,1995,14,21,21.0,0.0,22.0,0.0,1.0,9.0,0.0,0,24
254,89,Taki Inoue,29,Footwork,28,1995,15,20,20.0,0.0,22.0,0.0,1.0,9.0,0.0,0,20
255,89,Taki Inoue,29,Footwork,22,1995,16,18,19.0,0.0,22.0,0.0,1.0,9.0,0.0,0,12
256,89,Taki Inoue,29,Footwork,29,1995,17,19,19.0,0.0,22.0,0.0,1.0,9.0,0.0,0,20
240,90,Roberto Moreno,28,Forti,18,1995,1,23,23.0,0.0,99.0,0.0,0.0,99.0,0.0,0,14
241,90,Roberto Moreno,28,Forti,25,1995,2,24,24.0,0.0,99.0,0.0,0.0,8.0,0.0,0,11
242,90,Roberto Moreno,28,Forti,21,1995,3,25,25.0,0.0,99.0,0.0,0.0,10.0,0.0,0,16
243,90,Roberto Moreno,28,Forti,4,1995,4,25,25.0,0.0,99.0,0.0,0.0,11.0,0.0,0,21
244,90,Roberto Moreno,28,Forti,6,1995,5,24,24.0,0.0,99.0,0.0,0.0,11.0,0.0,0,23
245,90,Roberto Moreno,28,Forti,7,1995,6,23,23.0,0.0,99.0,0.0,0.0,13.0,0.0,0,13
246,90,Roberto Moreno,28,Forti,8,1995,7,24,24.0,0.0,99.0,0.0,0.0,13.0,0.0,0,16
247,90,Roberto Moreno,28,Forti,9,1995,8,22,22.0,0.0,28.0,0.0,0.0,13.0,0.0,0,13
248,90,Roberto Moreno,28,Forti,10,1995,9,22,22.0,0.0,29.0,0.0,0.0,13.0,0.0,0,14
249,90,Roberto Moreno,28,Forti,11,1995,10,21,21.0,0.0,29.0,0.0,0.0,13.0,0.0,0,22
250,90,Roberto Moreno,28,Forti,13,1995,11,22,22.0,0.0,30.0,0.0,0.0,13.0,0.0,0,14
251,90,Roberto Moreno,28,Forti,14,1995,12,22,22.0,0.0,30.0,0.0,0.0,13.0,0.0,0,24
252,90,Roberto Moreno,28,Forti,27,1995,13,23,23.0,0.0,31.0,0.0,0.0,12.0,0.0,0,17
253,90,Roberto Moreno,28,Forti,20,1995,14,23,23.0,0.0,31.0,0.0,0.0,12.0,0.0,0,20
254,90,Roberto Moreno,28,Forti,28,1995,15,22,22.0,0.0,31.0,0.0,0.0,12.0,0.0,0,16
255,90,Roberto Moreno,28,Forti,22,1995,16,21,22.0,0.0,32.0,0.0,0.0,12.0,0.0,0,22
256,90,Roberto Moreno,28,Forti,29,1995,17,20,20.0,0.0,32.0,0.0,0.0,12.0,0.0,0,17
257,91,Karl Wendlinger,15,Sauber,18,1994,1,7,7.0,0.0,99.0,0.0,0.0,99.0,0.0,0,6
258,91,Karl Wendlinger,15,Sauber,28,1994,2,19,19.0,1.0,6.0,0.0,1.0,6.0,0.0,0,13
259,91,Karl Wendlinger,15,Sauber,21,1994,3,10,10.0,1.0,10.0,0.0,3.0,6.0,0.0,0,4
240,91,Karl Wendlinger,15,Sauber,18,1995,1,19,19.0,0.0,99.0,0.0,0.0,99.0,0.0,0,15
241,91,Karl Wendlinger,15,Sauber,25,1995,2,21,21.0,0.0,99.0,0.0,0.0,99.0,0.0,0,25
242,91,Karl Wendlinger,15,Sauber,21,1995,3,21,21.0,0.0,99.0,0.0,2.0,5.0,0.0,0,17
243,91,Karl Wendlinger,15,Sauber,4,1995,4,20,20.0,0.0,99.0,0.0,3.0,5.0,0.0,0,13
255,91,Karl Wendlinger,15,Sauber,22,1995,16,15,16.0,0.0,24.0,0.0,18.0,6.0,0.0,0,10
256,91,Karl Wendlinger,15,Sauber,29,1995,17,18,18.0,0.0,27.0,0.0,18.0,7.0,0.0,0,21
257,92,Bertrand Gachot,30,Pacific,18,1994,1,25,25.0,0.0,99.0,0.0,0.0,99.0,0.0,0,26
259,92,Bertrand Gachot,30,Pacific,21,1994,3,25,25.0,0.0,29.0,0.0,0.0,14.0,0.0,0,19
261,92,Bertrand Gachot,30,Pacific,4,1994,5,25,25.0,0.0,29.0,0.0,0.0,14.0,0.0,0,18
262,92,Bertrand Gachot,30,Pacific,7,1994,6,26,26.0,0.0,31.0,0.0,0.0,14.0,0.0,0,20
240,92,Bertrand Gachot,30,Pacific,18,1995,1,20,20.0,0.0,99.0,0.0,0.0,99.0,0.0,0,18
241,92,Bertrand Gachot,30,Pacific,25,1995,2,23,23.0,0.0,99.0,0.0,0.0,7.0,0.0,0,24
242,92,Bertrand Gachot,30,Pacific,21,1995,3,22,22.0,0.0,99.0,0.0,0.0,8.0,0.0,0,18
243,92,Bertrand Gachot,30,Pacific,4,1995,4,24,24.0,0.0,99.0,0.0,0.0,9.0,0.0,0,20
244,92,Bertrand Gachot,30,Pacific,6,1995,5,21,21.0,0.0,99.0,0.0,0.0,10.0,0.0,0,15
245,92,Bertrand Gachot,30,Pacific,7,1995,6,20,20.0,0.0,99.0,0.0,0.0,12.0,0.0,0,17
246,92,Bertrand Gachot,30,Pacific,8,1995,7,22,22.0,0.0,99.0,0.0,0.0,12.0,0.0,0,19
247,92,Bertrand Gachot,30,Pacific,9,1995,8,21,21.0,0.0,99.0,0.0,0.0,12.0,0.0,0,12
254,92,Bertrand Gachot,30,Pacific,28,1995,15,24,24.0,0.0,26.0,0.0,0.0,11.0,0.0,0,24
255,92,Bertrand Gachot,30,Pacific,22,1995,16,22,23.0,0.0,29.0,0.0,0.0,11.0,0.0,0,21
256,92,Bertrand Gachot,30,Pacific,29,1995,17,23,23.0,0.0,30.0,0.0,0.0,11.0,0.0,0,8
270,93,Domenico Schiattarella,31,Simtek,26,1994,14,26,26.0,0.0,99.0,0.0,0.0,13.0,0.0,0,19
272,93,Domenico Schiattarella,31,Simtek,29,1994,16,26,26.0,0.0,34.0,0.0,0.0,13.0,0.0,0,21
240,93,Domenico Schiattarella,31,Simtek,18,1995,1,26,26.0,0.0,99.0,0.0,0.0,99.0,0.0,0,23
241,93,Domenico Schiattarella,31,Simtek,25,1995,2,20,20.0,0.0,99.0,0.0,0.0,99.0,0.0,0,9
242,93,Domenico Schiattarella,31,Simtek,21,1995,3,23,23.0,0.0,15.0,0.0,0.0,9.0,0.0,0,19
243,93,Domenico Schiattarella,31,Simtek,4,1995,4,22,22.0,0.0,16.0,0.0,0.0,10.0,0.0,0,15
244,93,Domenico Schiattarella,31,Simtek,6,1995,5,20,20.0,0.0,16.0,0.0,0.0,9.0,0.0,0,26
257,94,Pierluigi Martini,18,Minardi,18,1994,1,15,15.0,0.0,99.0,0.0,0.0,99.0,0.0,0,8
258,94,Pierluigi Martini,18,Minardi,28,1994,2,17,17.0,0.0,8.0,0.0,0.0,8.0,0.0,0,16
259,94,Pierluigi Martini,18,Minardi,21,1994,3,14,14.0,0.0,13.0,0.0,0.0,10.0,0.0,0,17
261,94,Pierluigi Martini,18,Minardi,4,1994,5,18,18.0,0.0,19.0,0.0,1.0,10.0,0.0,0,5
262,94,Pierluigi Martini,18,Minardi,7,1994,6,15,15.0,2.0,15.0,0.0,3.0,9.0,0.0,0,9
263,94,Pierluigi Martini,18,Minardi,8,1994,7,16,16.0,2.0,15.0,0.0,3.0,9.0,0.0,0,5
264,94,Pierluigi Martini,18,Minardi,9,1994,8,14,14.0,4.0,13.0,0.0,5.0,8.0,0.0,0,10
265,94,Pierluigi Martini,18,Minardi,10,1994,9,20,20.0,4.0,14.0,0.0,5.0,8.0,0.0,0,24
266,94,Pierluigi Martini,18,Minardi,11,1994,10,15,15.0,4.0,17.0,0.0,5.0,10.0,0.0,0,17
267,94,Pierluigi Martini,18,Minardi,13,1994,11,10,10.0,4.0,18.0,0.0,5.0,10.0,0.0,0,8
268,94,Pierluigi Martini,18,Minardi,14,1994,12,18,18.0,4.0,19.0,0.0,5.0,10.0,0.0,0,16
269,94,Pierluigi Martini,18,Minardi,27,1994,13,18,18.0,4.0,19.0,0.0,5.0,10.0,0.0,0,12
270,94,Pierluigi Martini,18,Minardi,26,1994,14,17,17.0,4.0,19.0,0.0,5.0,10.0,0.0,0,15
271,94,Pierluigi Martini,18,Minardi,22,1994,15,16,16.0,4.0,20.0,0.0,5.0,10.0,0.0,0,20
272,94,Pierluigi Martini,18,Minardi,29,1994,16,18,18.0,4.0,20.0,0.0,5.0,10.0,0.0,0,9
240,94,Pierluigi Martini,18,Minardi,18,1995,1,17,17.0,0.0,99.0,0.0,0.0,99.0,0.0,0,26
241,94,Pierluigi Martini,18,Minardi,25,1995,2,16,16.0,0.0,99.0,0.0,0.0,99.0,0.0,0,14
242,94,Pierluigi Martini,18,Minardi,21,1995,3,18,18.0,0.0,99.0,0.0,0.0,99.0,0.0,0,12
243,94,Pierluigi Martini,18,Minardi,4,1995,4,19,19.0,0.0,19.0,0.0,0.0,12.0,0.0,0,14
244,94,Pierluigi Martini,18,Minardi,6,1995,5,18,18.0,0.0,22.0,0.0,0.0,13.0,0.0,0,7
245,94,Pierluigi Martini,18,Minardi,7,1995,6,17,17.0,0.0,13.0,0.0,0.0,9.0,0.0,0,12
246,94,Pierluigi Martini,18,Minardi,8,1995,7,20,20.0,0.0,15.0,0.0,0.0,10.0,0.0,0,20
247,94,Pierluigi Martini,18,Minardi,9,1995,8,15,15.0,0.0,16.0,0.0,0.0,10.0,0.0,0,7
248,94,Pierluigi Martini,18,Minardi,10,1995,9,20,20.0,0.0,16.0,0.0,0.0,10.0,0.0,0,19
263,95,Nigel Mansell,3,Williams,8,1994,7,2,2.0,0.0,99.0,0.0,25.0,3.0,1.0,0,14
270,95,Nigel Mansell,3,Williams,26,1994,14,3,3.0,0.0,34.0,0.0,89.0,1.0,5.0,0,20
271,95,Nigel Mansell,3,Williams,22,1994,15,4,4.0,0.0,38.0,0.0,95.0,2.0,5.0,0,4
272,95,Nigel Mansell,3,Williams,29,1994,16,1,1.0,3.0,21.0,0.0,108.0,1.0,6.0,1,1
242,95,Nigel Mansell,1,McLaren,21,1995,3,9,9.0,0.0,99.0,0.0,4.0,4.0,0.0,0,10
243,95,Nigel Mansell,1,McLaren,4,1995,4,10,10.0,0.0,18.0,0.0,6.0,4.0,0.0,0,24
244,96,Jean-Christophe Boullion,15,Sauber,6,1995,5,19,19.0,0.0,99.0,0.0,3.0,5.0,0.0,0,8
245,96,Jean-Christophe Boullion,15,Sauber,7,1995,6,18,18.0,0.0,16.0,0.0,4.0,5.0,0.0,0,20
246,96,Jean-Christophe Boullion,15,Sauber,8,1995,7,15,15.0,0.0,18.0,0.0,4.0,7.0,0.0,0,18
247,96,Jean-Christophe Boullion,15,Sauber,9,1995,8,16,16.0,0.0,19.0,0.0,4.0,7.0,0.0,0,9
248,96,Jean-Christophe Boullion,15,Sauber,10,1995,9,14,14.0,0.0,17.0,0.0,5.0,7.0,0.0,0,5
249,96,Jean-Christophe Boullion,15,Sauber,11,1995,10,19,19.0,2.0,14.0,0.0,7.0,7.0,0.0,0,10
250,96,Jean-Christophe Boullion,15,Sauber,13,1995,11,14,14.0,2.0,14.0,0.0,9.0,7.0,0.0,0,11
251,96,Jean-Christophe Boullion,15,Sauber,14,1995,12,14,14.0,2.0,14.0,0.0,12.0,7.0,0.0,0,6
252,96,Jean-Christophe Boullion,15,Sauber,27,1995,13,14,14.0,3.0,14.0,0.0,17.0,5.0,0.0,0,12
253,96,Jean-Christophe Boullion,15,Sauber,20,1995,14,13,13.0,3.0,14.0,0.0,18.0,5.0,0.0,0,18
254,96,Jean-Christophe Boullion,15,Sauber,28,1995,15,15,15.0,3.0,14.0,0.0,18.0,6.0,0.0,0,23
247,97,Massimiliano Papis,29,Footwork,9,1995,8,17,17.0,0.0,99.0,0.0,1.0,8.0,0.0,0,16
248,97,Massimiliano Papis,29,Footwork,10,1995,9,15,15.0,0.0,99.0,0.0,1.0,8.0,0.0,0,24
249,97,Massimiliano Papis,29,Footwork,11,1995,10,20,20.0,0.0,99.0,0.0,1.0,8.0,0.0,0,18
250,97,Massimiliano Papis,29,Footwork,13,1995,11,20,20.0,0.0,99.0,0.0,1.0,8.0,0.0,0,20
251,97,Massimiliano Papis,29,Footwork,14,1995,12,15,15.0,0.0,99.0,0.0,1.0,8.0,0.0,0,7
252,97,Massimiliano Papis,29,Footwork,27,1995,13,20,20.0,0.0,20.0,0.0,1.0,9.0,0.0,0,24
253,97,Massimiliano Papis,29,Footwork,20,1995,14,17,17.0,0.0,20.0,0.0,1.0,9.0,0.0,0,12
272,98,Jean-Denis Délétraz,33,Larrousse,29,1994,16,25,25.0,0.0,99.0,0.0,2.0,11.0,0.0,0,15
252,98,Jean-Denis Délétraz,30,Pacific,27,1995,13,24,24.0,0.0,99.0,0.0,0.0,11.0,0.0,0,20
253,98,Jean-Denis Délétraz,30,Pacific,20,1995,14,24,24.0,0.0,99.0,0.0,0.0,11.0,0.0,0,15
253,99,Gabriele Tarquini,25,Tyrrell,20,1995,14,19,19.0,0.0,99.0,0.0,2.0,8.0,0.0,0,14
257,100,Érik Comas,33,Larrousse,18,1994,1,13,13.0,0.0,99.0,0.0,0.0,99.0,0.0,0,9
258,100,Érik Comas,33,Larrousse,28,1994,2,16,16.0,0.0,9.0,0.0,0.0,9.0,0.0,0,6
259,100,Érik Comas,33,Larrousse,21,1994,3,18,18.0,1.0,9.0,0.0,1.0,8.0,0.0,0,23
261,100,Érik Comas,33,Larrousse,4,1994,5,16,16.0,1.0,14.0,0.0,1.0,9.0,0.0,0,22
262,100,Érik Comas,33,Larrousse,7,1994,6,21,21.0,1.0,16.0,0.0,1.0,10.0,0.0,0,21
263,100,Érik Comas,33,Larrousse,8,1994,7,20,20.0,1.0,18.0,0.0,1.0,10.0,0.0,0,11
264,100,Érik Comas,33,Larrousse,9,1994,8,22,22.0,1.0,18.0,0.0,1.0,10.0,0.0,0,21
265,100,Érik Comas,33,Larrousse,10,1994,9,22,22.0,1.0,18.0,0.0,1.0,10.0,0.0,0,6
266,100,Érik Comas,33,Larrousse,11,1994,10,21,21.0,2.0,20.0,0.0,2.0,11.0,0.0,0,8
267,100,Érik Comas,33,Larrousse,13,1994,11,22,22.0,2.0,21.0,0.0,2.0,11.0,0.0,0,25
268,100,Érik Comas,33,Larrousse,14,1994,12,24,24.0,2.0,21.0,0.0,2.0,11.0,0.0,0,8
269,100,Érik Comas,33,Larrousse,27,1994,13,22,22.0,2.0,21.0,0.0,2.0,11.0,0.0,0,24
270,100,Érik Comas,33,Larrousse,26,1994,14,23,23.0,2.0,21.0,0.0,2.0,11.0,0.0,0,23
271,100,Érik Comas,33,Larrousse,22,1994,15,22,22.0,2.0,22.0,0.0,2.0,11.0,0.0,0,9
257,101,David Brabham,31,Simtek,18,1994,1,26,26.0,0.0,99.0,0.0,0.0,99.0,0.0,0,12
258,101,David Brabham,31,Simtek,28,1994,2,25,25.0,0.0,12.0,0.0,0.0,11.0,0.0,0,23
259,101,David Brabham,31,Simtek,21,1994,3,24,24.0,0.0,17.0,0.0,0.0,12.0,0.0,0,18
261,101,David Brabham,31,Simtek,4,1994,5,24,24.0,0.0,25.0,0.0,0.0,13.0,0.0,0,10
262,101,David Brabham,31,Simtek,7,1994,6,25,25.0,0.0,26.0,0.0,0.0,13.0,0.0,0,14
263,101,David Brabham,31,Simtek,8,1994,7,24,24.0,0.0,27.0,0.0,0.0,13.0,0.0,0,22
264,101,David Brabham,31,Simtek,9,1994,8,25,25.0,0.0,28.0,0.0,0.0,13.0,0.0,0,15
265,101,David Brabham,31,Simtek,10,1994,9,25,25.0,0.0,29.0,0.0,0.0,13.0,0.0,0,10
266,101,David Brabham,31,Simtek,11,1994,10,23,23.0,0.0,30.0,0.0,0.0,13.0,0.0,0,11
267,101,David Brabham,31,Simtek,13,1994,11,21,21.0,0.0,30.0,0.0,0.0,13.0,0.0,0,16
268,101,David Brabham,31,Simtek,14,1994,12,26,26.0,0.0,30.0,0.0,0.0,13.0,0.0,0,11
269,101,David Brabham,31,Simtek,27,1994,13,24,24.0,0.0,30.0,0.0,0.0,13.0,0.0,0,22
270,101,David Brabham,31,Simtek,26,1994,14,25,25.0,0.0,30.0,0.0,0.0,13.0,0.0,0,21
271,101,David Brabham,31,Simtek,22,1994,15,24,24.0,0.0,30.0,0.0,0.0,13.0,0.0,0,12
272,101,David Brabham,31,Simtek,29,1994,16,24,24.0,0.0,31.0,0.0,0.0,13.0,0.0,0,17
257,102,Ayrton Senna,3,Williams,18,1994,1,1,1.0,0.0,99.0,0.0,0.0,99.0,0.0,0,13
258,102,Ayrton Senna,3,Williams,28,1994,2,1,1.0,0.0,13.0,0.0,6.0,2.0,0.0,0,24
259,102,Ayrton Senna,3,Williams,21,1994,3,1,1.0,0.0,19.0,0.0,6.0,4.0,0.0,0,22
257,103,Éric Bernard,27,Ligier,18,1994,1,20,20.0,0.0,99.0,0.0,0.0,99.0,0.0,0,17
258,103,Éric Bernard,27,Ligier,28,1994,2,18,18.0,0.0,17.0,0.0,0.0,10.0,0.0,0,10
259,103,Éric Bernard,27,Ligier,21,1994,3,17,17.0,0.0,15.0,0.0,0.0,11.0,0.0,0,12
261,103,Éric Bernard,27,Ligier,4,1994,5,20,20.0,0.0,23.0,0.0,0.0,12.0,0.0,0,8
262,103,Éric Bernard,27,Ligier,7,1994,6,24,24.0,0.0,23.0,0.0,0.0,12.0,0.0,0,13
263,103,Éric Bernard,27,Ligier,8,1994,7,15,15.0,0.0,24.0,0.0,0.0,12.0,0.0,0,17
264,103,Éric Bernard,27,Ligier,9,1994,8,23,23.0,0.0,24.0,0.0,0.0,12.0,0.0,0,13
265,103,Éric Bernard,27,Ligier,10,1994,9,14,14.0,0.0,24.0,0.0,0.0,12.0,0.0,1,3
266,103,Éric Bernard,27,Ligier,11,1994,10,18,18.0,4.0,13.0,0.0,10.0,6.0,0.0,0,10
267,103,Éric Bernard,27,Ligier,13,1994,11,16,16.0,4.0,14.0,0.0,11.0,6.0,0.0,0,10
268,103,Éric Bernard,27,Ligier,14,1994,12,12,12.0,4.0,16.0,0.0,11.0,7.0,0.0,0,7
269,103,Éric Bernard,27,Ligier,27,1994,13,21,21.0,4.0,16.0,0.0,11.0,7.0,0.0,0,10
270,103,Éric Bernard,32,Team Lotus,26,1994,14,22,22.0,4.0,16.0,0.0,0.0,12.0,0.0,0,18
257,104,Christian Fittipaldi,29,Footwork,18,1994,1,11,11.0,0.0,99.0,0.0,0.0,99.0,0.0,0,19
258,104,Christian Fittipaldi,29,Footwork,28,1994,2,9,9.0,0.0,19.0,0.0,0.0,13.0,0.0,0,4
259,104,Christian Fittipaldi,29,Footwork,21,1994,3,16,16.0,3.0,6.0,0.0,3.0,5.0,0.0,0,13
261,104,Christian Fittipaldi,29,Footwork,4,1994,5,21,21.0,3.0,11.0,0.0,3.0,8.0,0.0,0,16
262,104,Christian Fittipaldi,29,Footwork,7,1994,6,16,16.0,3.0,12.0,0.0,3.0,8.0,0.0,0,16
263,104,Christian Fittipaldi,29,Footwork,8,1994,7,18,18.0,3.0,12.0,0.0,3.0,8.0,0.0,0,8
264,104,Christian Fittipaldi,29,Footwork,9,1994,8,20,20.0,3.0,15.0,0.0,3.0,9.0,0.0,0,9
265,104,Christian Fittipaldi,29,Footwork,10,1994,9,17,17.0,3.0,16.0,0.0,3.0,9.0,0.0,0,4
266,104,Christian Fittipaldi,29,Footwork,11,1994,10,16,16.0,6.0,10.0,0.0,8.0,9.0,0.0,0,14
267,104,Christian Fittipaldi,29,Footwork,13,1994,11,24,24.0,6.0,11.0,0.0,8.0,9.0,0.0,0,15
268,104,Christian Fittipaldi,29,Footwork,14,1994,12,19,19.0,6.0,13.0,0.0,9.0,9.0,0.0,0,13
269,104,Christian Fittipaldi,29,Footwork,27,1994,13,11,11.0,6.0,13.0,0.0,9.0,9.0,0.0,0,8
270,104,Christian Fittipaldi,29,Footwork,26,1994,14,19,19.0,6.0,13.0,0.0,9.0,9.0,0.0,0,17
271,104,Christian Fittipaldi,29,Footwork,22,1994,15,18,18.0,6.0,13.0,0.0,9.0,9.0,0.0,0,8
272,104,Christian Fittipaldi,29,Footwork,29,1994,16,19,19.0,6.0,14.0,0.0,9.0,9.0,0.0,0,8
257,105,Michele Alboreto,18,Minardi,18,1994,1,22,22.0,0.0,99.0,0.0,0.0,99.0,0.0,0,22
258,105,Michele Alboreto,18,Minardi,28,1994,2,15,15.0,0.0,22.0,0.0,0.0,8.0,0.0,0,14
259,105,Michele Alboreto,18,Minardi,21,1994,3,15,15.0,0.0,21.0,0.0,0.0,10.0,0.0,0,15
261,105,Michele Alboreto,18,Minardi,4,1994,5,14,14.0,1.0,15.0,0.0,1.0,10.0,0.0,0,24
262,105,Michele Alboreto,18,Minardi,7,1994,6,18,18.0,1.0,17.0,0.0,3.0,9.0,0.0,0,11
263,105,Michele Alboreto,18,Minardi,8,1994,7,21,21.0,1.0,19.0,0.0,3.0,9.0,0.0,0,25
264,105,Michele Alboreto,18,Minardi,9,1994,8,17,17.0,1.0,19.0,0.0,5.0,8.0,0.0,0,18
265,105,Michele Alboreto,18,Minardi,10,1994,9,23,23.0,1.0,19.0,0.0,5.0,8.0,0.0,0,26
266,105,Michele Alboreto,18,Minardi,11,1994,10,20,20.0,1.0,22.0,0.0,5.0,10.0,0.0,0,7
267,105,Michele Alboreto,18,Minardi,13,1994,11,18,18.0,1.0,22.0,0.0,5.0,10.0,0.0,0,9
268,105,Michele Alboreto,18,Minardi,14,1994,12,22,22.0,1.0,22.0,0.0,5.0,10.0,0.0,0,17
269,105,Michele Alboreto,18,Minardi,27,1994,13,19,19.0,1.0,22.0,0.0,5.0,10.0,0.0,0,13
270,105,Michele Alboreto,18,Minardi,26,1994,14,20,20.0,1.0,22.0,0.0,5.0,10.0,0.0,0,14
271,105,Michele Alboreto,18,Minardi,22,1994,15,21,21.0,1.0,23.0,0.0,5.0,10.0,0.0,0,21
272,105,Michele Alboreto,18,Minardi,29,1994,16,16,16.0,1.0,24.0,0.0,5.0,10.0,0.0,0,13
257,106,Olivier Beretta,33,Larrousse,18,1994,1,23,23.0,0.0,99.0,0.0,0.0,99.0,0.0,0,25
258,106,Olivier Beretta,33,Larrousse,28,1994,2,21,21.0,0.0,25.0,0.0,0.0,9.0,0.0,0,22
259,106,Olivier Beretta,33,Larrousse,21,1994,3,23,23.0,0.0,27.0,0.0,1.0,8.0,0.0,0,20
261,106,Olivier Beretta,33,Larrousse,4,1994,5,17,17.0,0.0,20.0,0.0,1.0,9.0,0.0,0,26
262,106,Olivier Beretta,33,Larrousse,7,1994,6,22,22.0,0.0,24.0,0.0,1.0,10.0,0.0,0,18
263,106,Olivier Beretta,33,Larrousse,8,1994,7,25,25.0,0.0,25.0,0.0,1.0,10.0,0.0,0,18
264,106,Olivier Beretta,33,Larrousse,9,1994,8,24,24.0,0.0,25.0,0.0,1.0,10.0,0.0,0,14
265,106,Olivier Beretta,33,Larrousse,10,1994,9,24,24.0,0.0,25.0,0.0,1.0,10.0,0.0,0,7
266,106,Olivier Beretta,33,Larrousse,11,1994,10,25,25.0,0.0,25.0,0.0,2.0,11.0,0.0,0,9
258,107,Roland Ratzenberger,31,Simtek,28,1994,2,26,26.0,0.0,27.0,0.0,0.0,11.0,0.0,0,11
259,107,Roland Ratzenberger,31,Simtek,21,1994,3,0,26.0,0.0,16.0,0.0,0.0,12.0,0.0,0,26
259,108,Paul Belmondo,30,Pacific,21,1994,3,0,27.0,0.0,30.0,0.0,0.0,14.0,0.0,0,28
261,108,Paul Belmondo,30,Pacific,4,1994,5,26,26.0,0.0,28.0,0.0,0.0,14.0,0.0,0,25
259,109,Jyrki Järvilehto,22,Benetton,21,1994,3,5,5.0,0.0,99.0,0.0,20.0,1.0,2.0,0,24
261,109,Jyrki Järvilehto,22,Benetton,4,1994,5,4,4.0,0.0,17.0,0.0,40.0,1.0,4.0,0,12
262,109,Jyrki Järvilehto,22,Benetton,7,1994,6,20,20.0,0.0,21.0,0.0,46.0,1.0,4.0,0,6
268,109,Jyrki Järvilehto,22,Benetton,14,1994,12,20,20.0,1.0,17.0,0.0,85.0,1.0,7.0,0,9
269,109,Jyrki Järvilehto,22,Benetton,27,1994,13,14,14.0,1.0,23.0,0.0,85.0,1.0,7.0,0,19
271,109,Jyrki Järvilehto,15,Sauber,22,1994,15,15,15.0,1.0,23.0,0.0,11.0,8.0,0.0,0,25
272,109,Jyrki Järvilehto,15,Sauber,29,1994,16,17,17.0,1.0,25.0,0.0,12.0,7.0,0.0,0,10
259,110,Andrea de Cesaris,17,Jordan,21,1994,3,21,21.0,0.0,99.0,0.0,7.0,3.0,0.0,0,14
262,110,Andrea de Cesaris,15,Sauber,7,1994,6,14,14.0,3.0,12.0,0.0,6.0,7.0,0.0,0,24
263,110,Andrea de Cesaris,15,Sauber,8,1994,7,11,11.0,3.0,13.0,0.0,6.0,7.0,0.0,0,6
264,110,Andrea de Cesaris,15,Sauber,9,1994,8,18,18.0,4.0,12.0,0.0,10.0,6.0,0.0,0,22
265,110,Andrea de Cesaris,15,Sauber,10,1994,9,18,18.0,4.0,13.0,0.0,10.0,6.0,0.0,0,23
266,110,Andrea de Cesaris,15,Sauber,11,1994,10,17,17.0,4.0,16.0,0.0,10.0,7.0,0.0,0,20
267,110,Andrea de Cesaris,15,Sauber,13,1994,11,15,15.0,4.0,17.0,0.0,10.0,8.0,0.0,0,17
268,110,Andrea de Cesaris,15,Sauber,14,1994,12,8,8.0,4.0,18.0,0.0,10.0,8.0,0.0,0,19
269,110,Andrea de Cesaris,15,Sauber,27,1994,13,17,17.0,4.0,18.0,0.0,10.0,8.0,0.0,0,20
270,110,Andrea de Cesaris,15,Sauber,26,1994,14,18,18.0,4.0,18.0,0.0,10.0,8.0,0.0,0,22
263,111,Jean-Marc Gounon,31,Simtek,8,1994,7,26,26.0,0.0,99.0,0.0,0.0,13.0,0.0,0,9
264,111,Jean-Marc Gounon,31,Simtek,9,1994,8,26,26.0,0.0,27.0,0.0,0.0,13.0,0.0,0,16
265,111,Jean-Marc Gounon,31,Simtek,10,1994,9,26,26.0,0.0,28.0,0.0,0.0,13.0,0.0,0,9
266,111,Jean-Marc Gounon,31,Simtek,11,1994,10,26,26.0,0.0,29.0,0.0,0.0,13.0,0.0,0,23
267,111,Jean-Marc Gounon,31,Simtek,13,1994,11,25,25.0,0.0,29.0,0.0,0.0,13.0,0.0,0,11
268,111,Jean-Marc Gounon,31,Simtek,14,1994,12,25,25.0,0.0,28.0,0.0,0.0,13.0,0.0,0,20
269,111,Jean-Marc Gounon,31,Simtek,27,1994,13,26,26.0,0.0,28.0,0.0,0.0,13.0,0.0,0,15
266,112,Philippe Alliot,1,McLaren,11,1994,10,14,14.0,0.0,99.0,0.0,14.0,4.0,0.0,0,22
267,112,Philippe Alliot,33,Larrousse,13,1994,11,19,19.0,0.0,37.0,0.0,2.0,11.0,0.0,0,23
267,113,Philippe Adams,32,Team Lotus,13,1994,11,26,26.0,0.0,99.0,0.0,0.0,12.0,0.0,0,21
269,113,Philippe Adams,32,Team Lotus,27,1994,13,25,25.0,0.0,99.0,0.0,0.0,12.0,0.0,0,16
268,114,Yannick Dalmas,33,Larrousse,14,1994,12,23,23.0,0.0,99.0,0.0,2.0,11.0,0.0,0,21
269,114,Yannick Dalmas,33,Larrousse,27,1994,13,23,23.0,0.0,37.0,0.0,2.0,11.0,0.0,0,14
270,115,Hideki Noda,33,Larrousse,26,1994,14,24,24.0,0.0,99.0,0.0,2.0,11.0,0.0,0,25
271,115,Hideki Noda,33,Larrousse,22,1994,15,23,23.0,0.0,41.0,0.0,2.0,11.0,0.0,0,26
272,115,Hideki Noda,33,Larrousse,29,1994,16,23,23.0,0.0,44.0,0.0,2.0,11.0,0.0,0,23
271,116,Franck Lagorce,27,Ligier,22,1994,15,20,20.0,0.0,99.0,0.0,11.0,7.0,0.0,0,19
272,116,Franck Lagorce,27,Ligier,29,1994,16,20,20.0,0.0,40.0,0.0,11.0,8.0,0.0,0,11
10,153,Jaime Alguersuari,5,Toro Rosso,11,2009,10,19,20.0,0.0,99.0,0.0,5.0,9.0,0.0,0,15
11,153,Jaime Alguersuari,5,Toro Rosso,12,2009,11,19,19.0,0.0,21.0,0.0,5.0,9.0,0.0,0,16
12,153,Jaime Alguersuari,5,Toro Rosso,13,2009,12,17,17.0,0.0,21.0,0.0,5.0,9.0,0.0,0,20
13,153,Jaime Alguersuari,5,Toro Rosso,14,2009,13,20,20.0,0.0,22.0,0.0,5.0,10.0,0.0,0,18
14,153,Jaime Alguersuari,5,Toro Rosso,15,2009,14,16,17.0,0.0,23.0,0.0,5.0,10.0,0.0,0,15
15,153,Jaime Alguersuari,5,Toro Rosso,22,2009,15,12,15.0,0.0,24.0,0.0,5.0,10.0,0.0,0,18
16,153,Jaime Alguersuari,5,Toro Rosso,18,2009,16,12,12.0,0.0,24.0,0.0,5.0,10.0,0.0,0,14
17,153,Jaime Alguersuari,5,Toro Rosso,24,2009,17,14,15.0,0.0,24.0,0.0,7.0,10.0,0.0,0,20
337,153,Jaime Alguersuari,5,Toro Rosso,3,2010,1,18,18.0,0.0,99.0,0.0,0.0,99.0,0.0,0,13
338,153,Jaime Alguersuari,5,Toro Rosso,1,2010,2,17,17.0,0.0,13.0,0.0,0.0,8.0,0.0,0,11
339,153,Jaime Alguersuari,5,Toro Rosso,2,2010,3,14,14.0,0.0,12.0,0.0,0.0,8.0,0.0,0,9
340,153,Jaime Alguersuari,5,Toro Rosso,17,2010,4,12,12.0,2.0,13.0,0.0,2.0,8.0,0.0,0,13
341,153,Jaime Alguersuari,5,Toro Rosso,4,2010,5,15,16.0,2.0,14.0,0.0,2.0,8.0,0.0,0,10
342,153,Jaime Alguersuari,5,Toro Rosso,6,2010,6,17,17.0,3.0,14.0,0.0,3.0,8.0,0.0,0,11
343,153,Jaime Alguersuari,5,Toro Rosso,5,2010,7,16,16.0,3.0,14.0,0.0,4.0,8.0,0.0,0,12
344,153,Jaime Alguersuari,5,Toro Rosso,7,2010,8,16,16.0,3.0,14.0,0.0,4.0,8.0,0.0,0,12
345,153,Jaime Alguersuari,5,Toro Rosso,12,2010,9,17,17.0,3.0,15.0,0.0,8.0,7.0,0.0,0,13
346,153,Jaime Alguersuari,5,Toro Rosso,9,2010,10,17,18.0,3.0,16.0,0.0,10.0,8.0,0.0,0,21
347,153,Jaime Alguersuari,5,Toro Rosso,10,2010,11,15,16.0,3.0,16.0,0.0,10.0,9.0,0.0,0,15
348,153,Jaime Alguersuari,5,Toro Rosso,11,2010,12,17,17.0,3.0,16.0,0.0,10.0,9.0,0.0,0,24
349,153,Jaime Alguersuari,5,Toro Rosso,13,2010,13,11,13.0,3.0,18.0,0.0,10.0,9.0,0.0,0,13
350,153,Jaime Alguersuari,5,Toro Rosso,14,2010,14,15,16.0,3.0,18.0,0.0,10.0,9.0,0.0,0,15
351,153,Jaime Alguersuari,5,Toro Rosso,15,2010,15,11,11.0,3.0,18.0,0.0,10.0,9.0,0.0,0,12
352,153,Jaime Alguersuari,5,Toro Rosso,22,2010,16,16,16.0,3.0,18.0,0.0,10.0,9.0,0.0,0,11
353,153,Jaime Alguersuari,5,Toro Rosso,35,2010,17,15,16.0,3.0,19.0,0.0,11.0,9.0,0.0,0,11
354,153,Jaime Alguersuari,5,Toro Rosso,18,2010,18,14,14.0,3.0,19.0,0.0,11.0,9.0,0.0,0,11
355,153,Jaime Alguersuari,5,Toro Rosso,24,2010,19,17,17.0,3.0,19.0,0.0,11.0,9.0,0.0,0,9
841,153,Jaime Alguersuari,5,Toro Rosso,1,2011,1,12,12.0,0.0,99.0,0.0,0.0,99.0,0.0,0,11
842,153,Jaime Alguersuari,5,Toro Rosso,2,2011,2,13,13.0,0.0,11.0,0.0,4.0,5.0,0.0,0,14
843,153,Jaime Alguersuari,5,Toro Rosso,17,2011,3,7,7.0,0.0,14.0,0.0,4.0,6.0,0.0,0,24
844,153,Jaime Alguersuari,5,Toro Rosso,5,2011,4,17,17.0,0.0,15.0,0.0,4.0,7.0,0.0,0,16
845,153,Jaime Alguersuari,5,Toro Rosso,4,2011,5,13,13.0,0.0,15.0,0.0,6.0,7.0,0.0,0,16
846,153,Jaime Alguersuari,5,Toro Rosso,6,2011,6,19,20.0,0.0,16.0,0.0,6.0,7.0,0.0,0,20
847,153,Jaime Alguersuari,5,Toro Rosso,7,2011,7,24,18.0,0.0,17.0,0.0,7.0,8.0,0.0,0,8
848,153,Jaime Alguersuari,5,Toro Rosso,12,2011,8,18,18.0,4.0,14.0,0.0,12.0,7.0,0.0,0,8
849,153,Jaime Alguersuari,5,Toro Rosso,9,2011,9,18,18.0,8.0,13.0,0.0,16.0,7.0,0.0,0,10
850,153,Jaime Alguersuari,5,Toro Rosso,20,2011,10,16,17.0,9.0,13.0,0.0,17.0,7.0,0.0,0,12
851,153,Jaime Alguersuari,5,Toro Rosso,11,2011,11,16,16.0,9.0,13.0,0.0,17.0,8.0,0.0,0,10
852,153,Jaime Alguersuari,5,Toro Rosso,13,2011,12,6,6.0,10.0,14.0,0.0,22.0,8.0,0.0,0,24
853,153,Jaime Alguersuari,5,Toro Rosso,14,2011,13,18,18.0,10.0,14.0,0.0,22.0,8.0,0.0,0,7
854,153,Jaime Alguersuari,5,Toro Rosso,15,2011,14,16,16.0,16.0,13.0,0.0,29.0,8.0,0.0,0,21
855,153,Jaime Alguersuari,5,Toro Rosso,22,2011,15,16,16.0,16.0,14.0,0.0,29.0,8.0,0.0,0,15
856,153,Jaime Alguersuari,5,Toro Rosso,35,2011,16,11,11.0,16.0,14.0,0.0,29.0,8.0,0.0,0,7
857,153,Jaime Alguersuari,5,Toro Rosso,68,2011,17,10,10.0,22.0,13.0,0.0,37.0,8.0,0.0,0,8
858,153,Jaime Alguersuari,5,Toro Rosso,24,2011,18,15,15.0,26.0,13.0,0.0,41.0,8.0,0.0,0,15
859,153,Jaime Alguersuari,5,Toro Rosso,18,2011,19,13,13.0,26.0,13.0,0.0,41.0,8.0,0.0,0,11
11,154,Romain Grosjean,4,Renault,12,2009,11,14,14.0,0.0,99.0,0.0,13.0,7.0,0.0,0,15
12,154,Romain Grosjean,4,Renault,13,2009,12,19,19.0,0.0,22.0,0.0,16.0,7.0,0.0,0,18
13,154,Romain Grosjean,4,Renault,14,2009,13,12,12.0,0.0,23.0,0.0,16.0,8.0,0.0,0,15
14,154,Romain Grosjean,4,Renault,15,2009,14,18,19.0,0.0,22.0,0.0,20.0,8.0,0.0,0,20
15,154,Romain Grosjean,4,Renault,22,2009,15,17,18.0,0.0,23.0,0.0,26.0,7.0,0.0,0,16
16,154,Romain Grosjean,4,Renault,18,2009,16,13,13.0,0.0,23.0,0.0,26.0,7.0,0.0,0,13
17,154,Romain Grosjean,4,Renault,24,2009,17,19,19.0,0.0,23.0,0.0,26.0,8.0,0.0,0,18
860,154,Romain Grosjean,208,Lotus F1,1,2012,1,3,3.0,0.0,99.0,0.0,0.0,99.0,0.0,0,21
861,154,Romain Grosjean,208,Lotus F1,2,2012,2,6,7.0,0.0,21.0,0.0,6.0,5.0,0.0,0,24
862,154,Romain Grosjean,208,Lotus F1,17,2012,3,10,10.0,0.0,24.0,0.0,16.0,5.0,0.0,0,6
863,154,Romain Grosjean,208,Lotus F1,3,2012,4,7,7.0,8.0,11.0,0.0,24.0,6.0,0.0,1,3
864,154,Romain Grosjean,208,Lotus F1,4,2012,5,3,4.0,23.0,8.0,0.0,57.0,3.0,0.0,0,4
865,154,Romain Grosjean,208,Lotus F1,6,2012,6,4,5.0,35.0,8.0,0.0,84.0,3.0,0.0,0,24
866,154,Romain Grosjean,208,Lotus F1,7,2012,7,7,7.0,35.0,8.0,0.0,86.0,4.0,0.0,1,2
867,154,Romain Grosjean,208,Lotus F1,12,2012,8,4,4.0,53.0,7.0,0.0,108.0,3.0,0.0,0,20
868,154,Romain Grosjean,208,Lotus F1,9,2012,9,9,10.0,53.0,7.0,0.0,126.0,3.0,0.0,0,6
869,154,Romain Grosjean,208,Lotus F1,10,2012,10,19,15.0,61.0,7.0,0.0,144.0,3.0,0.0,0,18
870,154,Romain Grosjean,208,Lotus F1,11,2012,11,2,2.0,61.0,8.0,0.0,159.0,4.0,0.0,1,3
871,154,Romain Grosjean,208,Lotus F1,13,2012,12,8,9.0,76.0,8.0,0.0,192.0,3.0,0.0,0,24
873,154,Romain Grosjean,208,Lotus F1,15,2012,14,8,8.0,76.0,8.0,0.0,217.0,4.0,0.0,0,7
874,154,Romain Grosjean,208,Lotus F1,22,2012,15,4,5.0,82.0,8.0,0.0,231.0,4.0,0.0,0,19
875,154,Romain Grosjean,208,Lotus F1,35,2012,16,7,7.0,82.0,8.0,0.0,239.0,4.0,0.0,0,7
876,154,Romain Grosjean,208,Lotus F1,68,2012,17,11,11.0,88.0,8.0,0.0,255.0,4.0,0.0,0,9
877,154,Romain Grosjean,208,Lotus F1,24,2012,18,9,10.0,90.0,8.0,0.0,263.0,4.0,0.0,0,19
878,154,Romain Grosjean,208,Lotus F1,69,2012,19,8,4.0,90.0,9.0,0.0,288.0,4.0,1.0,0,7
879,154,Romain Grosjean,208,Lotus F1,18,2012,20,18,18.0,96.0,8.0,0.0,302.0,4.0,1.0,0,21
880,154,Romain Grosjean,208,Lotus F1,1,2013,1,8,8.0,0.0,99.0,0.0,0.0,99.0,0.0,0,10
881,154,Romain Grosjean,208,Lotus F1,2,2013,2,11,11.0,1.0,10.0,0.0,26.0,2.0,1.0,0,6
882,154,Romain Grosjean,208,Lotus F1,17,2013,3,6,6.0,9.0,8.0,0.0,40.0,2.0,1.0,0,9
883,154,Romain Grosjean,208,Lotus F1,3,2013,4,11,11.0,11.0,9.0,0.0,60.0,3.0,1.0,1,3
884,154,Romain Grosjean,208,Lotus F1,4,2013,5,6,7.0,26.0,7.0,0.0,93.0,2.0,1.0,0,22
885,154,Romain Grosjean,208,Lotus F1,6,2013,6,13,13.0,26.0,7.0,0.0,111.0,3.0,1.0,0,17
886,154,Romain Grosjean,208,Lotus F1,7,2013,7,22,19.0,26.0,9.0,0.0,112.0,3.0,1.0,0,13
887,154,Romain Grosjean,208,Lotus F1,9,2013,8,7,8.0,26.0,9.0,0.0,114.0,4.0,1.0,0,19
888,154,Romain Grosjean,208,Lotus F1,20,2013,9,5,5.0,26.0,9.0,0.0,124.0,4.0,1.0,1,3
890,154,Romain Grosjean,208,Lotus F1,11,2013,10,3,3.0,41.0,8.0,0.0,157.0,4.0,1.0,0,6
891,154,Romain Grosjean,208,Lotus F1,13,2013,11,7,7.0,49.0,8.0,0.0,183.0,4.0,1.0,0,8
892,154,Romain Grosjean,208,Lotus F1,14,2013,12,13,13.0,53.0,8.0,0.0,187.0,4.0,1.0,0,8
893,154,Romain Grosjean,208,Lotus F1,15,2013,13,3,3.0,57.0,8.0,0.0,191.0,4.0,1.0,0,21
894,154,Romain Grosjean,208,Lotus F1,35,2013,14,3,4.0,57.0,8.0,0.0,206.0,4.0,1.0,1,3
895,154,Romain Grosjean,208,Lotus F1,22,2013,15,4,4.0,72.0,8.0,0.0,239.0,4.0,1.0,1,3
896,154,Romain Grosjean,208,Lotus F1,68,2013,16,17,17.0,87.0,8.0,0.0,264.0,4.0,1.0,1,3
897,154,Romain Grosjean,208,Lotus F1,24,2013,17,6,7.0,102.0,7.0,0.0,285.0,4.0,1.0,0,4
898,154,Romain Grosjean,208,Lotus F1,69,2013,18,3,3.0,114.0,7.0,0.0,297.0,4.0,1.0,1,2
899,154,Romain Grosjean,208,Lotus F1,18,2013,19,6,6.0,132.0,7.0,0.0,315.0,4.0,1.0,0,22
900,154,Romain Grosjean,208,Lotus F1,1,2014,1,22,21.0,0.0,99.0,0.0,0.0,99.0,0.0,0,15
901,154,Romain Grosjean,208,Lotus F1,2,2014,2,15,16.0,0.0,15.0,0.0,0.0,9.0,0.0,0,11
902,154,Romain Grosjean,208,Lotus F1,3,2014,3,16,16.0,0.0,14.0,0.0,0.0,9.0,0.0,0,12
903,154,Romain Grosjean,208,Lotus F1,17,2014,4,10,10.0,0.0,15.0,0.0,0.0,8.0,0.0,0,21
904,154,Romain Grosjean,208,Lotus F1,4,2014,5,5,5.0,0.0,15.0,0.0,0.0,8.0,0.0,0,8
905,154,Romain Grosjean,208,Lotus F1,6,2014,6,14,14.0,4.0,13.0,0.0,4.0,8.0,0.0,0,8
906,154,Romain Grosjean,208,Lotus F1,7,2014,7,14,14.0,8.0,13.0,0.0,8.0,7.0,0.0,0,15
907,154,Romain Grosjean,208,Lotus F1,70,2014,8,22,16.0,8.0,13.0,0.0,8.0,8.0,0.0,0,14
908,154,Romain Grosjean,208,Lotus F1,9,2014,9,11,11.0,8.0,13.0,0.0,8.0,8.0,0.0,0,12
909,154,Romain Grosjean,208,Lotus F1,10,2014,10,14,15.0,8.0,14.0,0.0,8.0,8.0,0.0,0,21
910,154,Romain Grosjean,208,Lotus F1,11,2014,11,14,15.0,8.0,14.0,0.0,8.0,8.0,0.0,0,21
911,154,Romain Grosjean,208,Lotus F1,13,2014,12,15,15.0,8.0,14.0,0.0,8.0,8.0,0.0,0,20
912,154,Romain Grosjean,208,Lotus F1,14,2014,13,17,18.0,8.0,14.0,0.0,8.0,8.0,0.0,0,16
913,154,Romain Grosjean,208,Lotus F1,15,2014,14,16,16.0,8.0,14.0,0.0,8.0,8.0,0.0,0,13
914,154,Romain Grosjean,208,Lotus F1,22,2014,15,16,18.0,8.0,14.0,0.0,8.0,8.0,0.0,0,15
915,154,Romain Grosjean,208,Lotus F1,71,2014,16,15,16.0,8.0,14.0,0.0,8.0,8.0,0.0,0,17
916,154,Romain Grosjean,208,Lotus F1,69,2014,17,16,18.0,8.0,14.0,0.0,8.0,8.0,0.0,0,11
917,154,Romain Grosjean,208,Lotus F1,18,2014,18,14,15.0,8.0,14.0,0.0,10.0,8.0,0.0,0,17
918,154,Romain Grosjean,208,Lotus F1,24,2014,19,18,14.0,8.0,14.0,0.0,10.0,8.0,0.0,0,13
926,154,Romain Grosjean,208,Lotus F1,1,2015,1,8,9.0,0.0,99.0,0.0,0.0,99.0,0.0,0,14
927,154,Romain Grosjean,208,Lotus F1,2,2015,2,10,8.0,0.0,14.0,0.0,0.0,9.0,0.0,0,11
928,154,Romain Grosjean,208,Lotus F1,17,2015,3,8,8.0,0.0,15.0,0.0,0.0,8.0,0.0,0,7
929,154,Romain Grosjean,208,Lotus F1,3,2015,4,10,10.0,6.0,9.0,0.0,6.0,8.0,0.0,0,7
930,154,Romain Grosjean,208,Lotus F1,4,2015,5,11,11.0,12.0,9.0,0.0,12.0,6.0,0.0,0,8
931,154,Romain Grosjean,208,Lotus F1,6,2015,6,15,11.0,16.0,8.0,0.0,16.0,6.0,0.0,0,12
932,154,Romain Grosjean,208,Lotus F1,7,2015,7,5,5.0,16.0,10.0,0.0,16.0,7.0,0.0,0,10
933,154,Romain Grosjean,208,Lotus F1,70,2015,8,9,10.0,17.0,9.0,0.0,23.0,5.0,0.0,0,15
934,154,Romain Grosjean,208,Lotus F1,9,2015,9,12,12.0,17.0,10.0,0.0,29.0,6.0,0.0,0,17
936,154,Romain Grosjean,208,Lotus F1,11,2015,10,10,10.0,17.0,10.0,0.0,29.0,6.0,0.0,0,7
937,154,Romain Grosjean,208,Lotus F1,13,2015,11,9,4.0,23.0,10.0,0.0,35.0,6.0,0.0,1,3
938,154,Romain Grosjean,208,Lotus F1,14,2015,12,8,8.0,38.0,9.0,0.0,50.0,5.0,0.0,0,19
939,154,Romain Grosjean,208,Lotus F1,15,2015,13,10,10.0,38.0,9.0,0.0,50.0,6.0,0.0,0,13
940,154,Romain Grosjean,208,Lotus F1,22,2015,14,8,8.0,38.0,10.0,0.0,50.0,6.0,0.0,0,7
941,154,Romain Grosjean,208,Lotus F1,71,2015,15,8,8.0,44.0,9.0,0.0,60.0,6.0,0.0,0,17
942,154,Romain Grosjean,208,Lotus F1,69,2015,16,10,13.0,44.0,10.0,0.0,66.0,6.0,0.0,0,18
943,154,Romain Grosjean,208,Lotus F1,32,2015,17,12,12.0,44.0,11.0,0.0,70.0,6.0,0.0,0,10
944,154,Romain Grosjean,208,Lotus F1,18,2015,18,14,15.0,45.0,11.0,0.0,71.0,6.0,0.0,0,8
945,154,Romain Grosjean,208,Lotus F1,24,2015,19,18,15.0,49.0,11.0,0.0,76.0,6.0,0.0,0,9
948,154,Romain Grosjean,210,Haas F1 Team,1,2016,1,19,19.0,0.0,99.0,0.0,0.0,99.0,0.0,0,6
949,154,Romain Grosjean,210,Haas F1 Team,3,2016,2,9,9.0,8.0,6.0,0.0,8.0,5.0,0.0,0,5
950,154,Romain Grosjean,210,Haas F1 Team,17,2016,3,14,14.0,18.0,5.0,0.0,18.0,5.0,0.0,0,19
951,154,Romain Grosjean,210,Haas F1 Team,71,2016,4,15,15.0,18.0,8.0,0.0,18.0,5.0,0.0,0,8
952,154,Romain Grosjean,210,Haas F1 Team,4,2016,5,14,14.0,22.0,7.0,0.0,22.0,5.0,0.0,0,18
953,154,Romain Grosjean,210,Haas F1 Team,6,2016,6,15,15.0,22.0,10.0,0.0,22.0,6.0,0.0,0,13
954,154,Romain Grosjean,210,Haas F1 Team,7,2016,7,14,15.0,22.0,11.0,0.0,22.0,8.0,0.0,0,14
955,154,Romain Grosjean,210,Haas F1 Team,73,2016,8,11,11.0,22.0,11.0,0.0,22.0,8.0,0.0,0,13
956,154,Romain Grosjean,210,Haas F1 Team,70,2016,9,13,13.0,22.0,11.0,0.0,22.0,8.0,0.0,0,7
957,154,Romain Grosjean,210,Haas F1 Team,9,2016,10,13,13.0,28.0,10.0,0.0,28.0,8.0,0.0,0,20
958,154,Romain Grosjean,210,Haas F1 Team,11,2016,11,11,11.0,28.0,10.0,0.0,28.0,8.0,0.0,0,14
959,154,Romain Grosjean,210,Haas F1 Team,10,2016,12,20,15.0,28.0,11.0,0.0,28.0,8.0,0.0,0,13
960,154,Romain Grosjean,210,Haas F1 Team,13,2016,13,11,11.0,28.0,12.0,0.0,28.0,8.0,0.0,0,13
961,154,Romain Grosjean,210,Haas F1 Team,14,2016,14,17,12.0,28.0,13.0,0.0,28.0,8.0,0.0,0,11
962,154,Romain Grosjean,210,Haas F1 Team,15,2016,15,20,15.0,28.0,13.0,0.0,28.0,8.0,0.0,0,22
963,154,Romain Grosjean,210,Haas F1 Team,2,2016,16,12,12.0,28.0,13.0,0.0,28.0,8.0,0.0,0,21
964,154,Romain Grosjean,210,Haas F1 Team,22,2016,17,7,8.0,28.0,13.0,0.0,28.0,8.0,0.0,0,11
965,154,Romain Grosjean,210,Haas F1 Team,69,2016,18,17,17.0,28.0,13.0,0.0,28.0,8.0,0.0,0,10
966,154,Romain Grosjean,210,Haas F1 Team,32,2016,19,22,21.0,29.0,13.0,0.0,29.0,8.0,0.0,0,20
967,154,Romain Grosjean,210,Haas F1 Team,18,2016,20,7,7.0,29.0,13.0,0.0,29.0,8.0,0.0,0,22
968,154,Romain Grosjean,210,Haas F1 Team,24,2016,21,14,14.0,29.0,13.0,0.0,29.0,8.0,0.0,0,11
969,154,Romain Grosjean,210,Haas F1 Team,1,2017,1,6,6.0,0.0,99.0,0.0,0.0,99.0,0.0,0,20
970,154,Romain Grosjean,210,Haas F1 Team,17,2017,2,19,17.0,0.0,20.0,0.0,0.0,10.0,0.0,0,11
971,154,Romain Grosjean,210,Haas F1 Team,3,2017,3,9,9.0,0.0,14.0,0.0,4.0,7.0,0.0,0,8
972,154,Romain Grosjean,210,Haas F1 Team,71,2017,4,19,20.0,4.0,10.0,0.0,8.0,7.0,0.0,0,19
973,154,Romain Grosjean,210,Haas F1 Team,4,2017,5,14,14.0,4.0,12.0,0.0,8.0,7.0,0.0,0,10
974,154,Romain Grosjean,210,Haas F1 Team,6,2017,6,8,8.0,5.0,12.0,0.0,9.0,8.0,0.0,0,8
975,154,Romain Grosjean,210,Haas F1 Team,7,2017,7,14,14.0,9.0,12.0,0.0,14.0,8.0,0.0,0,10
976,154,Romain Grosjean,210,Haas F1 Team,73,2017,8,16,17.0,10.0,12.0,0.0,15.0,8.0,0.0,0,13
977,154,Romain Grosjean,210,Haas F1 Team,70,2017,9,6,7.0,10.0,14.0,0.0,21.0,7.0,0.0,0,6
978,154,Romain Grosjean,210,Haas F1 Team,9,2017,10,10,10.0,18.0,13.0,0.0,29.0,7.0,0.0,0,13
979,154,Romain Grosjean,210,Haas F1 Team,11,2017,11,14,15.0,18.0,13.0,0.0,29.0,7.0,0.0,0,19
980,154,Romain Grosjean,210,Haas F1 Team,13,2017,12,11,12.0,18.0,13.0,0.0,29.0,7.0,0.0,0,7
981,154,Romain Grosjean,210,Haas F1 Team,14,2017,13,20,20.0,24.0,12.0,0.0,35.0,7.0,0.0,0,15
982,154,Romain Grosjean,210,Haas F1 Team,15,2017,14,15,15.0,24.0,13.0,0.0,35.0,7.0,0.0,0,9
983,154,Romain Grosjean,210,Haas F1 Team,2,2017,15,16,16.0,26.0,13.0,0.0,37.0,8.0,0.0,0,13
984,154,Romain Grosjean,210,Haas F1 Team,22,2017,16,13,16.0,26.0,13.0,0.0,37.0,8.0,0.0,0,9
985,154,Romain Grosjean,210,Haas F1 Team,69,2017,17,12,14.0,28.0,13.0,0.0,43.0,7.0,0.0,0,14
986,154,Romain Grosjean,210,Haas F1 Team,32,2017,18,15,19.0,28.0,13.0,0.0,43.0,8.0,0.0,0,15
987,154,Romain Grosjean,210,Haas F1 Team,18,2017,19,11,12.0,28.0,13.0,0.0,47.0,8.0,0.0,0,15
988,154,Romain Grosjean,210,Haas F1 Team,24,2017,20,16,16.0,28.0,13.0,0.0,47.0,8.0,0.0,0,11
989,154,Romain Grosjean,210,Haas F1 Team,1,2018,1,6,7.0,0.0,99.0,0.0,0.0,99.0,0.0,0,16
990,154,Romain Grosjean,210,Haas F1 Team,3,2018,2,16,16.0,0.0,16.0,0.0,0.0,10.0,0.0,0,13
991,154,Romain Grosjean,210,Haas F1 Team,17,2018,3,10,10.0,0.0,17.0,0.0,10.0,7.0,0.0,0,17
992,154,Romain Grosjean,210,Haas F1 Team,73,2018,4,20,20.0,0.0,17.0,0.0,11.0,7.0,0.0,0,15
993,154,Romain Grosjean,210,Haas F1 Team,4,2018,5,10,10.0,0.0,19.0,0.0,11.0,8.0,0.0,0,18
994,154,Romain Grosjean,210,Haas F1 Team,6,2018,6,18,15.0,0.0,19.0,0.0,19.0,6.0,0.0,0,15
995,154,Romain Grosjean,210,Haas F1 Team,7,2018,7,20,20.0,0.0,19.0,0.0,19.0,8.0,0.0,0,12
996,154,Romain Grosjean,210,Haas F1 Team,34,2018,8,10,10.0,0.0,19.0,0.0,19.0,8.0,0.0,0,11
997,154,Romain Grosjean,210,Haas F1 Team,70,2018,9,5,6.0,0.0,19.0,0.0,27.0,7.0,0.0,0,4
998,154,Romain Grosjean,210,Haas F1 Team,9,2018,10,8,8.0,12.0,15.0,0.0,49.0,5.0,0.0,0,16
999,154,Romain Grosjean,210,Haas F1 Team,10,2018,11,6,6.0,12.0,15.0,0.0,51.0,5.0,0.0,0,6
1000,154,Romain Grosjean,210,Haas F1 Team,11,2018,12,10,10.0,20.0,13.0,0.0,59.0,6.0,0.0,0,10
1001,154,Romain Grosjean,210,Haas F1 Team,13,2018,13,5,5.0,21.0,14.0,0.0,66.0,5.0,0.0,0,7
1002,154,Romain Grosjean,210,Haas F1 Team,14,2018,14,6,6.0,27.0,14.0,0.0,76.0,5.0,0.0,0,20
1003,154,Romain Grosjean,210,Haas F1 Team,15,2018,15,8,8.0,27.0,14.0,0.0,76.0,5.0,0.0,0,15
1004,154,Romain Grosjean,210,Haas F1 Team,71,2018,16,9,9.0,27.0,14.0,0.0,76.0,5.0,0.0,0,11
1005,154,Romain Grosjean,210,Haas F1 Team,22,2018,17,5,5.0,27.0,14.0,0.0,80.0,5.0,0.0,0,8
1006,154,Romain Grosjean,210,Haas F1 Team,69,2018,18,8,8.0,31.0,13.0,0.0,84.0,5.0,0.0,0,17
1007,154,Romain Grosjean,210,Haas F1 Team,32,2018,19,18,16.0,31.0,13.0,0.0,84.0,5.0,0.0,0,16
1008,154,Romain Grosjean,210,Haas F1 Team,18,2018,20,8,9.0,31.0,13.0,0.0,84.0,5.0,0.0,0,8
1009,154,Romain Grosjean,210,Haas F1 Team,24,2018,21,7,7.0,35.0,13.0,0.0,90.0,5.0,0.0,0,9
1010,154,Romain Grosjean,210,Haas F1 Team,1,2019,1,6,6.0,0.0,99.0,0.0,0.0,99.0,0.0,0,18
1011,154,Romain Grosjean,210,Haas F1 Team,3,2019,2,11,8.0,0.0,18.0,0.0,8.0,4.0,0.0,0,20
1012,154,Romain Grosjean,210,Haas F1 Team,17,2019,3,10,10.0,0.0,19.0,0.0,8.0,6.0,0.0,0,11
1013,154,Romain Grosjean,210,Haas F1 Team,73,2019,4,14,15.0,0.0,17.0,0.0,8.0,6.0,0.0,0,18
1014,154,Romain Grosjean,210,Haas F1 Team,4,2019,5,7,7.0,0.0,18.0,0.0,8.0,8.0,0.0,0,10
1015,154,Romain Grosjean,210,Haas F1 Team,6,2019,6,13,13.0,1.0,17.0,0.0,15.0,6.0,0.0,0,10
1016,154,Romain Grosjean,210,Haas F1 Team,7,2019,7,14,15.0,2.0,17.0,0.0,16.0,6.0,0.0,0,14
1017,154,Romain Grosjean,210,Haas F1 Team,34,2019,8,16,17.0,2.0,17.0,0.0,16.0,8.0,0.0,0,20
1018,154,Romain Grosjean,210,Haas F1 Team,70,2019,9,11,11.0,2.0,17.0,0.0,16.0,9.0,0.0,0,16
1019,154,Romain Grosjean,210,Haas F1 Team,9,2019,10,14,14.0,2.0,17.0,0.0,16.0,9.0,0.0,0,19
1020,154,Romain Grosjean,210,Haas F1 Team,10,2019,11,6,6.0,2.0,17.0,0.0,16.0,9.0,0.0,0,7
1021,154,Romain Grosjean,210,Haas F1 Team,11,2019,12,9,9.0,8.0,17.0,0.0,26.0,8.0,0.0,0,20
1022,154,Romain Grosjean,210,Haas F1 Team,13,2019,13,9,11.0,8.0,17.0,0.0,26.0,9.0,0.0,0,13
1023,154,Romain Grosjean,210,Haas F1 Team,14,2019,14,13,16.0,8.0,17.0,0.0,26.0,9.0,0.0,0,16
1024,154,Romain Grosjean,210,Haas F1 Team,15,2019,15,17,17.0,8.0,17.0,0.0,26.0,9.0,0.0,0,11
1025,154,Romain Grosjean,210,Haas F1 Team,71,2019,16,8,9.0,8.0,17.0,0.0,26.0,9.0,0.0,0,20
1026,154,Romain Grosjean,210,Haas F1 Team,22,2019,17,10,10.0,8.0,17.0,0.0,28.0,9.0,0.0,0,13
1027,154,Romain Grosjean,210,Haas F1 Team,32,2019,18,18,18.0,8.0,17.0,0.0,28.0,9.0,0.0,0,17
1028,154,Romain Grosjean,210,Haas F1 Team,69,2019,19,15,15.0,8.0,17.0,0.0,28.0,9.0,0.0,0,15
1029,154,Romain Grosjean,210,Haas F1 Team,18,2019,20,7,8.0,8.0,17.0,0.0,28.0,9.0,0.0,0,13
1030,154,Romain Grosjean,210,Haas F1 Team,24,2019,21,15,16.0,8.0,18.0,0.0,28.0,9.0,0.0,0,15
1031,154,Romain Grosjean,210,Haas F1 Team,70,2020,1,15,15.0,0.0,99.0,0.0,0.0,99.0,0.0,0,16
1032,154,Romain Grosjean,210,Haas F1 Team,70,2020,2,0,20.0,0.0,16.0,0.0,0.0,10.0,0.0,0,13
1033,154,Romain Grosjean,210,Haas F1 Team,11,2020,3,0,18.0,0.0,19.0,0.0,0.0,10.0,0.0,0,16
1034,154,Romain Grosjean,210,Haas F1 Team,9,2020,4,17,19.0,0.0,19.0,0.0,1.0,9.0,0.0,0,16
1035,154,Romain Grosjean,210,Haas F1 Team,9,2020,5,13,14.0,0.0,20.0,0.0,1.0,9.0,0.0,0,16
1036,154,Romain Grosjean,210,Haas F1 Team,4,2020,6,17,17.0,0.0,21.0,0.0,1.0,9.0,0.0,0,19
1037,154,Romain Grosjean,210,Haas F1 Team,13,2020,7,17,17.0,0.0,21.0,0.0,1.0,9.0,0.0,0,15
1038,154,Romain Grosjean,210,Haas F1 Team,14,2020,8,16,16.0,0.0,21.0,0.0,1.0,9.0,0.0,0,12
1039,154,Romain Grosjean,210,Haas F1 Team,76,2020,9,15,15.0,0.0,20.0,0.0,1.0,9.0,0.0,0,12
1040,154,Romain Grosjean,210,Haas F1 Team,71,2020,10,16,16.0,0.0,21.0,0.0,1.0,9.0,0.0,0,17
1041,154,Romain Grosjean,210,Haas F1 Team,20,2020,11,16,16.0,0.0,21.0,0.0,1.0,9.0,0.0,0,9
1042,154,Romain Grosjean,210,Haas F1 Team,75,2020,12,18,18.0,2.0,18.0,0.0,3.0,9.0,0.0,0,17
1043,154,Romain Grosjean,210,Haas F1 Team,21,2020,13,16,16.0,2.0,18.0,0.0,3.0,9.0,0.0,0,14
1044,154,Romain Grosjean,210,Haas F1 Team,5,2020,14,17,19.0,2.0,18.0,0.0,3.0,9.0,0.0,0,18
1045,154,Romain Grosjean,210,Haas F1 Team,3,2020,15,19,19.0,2.0,18.0,0.0,3.0,9.0,0.0,0,20
16,155,Kamui Kobayashi,7,Toyota,18,2009,16,11,11.0,0.0,99.0,0.0,54.5,5.0,0.0,0,10
17,155,Kamui Kobayashi,7,Toyota,24,2009,17,12,12.0,0.0,21.0,0.0,54.5,5.0,0.0,0,6
337,155,Kamui Kobayashi,15,Sauber,3,2010,1,16,16.0,0.0,99.0,0.0,0.0,99.0,0.0,0,22
338,155,Kamui Kobayashi,15,Sauber,1,2010,2,16,16.0,0.0,22.0,0.0,0.0,10.0,0.0,0,23
339,155,Kamui Kobayashi,15,Sauber,2,2010,3,9,9.0,0.0,23.0,0.0,0.0,9.0,0.0,0,22
340,155,Kamui Kobayashi,15,Sauber,17,2010,4,15,15.0,0.0,24.0,0.0,0.0,9.0,0.0,0,22
341,155,Kamui Kobayashi,15,Sauber,4,2010,5,10,10.0,0.0,24.0,0.0,0.0,9.0,0.0,0,12
342,155,Kamui Kobayashi,15,Sauber,6,2010,6,16,16.0,0.0,18.0,0.0,0.0,9.0,0.0,0,19
343,155,Kamui Kobayashi,15,Sauber,5,2010,7,10,10.0,0.0,18.0,0.0,0.0,9.0,0.0,0,10
344,155,Kamui Kobayashi,15,Sauber,7,2010,8,18,18.0,1.0,16.0,0.0,1.0,9.0,0.0,0,24
345,155,Kamui Kobayashi,15,Sauber,12,2010,9,18,18.0,1.0,16.0,0.0,1.0,9.0,0.0,0,7
346,155,Kamui Kobayashi,15,Sauber,9,2010,10,12,12.0,7.0,13.0,0.0,7.0,9.0,0.0,0,6
347,155,Kamui Kobayashi,15,Sauber,10,2010,11,12,12.0,15.0,12.0,0.0,15.0,8.0,0.0,0,11
348,155,Kamui Kobayashi,15,Sauber,11,2010,12,23,18.0,15.0,12.0,0.0,15.0,8.0,0.0,0,9
349,155,Kamui Kobayashi,15,Sauber,13,2010,13,17,19.0,17.0,13.0,0.0,23.0,8.0,0.0,0,8
350,155,Kamui Kobayashi,15,Sauber,14,2010,14,13,13.0,21.0,12.0,0.0,27.0,8.0,0.0,0,24
351,155,Kamui Kobayashi,15,Sauber,15,2010,15,10,10.0,21.0,12.0,0.0,27.0,8.0,0.0,0,21
352,155,Kamui Kobayashi,15,Sauber,22,2010,16,14,14.0,21.0,12.0,0.0,27.0,8.0,0.0,0,7
353,155,Kamui Kobayashi,15,Sauber,35,2010,17,12,12.0,27.0,12.0,0.0,37.0,8.0,0.0,0,8
354,155,Kamui Kobayashi,15,Sauber,18,2010,18,12,12.0,31.0,12.0,0.0,43.0,8.0,0.0,0,10
355,155,Kamui Kobayashi,15,Sauber,24,2010,19,12,12.0,32.0,12.0,0.0,44.0,8.0,0.0,0,14
841,155,Kamui Kobayashi,15,Sauber,1,2011,1,9,9.0,0.0,99.0,0.0,0.0,99.0,0.0,0,21
842,155,Kamui Kobayashi,15,Sauber,2,2011,2,10,10.0,0.0,99.0,0.0,0.0,99.0,0.0,0,7
843,155,Kamui Kobayashi,15,Sauber,17,2011,3,13,13.0,6.0,9.0,0.0,6.0,5.0,0.0,0,10
845,155,Kamui Kobayashi,15,Sauber,4,2011,5,14,14.0,8.0,10.0,0.0,8.0,6.0,0.0,0,10
846,155,Kamui Kobayashi,15,Sauber,6,2011,6,12,13.0,9.0,11.0,0.0,11.0,6.0,0.0,0,5
847,155,Kamui Kobayashi,15,Sauber,7,2011,7,13,13.0,19.0,10.0,0.0,21.0,6.0,0.0,0,7
848,155,Kamui Kobayashi,15,Sauber,12,2011,8,14,14.0,25.0,11.0,0.0,27.0,6.0,0.0,0,16
849,155,Kamui Kobayashi,15,Sauber,9,2011,9,8,8.0,25.0,11.0,0.0,27.0,6.0,0.0,0,22
850,155,Kamui Kobayashi,15,Sauber,20,2011,10,17,18.0,25.0,11.0,0.0,33.0,6.0,0.0,0,9
851,155,Kamui Kobayashi,15,Sauber,11,2011,11,13,13.0,27.0,11.0,0.0,35.0,6.0,0.0,0,11
852,155,Kamui Kobayashi,15,Sauber,13,2011,12,12,12.0,27.0,11.0,0.0,35.0,6.0,0.0,0,12
853,155,Kamui Kobayashi,15,Sauber,14,2011,13,17,17.0,27.0,11.0,0.0,35.0,6.0,0.0,0,18
854,155,Kamui Kobayashi,15,Sauber,15,2011,14,17,17.0,27.0,11.0,0.0,35.0,7.0,0.0,0,14
855,155,Kamui Kobayashi,15,Sauber,22,2011,15,7,10.0,27.0,12.0,0.0,36.0,7.0,0.0,0,13
856,155,Kamui Kobayashi,15,Sauber,35,2011,16,14,14.0,27.0,12.0,0.0,40.0,7.0,0.0,0,15
857,155,Kamui Kobayashi,15,Sauber,68,2011,17,17,18.0,27.0,12.0,0.0,40.0,7.0,0.0,0,24
858,155,Kamui Kobayashi,15,Sauber,24,2011,18,16,16.0,27.0,12.0,0.0,41.0,7.0,0.0,0,10
859,155,Kamui Kobayashi,15,Sauber,18,2011,19,16,16.0,28.0,12.0,0.0,42.0,7.0,0.0,0,9
860,155,Kamui Kobayashi,15,Sauber,1,2012,1,13,13.0,0.0,99.0,0.0,0.0,99.0,0.0,0,6
861,155,Kamui Kobayashi,15,Sauber,2,2012,2,17,17.0,8.0,6.0,0.0,12.0,3.0,0.0,0,23
862,155,Kamui Kobayashi,15,Sauber,17,2012,3,3,4.0,8.0,9.0,0.0,30.0,4.0,0.0,0,10
863,155,Kamui Kobayashi,15,Sauber,3,2012,4,12,12.0,9.0,10.0,0.0,31.0,4.0,0.0,0,13
864,155,Kamui Kobayashi,15,Sauber,4,2012,5,9,10.0,9.0,12.0,0.0,31.0,6.0,0.0,0,5
865,155,Kamui Kobayashi,15,Sauber,6,2012,6,11,12.0,19.0,11.0,0.0,41.0,7.0,0.0,0,21
866,155,Kamui Kobayashi,15,Sauber,7,2012,7,11,11.0,19.0,12.0,0.0,41.0,7.0,0.0,0,9
867,155,Kamui Kobayashi,15,Sauber,12,2012,8,7,7.0,21.0,11.0,0.0,58.0,6.0,0.0,0,22
868,155,Kamui Kobayashi,15,Sauber,9,2012,9,17,12.0,21.0,12.0,0.0,60.0,6.0,0.0,0,11
869,155,Kamui Kobayashi,15,Sauber,10,2012,10,12,13.0,21.0,14.0,0.0,60.0,6.0,0.0,0,4
870,155,Kamui Kobayashi,15,Sauber,11,2012,11,15,15.0,33.0,10.0,0.0,80.0,6.0,0.0,0,18
871,155,Kamui Kobayashi,15,Sauber,13,2012,12,2,2.0,33.0,10.0,0.0,80.0,6.0,0.0,0,13
872,155,Kamui Kobayashi,15,Sauber,14,2012,13,8,9.0,33.0,12.0,0.0,80.0,6.0,0.0,0,9
873,155,Kamui Kobayashi,15,Sauber,15,2012,14,17,18.0,35.0,12.0,0.0,100.0,6.0,0.0,0,13
874,155,Kamui Kobayashi,15,Sauber,22,2012,15,3,4.0,35.0,13.0,0.0,101.0,6.0,0.0,1,3
875,155,Kamui Kobayashi,15,Sauber,35,2012,16,13,13.0,50.0,11.0,0.0,116.0,6.0,0.0,0,22
876,155,Kamui Kobayashi,15,Sauber,68,2012,17,17,17.0,50.0,11.0,0.0,116.0,6.0,0.0,0,14
877,155,Kamui Kobayashi,15,Sauber,24,2012,18,15,16.0,50.0,11.0,0.0,116.0,6.0,0.0,0,6
878,155,Kamui Kobayashi,15,Sauber,69,2012,19,16,16.0,58.0,11.0,0.0,124.0,6.0,0.0,0,14
879,155,Kamui Kobayashi,15,Sauber,18,2012,20,14,15.0,58.0,11.0,0.0,124.0,6.0,0.0,0,9
900,155,Kamui Kobayashi,207,Caterham,1,2014,1,14,15.0,0.0,99.0,0.0,0.0,99.0,0.0,0,21
901,155,Kamui Kobayashi,207,Caterham,2,2014,2,20,20.0,0.0,21.0,0.0,0.0,10.0,0.0,0,13
902,155,Kamui Kobayashi,207,Caterham,3,2014,3,18,19.0,0.0,18.0,0.0,0.0,10.0,0.0,0,15
903,155,Kamui Kobayashi,207,Caterham,17,2014,4,18,18.0,0.0,19.0,0.0,0.0,11.0,0.0,0,18
904,155,Kamui Kobayashi,207,Caterham,4,2014,5,20,21.0,0.0,19.0,0.0,0.0,11.0,0.0,0,21
905,155,Kamui Kobayashi,207,Caterham,6,2014,6,20,21.0,0.0,19.0,0.0,0.0,11.0,0.0,0,13
906,155,Kamui Kobayashi,207,Caterham,7,2014,7,21,20.0,0.0,21.0,0.0,0.0,11.0,0.0,0,18
907,155,Kamui Kobayashi,207,Caterham,70,2014,8,19,20.0,0.0,21.0,0.0,0.0,11.0,0.0,0,16
908,155,Kamui Kobayashi,207,Caterham,9,2014,9,22,22.0,0.0,22.0,0.0,0.0,11.0,0.0,0,15
909,155,Kamui Kobayashi,207,Caterham,10,2014,10,19,20.0,0.0,22.0,0.0,0.0,11.0,0.0,0,16
910,155,Kamui Kobayashi,207,Caterham,11,2014,11,17,18.0,0.0,22.0,0.0,0.0,11.0,0.0,0,18
912,155,Kamui Kobayashi,207,Caterham,14,2014,13,18,19.0,0.0,22.0,0.0,0.0,11.0,0.0,0,17
913,155,Kamui Kobayashi,207,Caterham,15,2014,14,20,20.0,0.0,22.0,0.0,0.0,11.0,0.0,0,22
914,155,Kamui Kobayashi,207,Caterham,22,2014,15,19,21.0,0.0,22.0,0.0,0.0,11.0,0.0,0,19
915,155,Kamui Kobayashi,207,Caterham,71,2014,16,19,19.0,0.0,22.0,0.0,0.0,11.0,0.0,0,20
918,155,Kamui Kobayashi,207,Caterham,24,2014,19,16,17.0,0.0,22.0,0.0,0.0,11.0,0.0,0,18
337,807,Nico Hülkenberg,3,Williams,3,2010,1,13,13.0,0.0,99.0,0.0,0.0,99.0,0.0,0,14
338,807,Nico Hülkenberg,3,Williams,1,2010,2,15,15.0,0.0,14.0,0.0,1.0,6.0,0.0,0,22
339,807,Nico Hülkenberg,3,Williams,2,2010,3,5,5.0,0.0,17.0,0.0,5.0,7.0,0.0,0,10
340,807,Nico Hülkenberg,3,Williams,17,2010,4,16,16.0,1.0,14.0,0.0,6.0,7.0,0.0,0,15
341,807,Nico Hülkenberg,3,Williams,4,2010,5,13,13.0,1.0,15.0,0.0,6.0,7.0,0.0,0,16
342,807,Nico Hülkenberg,3,Williams,6,2010,6,11,11.0,1.0,15.0,0.0,8.0,7.0,0.0,0,24
343,807,Nico Hülkenberg,3,Williams,5,2010,7,17,17.0,1.0,16.0,0.0,8.0,7.0,0.0,0,17
344,807,Nico Hülkenberg,3,Williams,7,2010,8,12,12.0,1.0,17.0,0.0,8.0,7.0,0.0,0,13
345,807,Nico Hülkenberg,3,Williams,12,2010,9,8,8.0,1.0,17.0,0.0,8.0,8.0,0.0,0,22
346,807,Nico Hülkenberg,3,Williams,9,2010,10,13,13.0,1.0,17.0,0.0,20.0,7.0,0.0,0,10
347,807,Nico Hülkenberg,3,Williams,10,2010,11,10,10.0,2.0,17.0,0.0,31.0,7.0,0.0,0,13
348,807,Nico Hülkenberg,3,Williams,11,2010,12,10,10.0,2.0,17.0,0.0,31.0,7.0,0.0,0,6
349,807,Nico Hülkenberg,3,Williams,13,2010,13,9,9.0,10.0,15.0,0.0,40.0,7.0,0.0,0,14
350,807,Nico Hülkenberg,3,Williams,14,2010,14,8,8.0,10.0,15.0,0.0,40.0,7.0,0.0,0,7
351,807,Nico Hülkenberg,3,Williams,15,2010,15,17,12.0,16.0,14.0,0.0,47.0,7.0,0.0,0,10
352,807,Nico Hülkenberg,3,Williams,22,2010,16,9,9.0,17.0,14.0,0.0,56.0,7.0,0.0,0,20
353,807,Nico Hülkenberg,3,Williams,35,2010,17,11,11.0,17.0,14.0,0.0,58.0,7.0,0.0,0,10
354,807,Nico Hülkenberg,3,Williams,18,2010,18,1,1.0,18.0,15.0,0.0,65.0,7.0,0.0,0,8
355,807,Nico Hülkenberg,3,Williams,24,2010,19,15,15.0,22.0,13.0,0.0,69.0,6.0,0.0,0,16
860,807,Nico Hülkenberg,10,Force India,1,2012,1,9,9.0,0.0,99.0,0.0,0.0,99.0,0.0,0,22
861,807,Nico Hülkenberg,10,Force India,2,2012,2,16,16.0,0.0,22.0,0.0,1.0,7.0,0.0,0,9
862,807,Nico Hülkenberg,10,Force India,17,2012,3,16,16.0,2.0,13.0,0.0,9.0,6.0,0.0,0,15
863,807,Nico Hülkenberg,10,Force India,3,2012,4,13,13.0,2.0,16.0,0.0,9.0,8.0,0.0,0,12
864,807,Nico Hülkenberg,10,Force India,4,2012,5,13,14.0,2.0,16.0,0.0,17.0,8.0,0.0,0,10
865,807,Nico Hülkenberg,10,Force India,6,2012,6,10,11.0,3.0,15.0,0.0,18.0,8.0,0.0,0,8
866,807,Nico Hülkenberg,10,Force India,7,2012,7,13,13.0,7.0,15.0,0.0,28.0,8.0,0.0,0,12
867,807,Nico Hülkenberg,10,Force India,12,2012,8,8,8.0,7.0,15.0,0.0,28.0,8.0,0.0,0,5
868,807,Nico Hülkenberg,10,Force India,9,2012,9,14,9.0,17.0,14.0,0.0,44.0,8.0,0.0,0,12
869,807,Nico Hülkenberg,10,Force India,10,2012,10,4,5.0,17.0,16.0,0.0,44.0,8.0,0.0,0,9
870,807,Nico Hülkenberg,10,Force India,11,2012,11,10,10.0,19.0,15.0,0.0,46.0,8.0,0.0,0,11
871,807,Nico Hülkenberg,10,Force India,13,2012,12,11,12.0,19.0,16.0,0.0,46.0,8.0,0.0,0,4
873,807,Nico Hülkenberg,10,Force India,15,2012,14,11,11.0,31.0,14.0,0.0,63.0,7.0,0.0,0,14
874,807,Nico Hülkenberg,10,Force India,22,2012,15,15,10.0,31.0,14.0,0.0,75.0,7.0,0.0,0,7
875,807,Nico Hülkenberg,10,Force India,35,2012,16,8,8.0,37.0,14.0,0.0,81.0,7.0,0.0,0,6
876,807,Nico Hülkenberg,10,Force India,68,2012,17,12,12.0,45.0,12.0,0.0,89.0,7.0,0.0,0,8
877,807,Nico Hülkenberg,10,Force India,24,2012,18,10,11.0,49.0,12.0,0.0,93.0,7.0,0.0,0,24
878,807,Nico Hülkenberg,10,Force India,69,2012,19,6,8.0,49.0,12.0,0.0,95.0,7.0,0.0,0,8
879,807,Nico Hülkenberg,10,Force India,18,2012,20,6,7.0,53.0,12.0,0.0,99.0,7.0,0.0,0,5
880,807,Nico Hülkenberg,15,Sauber,1,2013,1,11,11.0,0.0,99.0,0.0,0.0,99.0,0.0,0,22
881,807,Nico Hülkenberg,15,Sauber,2,2013,2,12,12.0,0.0,22.0,0.0,0.0,8.0,0.0,0,8
882,807,Nico Hülkenberg,15,Sauber,17,2013,3,10,10.0,4.0,11.0,0.0,4.0,6.0,0.0,0,10
883,807,Nico Hülkenberg,15,Sauber,3,2013,4,14,14.0,5.0,13.0,0.0,5.0,8.0,0.0,0,12
884,807,Nico Hülkenberg,15,Sauber,4,2013,5,15,15.0,5.0,14.0,0.0,5.0,8.0,0.0,0,15
885,807,Nico Hülkenberg,15,Sauber,6,2013,6,11,11.0,5.0,14.0,0.0,5.0,8.0,0.0,0,11
886,807,Nico Hülkenberg,15,Sauber,7,2013,7,9,11.0,5.0,14.0,0.0,5.0,8.0,0.0,0,21
887,807,Nico Hülkenberg,15,Sauber,9,2013,8,14,15.0,5.0,15.0,0.0,5.0,8.0,0.0,0,10
888,807,Nico Hülkenberg,15,Sauber,20,2013,9,10,10.0,6.0,15.0,0.0,6.0,8.0,0.0,0,10
890,807,Nico Hülkenberg,15,Sauber,11,2013,10,12,12.0,7.0,15.0,0.0,7.0,8.0,0.0,0,11
891,807,Nico Hülkenberg,15,Sauber,13,2013,11,11,11.0,7.0,15.0,0.0,7.0,8.0,0.0,0,13
892,807,Nico Hülkenberg,15,Sauber,14,2013,12,3,3.0,7.0,15.0,0.0,7.0,8.0,0.0,0,5
893,807,Nico Hülkenberg,15,Sauber,15,2013,13,11,11.0,17.0,14.0,0.0,17.0,8.0,0.0,0,9
894,807,Nico Hülkenberg,15,Sauber,35,2013,14,7,8.0,19.0,13.0,0.0,19.0,8.0,0.0,0,4
895,807,Nico Hülkenberg,15,Sauber,22,2013,15,7,7.0,31.0,11.0,0.0,31.0,7.0,0.0,0,6
896,807,Nico Hülkenberg,15,Sauber,68,2013,16,7,7.0,39.0,10.0,0.0,45.0,7.0,0.0,0,19
897,807,Nico Hülkenberg,15,Sauber,24,2013,17,5,6.0,39.0,11.0,0.0,45.0,7.0,0.0,0,14
898,807,Nico Hülkenberg,15,Sauber,69,2013,18,4,4.0,39.0,11.0,0.0,45.0,7.0,0.0,0,6
899,807,Nico Hülkenberg,15,Sauber,18,2013,19,10,10.0,47.0,11.0,0.0,53.0,7.0,0.0,0,8
900,807,Nico Hülkenberg,10,Force India,1,2014,1,7,7.0,0.0,99.0,0.0,0.0,99.0,0.0,0,6
901,807,Nico Hülkenberg,10,Force India,2,2014,2,7,7.0,8.0,6.0,0.0,9.0,5.0,0.0,0,5
902,807,Nico Hülkenberg,10,Force India,3,2014,3,11,12.0,18.0,6.0,0.0,19.0,5.0,0.0,0,5
903,807,Nico Hülkenberg,10,Force India,17,2014,4,8,8.0,28.0,3.0,0.0,44.0,2.0,0.0,0,6
904,807,Nico Hülkenberg,10,Force India,4,2014,5,10,11.0,36.0,4.0,0.0,54.0,3.0,0.0,0,10
905,807,Nico Hülkenberg,10,Force India,6,2014,6,11,11.0,37.0,6.0,0.0,57.0,4.0,0.0,0,5
906,807,Nico Hülkenberg,10,Force India,7,2014,7,11,11.0,47.0,5.0,0.0,67.0,4.0,0.0,0,5
907,807,Nico Hülkenberg,10,Force India,70,2014,8,10,10.0,57.0,6.0,0.0,77.0,4.0,0.0,0,9
908,807,Nico Hülkenberg,10,Force India,9,2014,9,4,4.0,59.0,6.0,0.0,87.0,4.0,0.0,0,8
909,807,Nico Hülkenberg,10,Force India,10,2014,10,9,9.0,63.0,7.0,0.0,91.0,5.0,0.0,0,7
910,807,Nico Hülkenberg,10,Force India,11,2014,11,9,9.0,69.0,7.0,0.0,98.0,5.0,0.0,0,20
911,807,Nico Hülkenberg,10,Force India,13,2014,12,18,18.0,69.0,7.0,0.0,98.0,5.0,0.0,0,10
912,807,Nico Hülkenberg,10,Force India,14,2014,13,13,14.0,70.0,7.0,0.0,103.0,6.0,0.0,0,12
913,807,Nico Hülkenberg,10,Force India,15,2014,14,13,13.0,70.0,8.0,0.0,109.0,6.0,0.0,0,9
914,807,Nico Hülkenberg,10,Force India,22,2014,15,13,14.0,72.0,8.0,0.0,117.0,5.0,0.0,0,8
915,807,Nico Hülkenberg,10,Force India,71,2014,16,17,12.0,76.0,8.0,0.0,122.0,5.0,0.0,0,12
916,807,Nico Hülkenberg,10,Force India,69,2014,17,13,13.0,76.0,8.0,0.0,123.0,6.0,0.0,0,16
917,807,Nico Hülkenberg,10,Force India,18,2014,18,12,12.0,76.0,9.0,0.0,123.0,6.0,0.0,0,8
918,807,Nico Hülkenberg,10,Force India,24,2014,19,12,12.0,80.0,9.0,0.0,127.0,6.0,0.0,0,6
926,807,Nico Hülkenberg,10,Force India,1,2015,1,13,14.0,0.0,99.0,0.0,0.0,99.0,0.0,0,7
927,807,Nico Hülkenberg,10,Force India,2,2015,2,13,13.0,6.0,7.0,0.0,7.0,6.0,0.0,0,14
928,807,Nico Hülkenberg,10,Force India,17,2015,3,16,16.0,6.0,9.0,0.0,7.0,7.0,0.0,0,20
929,807,Nico Hülkenberg,10,Force India,3,2015,4,8,8.0,6.0,10.0,0.0,7.0,7.0,0.0,0,13
930,807,Nico Hülkenberg,10,Force India,4,2015,5,17,17.0,6.0,10.0,0.0,11.0,8.0,0.0,0,15
931,807,Nico Hülkenberg,10,Force India,6,2015,6,11,13.0,6.0,12.0,0.0,11.0,8.0,0.0,0,11
932,807,Nico Hülkenberg,10,Force India,7,2015,7,7,7.0,6.0,13.0,0.0,17.0,6.0,0.0,0,8
933,807,Nico Hülkenberg,10,Force India,70,2015,8,5,5.0,10.0,12.0,0.0,21.0,7.0,0.0,0,6
934,807,Nico Hülkenberg,10,Force India,9,2015,9,9,9.0,18.0,9.0,0.0,31.0,5.0,0.0,0,7
936,807,Nico Hülkenberg,10,Force India,11,2015,10,11,11.0,24.0,9.0,0.0,39.0,5.0,0.0,0,20
937,807,Nico Hülkenberg,10,Force India,13,2015,11,11,11.0,24.0,9.0,0.0,39.0,5.0,0.0,0,20
938,807,Nico Hülkenberg,10,Force India,14,2015,12,9,9.0,24.0,12.0,0.0,49.0,6.0,0.0,0,7
939,807,Nico Hülkenberg,10,Force India,15,2015,13,11,11.0,30.0,11.0,0.0,63.0,5.0,0.0,0,20
940,807,Nico Hülkenberg,10,Force India,22,2015,14,13,11.0,30.0,12.0,0.0,69.0,5.0,0.0,0,6
941,807,Nico Hülkenberg,10,Force India,71,2015,15,6,6.0,38.0,11.0,0.0,77.0,5.0,0.0,0,19
942,807,Nico Hülkenberg,10,Force India,69,2015,16,6,7.0,38.0,11.0,0.0,92.0,5.0,0.0,0,14
943,807,Nico Hülkenberg,10,Force India,32,2015,17,10,10.0,38.0,12.0,0.0,102.0,5.0,0.0,0,7
944,807,Nico Hülkenberg,10,Force India,18,2015,18,5,6.0,44.0,12.0,0.0,112.0,5.0,0.0,0,6
945,807,Nico Hülkenberg,10,Force India,24,2015,19,7,7.0,52.0,10.0,0.0,120.0,5.0,0.0,0,7
948,807,Nico Hülkenberg,10,Force India,1,2016,1,10,10.0,0.0,99.0,0.0,0.0,99.0,0.0,0,7
949,807,Nico Hülkenberg,10,Force India,3,2016,2,8,8.0,6.0,7.0,0.0,6.0,6.0,0.0,0,15
950,807,Nico Hülkenberg,10,Force India,17,2016,3,13,10.0,6.0,9.0,0.0,6.0,7.0,0.0,0,15
951,807,Nico Hülkenberg,10,Force India,71,2016,4,13,13.0,6.0,11.0,0.0,6.0,7.0,0.0,0,21
952,807,Nico Hülkenberg,10,Force India,4,2016,5,11,11.0,6.0,13.0,0.0,8.0,8.0,0.0,0,20
953,807,Nico Hülkenberg,10,Force India,6,2016,6,5,5.0,6.0,15.0,0.0,14.0,7.0,0.0,0,6
954,807,Nico Hülkenberg,10,Force India,7,2016,7,9,9.0,14.0,14.0,0.0,37.0,5.0,0.0,0,8
955,807,Nico Hülkenberg,10,Force India,73,2016,8,12,12.0,18.0,13.0,0.0,42.0,5.0,0.0,0,9
956,807,Nico Hülkenberg,10,Force India,70,2016,9,2,3.0,20.0,12.0,0.0,59.0,5.0,0.0,0,19
957,807,Nico Hülkenberg,10,Force India,9,2016,10,8,9.0,20.0,13.0,0.0,59.0,5.0,0.0,0,7
958,807,Nico Hülkenberg,10,Force India,11,2016,11,9,9.0,26.0,11.0,0.0,73.0,5.0,0.0,0,10
959,807,Nico Hülkenberg,10,Force India,10,2016,12,8,7.0,27.0,12.0,0.0,74.0,5.0,0.0,0,7
960,807,Nico Hülkenberg,10,Force India,13,2016,13,7,7.0,33.0,10.0,0.0,81.0,5.0,0.0,0,4
961,807,Nico Hülkenberg,10,Force India,14,2016,14,9,9.0,45.0,9.0,0.0,103.0,4.0,0.0,0,10
962,807,Nico Hülkenberg,10,Force India,15,2016,15,8,8.0,46.0,9.0,0.0,108.0,5.0,0.0,0,21
963,807,Nico Hülkenberg,10,Force India,2,2016,16,8,8.0,46.0,9.0,0.0,112.0,4.0,0.0,0,8
964,807,Nico Hülkenberg,10,Force India,22,2016,17,9,9.0,50.0,9.0,0.0,124.0,4.0,0.0,0,8
965,807,Nico Hülkenberg,10,Force India,69,2016,18,7,7.0,54.0,9.0,0.0,134.0,4.0,0.0,0,22
966,807,Nico Hülkenberg,10,Force India,32,2016,19,5,5.0,54.0,9.0,0.0,138.0,4.0,0.0,0,7
967,807,Nico Hülkenberg,10,Force India,18,2016,20,8,8.0,60.0,9.0,0.0,145.0,4.0,0.0,0,7
968,807,Nico Hülkenberg,10,Force India,24,2016,21,7,7.0,66.0,9.0,0.0,163.0,4.0,0.0,0,7
969,807,Nico Hülkenberg,4,Renault,1,2017,1,11,12.0,0.0,99.0,0.0,0.0,99.0,0.0,0,11
970,807,Nico Hülkenberg,4,Renault,17,2017,2,7,7.0,0.0,11.0,0.0,0.0,7.0,0.0,0,12
971,807,Nico Hülkenberg,4,Renault,3,2017,3,7,7.0,0.0,13.0,0.0,0.0,8.0,0.0,0,9
972,807,Nico Hülkenberg,4,Renault,71,2017,4,8,8.0,2.0,13.0,0.0,2.0,8.0,0.0,0,8
973,807,Nico Hülkenberg,4,Renault,4,2017,5,13,13.0,6.0,11.0,0.0,6.0,8.0,0.0,0,6
974,807,Nico Hülkenberg,4,Renault,6,2017,6,10,12.0,14.0,11.0,0.0,14.0,7.0,0.0,0,20
975,807,Nico Hülkenberg,4,Renault,7,2017,7,10,10.0,14.0,11.0,0.0,14.0,7.0,0.0,0,8
976,807,Nico Hülkenberg,4,Renault,73,2017,8,13,14.0,18.0,11.0,0.0,18.0,7.0,0.0,0,17
977,807,Nico Hülkenberg,4,Renault,70,2017,9,11,11.0,18.0,11.0,0.0,18.0,8.0,0.0,0,13
978,807,Nico Hülkenberg,4,Renault,9,2017,10,5,6.0,18.0,12.0,0.0,18.0,8.0,0.0,0,6
979,807,Nico Hülkenberg,4,Renault,11,2017,11,12,7.0,26.0,10.0,0.0,26.0,8.0,0.0,0,17
980,807,Nico Hülkenberg,4,Renault,13,2017,12,7,7.0,26.0,10.0,0.0,26.0,8.0,0.0,0,6
981,807,Nico Hülkenberg,4,Renault,14,2017,13,14,12.0,34.0,10.0,0.0,34.0,8.0,0.0,0,13
982,807,Nico Hülkenberg,4,Renault,15,2017,14,7,7.0,34.0,10.0,0.0,34.0,8.0,0.0,0,14
983,807,Nico Hülkenberg,4,Renault,2,2017,15,8,8.0,34.0,10.0,0.0,42.0,7.0,0.0,0,16
984,807,Nico Hülkenberg,4,Renault,22,2017,16,11,12.0,34.0,10.0,0.0,42.0,7.0,0.0,0,17
985,807,Nico Hülkenberg,4,Renault,69,2017,17,18,15.0,34.0,10.0,0.0,42.0,8.0,0.0,0,20
986,807,Nico Hülkenberg,4,Renault,32,2017,18,7,8.0,34.0,11.0,0.0,48.0,7.0,0.0,0,19
987,807,Nico Hülkenberg,4,Renault,18,2017,19,7,8.0,34.0,12.0,0.0,48.0,7.0,0.0,0,10
988,807,Nico Hülkenberg,4,Renault,24,2017,20,7,7.0,35.0,12.0,0.0,49.0,7.0,0.0,0,6
989,807,Nico Hülkenberg,4,Renault,1,2018,1,7,8.0,0.0,99.0,0.0,0.0,99.0,0.0,0,7
990,807,Nico Hülkenberg,4,Renault,3,2018,2,7,8.0,6.0,7.0,0.0,7.0,5.0,0.0,0,6
991,807,Nico Hülkenberg,4,Renault,17,2018,3,7,7.0,14.0,6.0,0.0,15.0,5.0,0.0,0,6
992,807,Nico Hülkenberg,4,Renault,73,2018,4,14,9.0,22.0,7.0,0.0,25.0,5.0,0.0,0,18
993,807,Nico Hülkenberg,4,Renault,4,2018,5,16,16.0,22.0,7.0,0.0,35.0,5.0,0.0,0,20
994,807,Nico Hülkenberg,4,Renault,6,2018,6,11,11.0,22.0,8.0,0.0,41.0,4.0,0.0,0,8
995,807,Nico Hülkenberg,4,Renault,7,2018,7,7,7.0,26.0,8.0,0.0,46.0,4.0,0.0,0,7
996,807,Nico Hülkenberg,4,Renault,34,2018,8,12,12.0,32.0,8.0,0.0,56.0,4.0,0.0,0,9
997,807,Nico Hülkenberg,4,Renault,70,2018,9,10,10.0,34.0,7.0,0.0,62.0,4.0,0.0,0,20
998,807,Nico Hülkenberg,4,Renault,9,2018,10,11,11.0,34.0,9.0,0.0,62.0,4.0,0.0,0,6
999,807,Nico Hülkenberg,4,Renault,10,2018,11,7,7.0,42.0,7.0,0.0,70.0,4.0,0.0,0,5
1000,807,Nico Hülkenberg,4,Renault,11,2018,12,13,13.0,52.0,7.0,0.0,80.0,4.0,0.0,0,12
1001,807,Nico Hülkenberg,4,Renault,13,2018,13,20,15.0,52.0,7.0,0.0,82.0,4.0,0.0,0,20
1002,807,Nico Hülkenberg,4,Renault,14,2018,14,20,14.0,52.0,7.0,0.0,82.0,4.0,0.0,0,13
1003,807,Nico Hülkenberg,4,Renault,15,2018,15,10,10.0,52.0,7.0,0.0,86.0,4.0,0.0,0,10
1004,807,Nico Hülkenberg,4,Renault,71,2018,16,12,15.0,53.0,7.0,0.0,91.0,4.0,0.0,0,12
1005,807,Nico Hülkenberg,4,Renault,22,2018,17,16,16.0,53.0,8.0,0.0,91.0,4.0,0.0,0,19
1006,807,Nico Hülkenberg,4,Renault,69,2018,18,7,7.0,53.0,9.0,0.0,92.0,4.0,0.0,0,6
1007,807,Nico Hülkenberg,4,Renault,32,2018,19,7,7.0,61.0,7.0,0.0,106.0,4.0,0.0,0,6
1008,807,Nico Hülkenberg,4,Renault,18,2018,20,13,14.0,69.0,7.0,0.0,114.0,4.0,0.0,0,19
1009,807,Nico Hülkenberg,4,Renault,24,2018,21,10,10.0,69.0,7.0,0.0,114.0,4.0,0.0,0,20
1010,807,Nico Hülkenberg,4,Renault,1,2019,1,11,11.0,0.0,99.0,0.0,0.0,99.0,0.0,0,7
1011,807,Nico Hülkenberg,4,Renault,3,2019,2,17,17.0,6.0,7.0,0.0,6.0,5.0,0.0,0,17
1012,807,Nico Hülkenberg,4,Renault,17,2019,3,8,8.0,6.0,9.0,0.0,6.0,7.0,0.0,0,20
1013,807,Nico Hülkenberg,4,Renault,73,2019,4,15,16.0,6.0,10.0,0.0,12.0,4.0,0.0,0,14
1014,807,Nico Hülkenberg,4,Renault,4,2019,5,0,16.0,6.0,11.0,0.0,12.0,7.0,0.0,0,13
1015,807,Nico Hülkenberg,4,Renault,6,2019,6,11,11.0,6.0,13.0,0.0,12.0,8.0,0.0,0,13
1016,807,Nico Hülkenberg,4,Renault,7,2019,7,7,7.0,6.0,15.0,0.0,14.0,8.0,0.0,0,7
1017,807,Nico Hülkenberg,4,Renault,34,2019,8,13,13.0,12.0,13.0,0.0,28.0,5.0,0.0,0,8
1018,807,Nico Hülkenberg,4,Renault,70,2019,9,15,12.0,16.0,10.0,0.0,32.0,5.0,0.0,0,13
1019,807,Nico Hülkenberg,4,Renault,9,2019,10,10,10.0,16.0,11.0,0.0,32.0,5.0,0.0,0,10
1020,807,Nico Hülkenberg,4,Renault,10,2019,11,9,9.0,17.0,11.0,0.0,39.0,5.0,0.0,0,16
1021,807,Nico Hülkenberg,4,Renault,11,2019,12,11,11.0,17.0,14.0,0.0,39.0,6.0,0.0,0,12
1022,807,Nico Hülkenberg,4,Renault,13,2019,13,12,7.0,17.0,14.0,0.0,39.0,6.0,0.0,0,8
1023,807,Nico Hülkenberg,4,Renault,14,2019,14,6,6.0,21.0,14.0,0.0,43.0,6.0,0.0,0,5
1024,807,Nico Hülkenberg,4,Renault,15,2019,15,8,8.0,31.0,11.0,0.0,65.0,5.0,0.0,0,9
1025,807,Nico Hülkenberg,4,Renault,71,2019,16,6,7.0,33.0,11.0,0.0,67.0,5.0,0.0,0,10
1026,807,Nico Hülkenberg,4,Renault,22,2019,17,15,15.0,34.0,11.0,0.0,68.0,5.0,0.0,0,20
1027,807,Nico Hülkenberg,4,Renault,32,2019,18,12,12.0,34.0,13.0,0.0,68.0,5.0,0.0,0,10
1028,807,Nico Hülkenberg,4,Renault,69,2019,19,11,11.0,35.0,11.0,0.0,73.0,5.0,0.0,0,9
1029,807,Nico Hülkenberg,4,Renault,18,2019,20,13,14.0,37.0,12.0,0.0,83.0,5.0,0.0,0,15
1030,807,Nico Hülkenberg,4,Renault,24,2019,21,9,10.0,37.0,13.0,0.0,91.0,5.0,0.0,0,12
1034,807,Nico Hülkenberg,211,Racing Point,9,2020,4,13,13.0,0.0,99.0,0.0,40.0,4.0,0.0,0,20
1035,807,Nico Hülkenberg,211,Racing Point,9,2020,5,3,3.0,0.0,21.0,0.0,42.0,5.0,0.0,0,7
1041,807,Nico Hülkenberg,211,Racing Point,20,2020,11,20,20.0,6.0,14.0,0.0,104.0,4.0,0.0,0,8
1074,807,Nico Hülkenberg,117,Aston Martin,3,2022,1,17,17.0,0.0,99.0,0.0,0.0,99.0,0.0,0,17
1075,807,Nico Hülkenberg,117,Aston Martin,77,2022,2,17,18.0,0.0,17.0,0.0,0.0,7.0,0.0,0,12
1098,807,Nico Hülkenberg,210,Haas F1 Team,3,2023,1,10,10.0,0.0,99.0,0.0,0.0,99.0,0.0,0,15
1099,807,Nico Hülkenberg,210,Haas F1 Team,77,2023,2,10,11.0,0.0,15.0,0.0,0.0,9.0,0.0,0,12
1100,807,Nico Hülkenberg,210,Haas F1 Team,1,2023,3,10,10.0,0.0,15.0,0.0,1.0,7.0,0.0,0,7
1101,807,Nico Hülkenberg,210,Haas F1 Team,73,2023,4,0,17.0,6.0,9.0,0.0,7.0,7.0,0.0,0,17
1102,807,Nico Hülkenberg,210,Haas F1 Team,79,2023,5,12,12.0,6.0,10.0,0.0,7.0,7.0,0.0,0,15
1104,807,Nico Hülkenberg,210,Haas F1 Team,6,2023,6,18,18.0,6.0,11.0,0.0,8.0,7.0,0.0,0,17
1105,807,Nico Hülkenberg,210,Haas F1 Team,4,2023,7,7,8.0,6.0,12.0,0.0,8.0,7.0,0.0,0,15
1106,807,Nico Hülkenberg,210,Haas F1 Team,7,2023,8,5,2.0,6.0,12.0,0.0,8.0,7.0,0.0,0,15
1107,807,Nico Hülkenberg,210,Haas F1 Team,70,2023,9,8,8.0,6.0,13.0,0.0,8.0,8.0,0.0,0,20
1108,807,Nico Hülkenberg,210,Haas F1 Team,9,2023,10,11,11.0,9.0,12.0,0.0,11.0,7.0,0.0,0,13
1109,807,Nico Hülkenberg,210,Haas F1 Team,11,2023,11,10,10.0,9.0,14.0,0.0,11.0,8.0,0.0,0,14
1110,807,Nico Hülkenberg,210,Haas F1 Team,13,2023,12,0,20.0,9.0,14.0,0.0,11.0,8.0,0.0,0,18
1111,807,Nico Hülkenberg,210,Haas F1 Team,39,2023,13,14,15.0,9.0,14.0,0.0,11.0,8.0,0.0,0,12
1112,807,Nico Hülkenberg,210,Haas F1 Team,14,2023,14,13,13.0,9.0,14.0,0.0,11.0,8.0,0.0,0,17
1113,807,Nico Hülkenberg,210,Haas F1 Team,15,2023,15,9,9.0,9.0,14.0,0.0,11.0,8.0,0.0,0,13
1114,807,Nico Hülkenberg,210,Haas F1 Team,22,2023,16,18,18.0,9.0,14.0,0.0,12.0,8.0,0.0,0,14
1115,807,Nico Hülkenberg,210,Haas F1 Team,78,2023,17,14,15.0,9.0,14.0,0.0,12.0,8.0,0.0,0,16
1116,807,Nico Hülkenberg,210,Haas F1 Team,69,2023,18,0,16.0,9.0,15.0,0.0,12.0,9.0,0.0,0,11
1117,807,Nico Hülkenberg,210,Haas F1 Team,32,2023,19,12,12.0,9.0,15.0,0.0,12.0,9.0,0.0,0,13
1118,807,Nico Hülkenberg,210,Haas F1 Team,18,2023,20,11,11.0,9.0,15.0,0.0,12.0,10.0,0.0,0,12
1119,807,Nico Hülkenberg,210,Haas F1 Team,80,2023,21,13,13.0,9.0,16.0,0.0,12.0,10.0,0.0,0,19
1120,807,Nico Hülkenberg,210,Haas F1 Team,24,2023,22,8,8.0,9.0,16.0,0.0,12.0,10.0,0.0,0,15
1121,807,Nico Hülkenberg,210,Haas F1 Team,3,2024,1,10,10.0,0.0,99.0,0.0,0.0,99.0,0.0,0,16
1122,807,Nico Hülkenberg,210,Haas F1 Team,77,2024,2,15,15.0,0.0,16.0,0.0,0.0,7.0,0.0,0,10
1123,807,Nico Hülkenberg,210,Haas F1 Team,1,2024,3,16,16.0,1.0,11.0,0.0,1.0,6.0,0.0,0,9
1124,807,Nico Hülkenberg,210,Haas F1 Team,22,2024,4,12,12.0,3.0,13.0,0.0,4.0,7.0,0.0,0,11
1125,807,Nico Hülkenberg,210,Haas F1 Team,17,2024,5,9,9.0,3.0,13.0,0.0,4.0,7.0,0.0,0,10
1126,807,Nico Hülkenberg,210,Haas F1 Team,79,2024,6,9,9.0,4.0,13.0,0.0,5.0,7.0,0.0,0,11
1127,807,Nico Hülkenberg,210,Haas F1 Team,21,2024,7,10,10.0,6.0,13.0,0.0,7.0,7.0,0.0,0,11
1128,807,Nico Hülkenberg,210,Haas F1 Team,6,2024,8,19,12.0,6.0,13.0,0.0,7.0,7.0,0.0,0,19
1129,807,Nico Hülkenberg,210,Haas F1 Team,7,2024,9,17,19.0,6.0,13.0,0.0,7.0,7.0,0.0,0,11
1130,807,Nico Hülkenberg,210,Haas F1 Team,4,2024,10,13,13.0,6.0,14.0,0.0,7.0,7.0,0.0,0,11
1131,807,Nico Hülkenberg,210,Haas F1 Team,70,2024,11,9,9.0,6.0,14.0,0.0,7.0,8.0,0.0,0,6
1132,807,Nico Hülkenberg,210,Haas F1 Team,9,2024,12,6,6.0,14.0,12.0,0.0,19.0,7.0,0.0,0,6
1133,807,Nico Hülkenberg,210,Haas F1 Team,11,2024,13,11,11.0,22.0,11.0,0.0,27.0,7.0,0.0,0,13
1134,807,Nico Hülkenberg,210,Haas F1 Team,13,2024,14,16,16.0,22.0,11.0,0.0,27.0,7.0,0.0,0,18
1135,807,Nico Hülkenberg,210,Haas F1 Team,39,2024,15,12,13.0,22.0,11.0,0.0,27.0,7.0,0.0,0,11
1136,807,Nico Hülkenberg,210,Haas F1 Team,14,2024,16,10,10.0,22.0,11.0,0.0,27.0,7.0,0.0,0,17
1137,807,Nico Hülkenberg,210,Haas F1 Team,73,2024,17,12,13.0,22.0,11.0,0.0,28.0,7.0,0.0,0,11
1138,807,Nico Hülkenberg,210,Haas F1 Team,15,2024,18,6,6.0,22.0,11.0,0.0,29.0,7.0,0.0,0,9
1139,807,Nico Hülkenberg,210,Haas F1 Team,69,2024,19,11,12.0,24.0,10.0,0.0,31.0,7.0,0.0,0,8
1140,807,Nico Hülkenberg,210,Haas F1 Team,32,2024,20,10,10.0,29.0,10.0,0.0,38.0,6.0,0.0,0,9
1141,807,Nico Hülkenberg,210,Haas F1 Team,18,2024,21,17,19.0,31.0,10.0,0.0,46.0,6.0,0.0,0,20
1142,807,Nico Hülkenberg,210,Haas F1 Team,80,2024,22,9,9.0,31.0,10.0,0.0,46.0,7.0,0.0,0,8
1143,807,Nico Hülkenberg,210,Haas F1 Team,78,2024,23,18,18.0,35.0,10.0,0.0,50.0,6.0,0.0,0,16
1144,807,Nico Hülkenberg,210,Haas F1 Team,24,2024,24,7,4.0,37.0,10.0,0.0,54.0,7.0,0.0,0,8
337,808,Vitaly Petrov,4,Renault,3,2010,1,17,17.0,0.0,99.0,0.0,0.0,99.0,0.0,0,21
338,808,Vitaly Petrov,4,Renault,1,2010,2,18,18.0,0.0,21.0,0.0,0.0,7.0,0.0,0,19
339,808,Vitaly Petrov,4,Renault,2,2010,3,11,11.0,0.0,22.0,0.0,18.0,4.0,0.0,0,19
340,808,Vitaly Petrov,4,Renault,17,2010,4,14,14.0,0.0,23.0,0.0,30.0,5.0,0.0,0,7
341,808,Vitaly Petrov,4,Renault,4,2010,5,19,14.0,6.0,12.0,0.0,46.0,5.0,0.0,0,11
342,808,Vitaly Petrov,4,Renault,6,2010,6,14,14.0,6.0,13.0,0.0,50.0,5.0,0.0,0,13
343,808,Vitaly Petrov,4,Renault,5,2010,7,9,9.0,6.0,13.0,0.0,65.0,5.0,0.0,0,15
344,808,Vitaly Petrov,4,Renault,7,2010,8,14,14.0,6.0,13.0,0.0,73.0,5.0,0.0,0,17
345,808,Vitaly Petrov,4,Renault,12,2010,9,10,10.0,6.0,13.0,0.0,79.0,5.0,0.0,0,14
346,808,Vitaly Petrov,4,Renault,9,2010,10,15,16.0,6.0,15.0,0.0,89.0,5.0,0.0,0,13
347,808,Vitaly Petrov,4,Renault,10,2010,11,13,13.0,6.0,15.0,0.0,89.0,5.0,0.0,0,10
348,808,Vitaly Petrov,4,Renault,11,2010,12,7,7.0,7.0,14.0,0.0,96.0,5.0,0.0,0,5
349,808,Vitaly Petrov,4,Renault,13,2010,13,23,24.0,17.0,12.0,0.0,106.0,5.0,0.0,0,9
350,808,Vitaly Petrov,4,Renault,14,2010,14,20,15.0,19.0,13.0,0.0,123.0,5.0,0.0,0,13
351,808,Vitaly Petrov,4,Renault,15,2010,15,12,13.0,19.0,13.0,0.0,127.0,5.0,0.0,0,11
352,808,Vitaly Petrov,4,Renault,22,2010,16,13,13.0,19.0,13.0,0.0,133.0,5.0,0.0,0,22
353,808,Vitaly Petrov,4,Renault,35,2010,17,20,15.0,19.0,13.0,0.0,133.0,5.0,0.0,0,18
354,808,Vitaly Petrov,4,Renault,18,2010,18,10,10.0,19.0,14.0,0.0,143.0,5.0,0.0,0,16
355,808,Vitaly Petrov,4,Renault,24,2010,19,10,10.0,19.0,15.0,0.0,145.0,5.0,0.0,0,6
841,808,Vitaly Petrov,4,Renault,1,2011,1,6,6.0,0.0,99.0,0.0,0.0,99.0,0.0,1,3
842,808,Vitaly Petrov,4,Renault,2,2011,2,8,8.0,15.0,3.0,0.0,15.0,4.0,0.0,0,17
843,808,Vitaly Petrov,4,Renault,17,2011,3,10,10.0,15.0,8.0,0.0,30.0,4.0,0.0,0,9
844,808,Vitaly Petrov,4,Renault,5,2011,4,7,7.0,17.0,7.0,0.0,32.0,4.0,0.0,0,8
845,808,Vitaly Petrov,4,Renault,4,2011,5,6,6.0,21.0,8.0,0.0,42.0,4.0,0.0,0,11
846,808,Vitaly Petrov,4,Renault,6,2011,6,10,11.0,21.0,9.0,0.0,46.0,4.0,0.0,0,19
847,808,Vitaly Petrov,4,Renault,7,2011,7,10,10.0,21.0,9.0,0.0,50.0,4.0,0.0,0,5
848,808,Vitaly Petrov,4,Renault,12,2011,8,11,11.0,31.0,7.0,0.0,60.0,4.0,0.0,0,15
849,808,Vitaly Petrov,4,Renault,9,2011,9,14,14.0,31.0,8.0,0.0,61.0,4.0,0.0,0,12
850,808,Vitaly Petrov,4,Renault,20,2011,10,9,9.0,31.0,9.0,0.0,65.0,5.0,0.0,0,10
851,808,Vitaly Petrov,4,Renault,11,2011,11,12,12.0,32.0,9.0,0.0,66.0,5.0,0.0,0,12
852,808,Vitaly Petrov,4,Renault,13,2011,12,10,10.0,32.0,9.0,0.0,66.0,5.0,0.0,0,9
853,808,Vitaly Petrov,4,Renault,14,2011,13,7,7.0,34.0,9.0,0.0,68.0,5.0,0.0,0,22
854,808,Vitaly Petrov,4,Renault,15,2011,14,18,18.0,34.0,9.0,0.0,70.0,5.0,0.0,0,17
855,808,Vitaly Petrov,4,Renault,22,2011,15,10,9.0,34.0,9.0,0.0,70.0,5.0,0.0,0,9
856,808,Vitaly Petrov,4,Renault,35,2011,16,8,8.0,36.0,9.0,0.0,72.0,5.0,0.0,0,23
857,808,Vitaly Petrov,4,Renault,68,2011,17,16,11.0,36.0,9.0,0.0,72.0,5.0,0.0,0,11
858,808,Vitaly Petrov,4,Renault,24,2011,18,12,12.0,36.0,9.0,0.0,72.0,5.0,0.0,0,13
859,808,Vitaly Petrov,4,Renault,18,2011,19,15,15.0,36.0,9.0,0.0,72.0,5.0,0.0,0,10
860,808,Vitaly Petrov,207,Caterham,1,2012,1,19,20.0,0.0,99.0,0.0,0.0,99.0,0.0,0,19
861,808,Vitaly Petrov,207,Caterham,2,2012,2,19,20.0,0.0,19.0,0.0,0.0,11.0,0.0,0,16
862,808,Vitaly Petrov,207,Caterham,17,2012,3,19,20.0,0.0,20.0,0.0,0.0,11.0,0.0,0,18
863,808,Vitaly Petrov,207,Caterham,3,2012,4,18,20.0,0.0,21.0,0.0,0.0,11.0,0.0,0,16
864,808,Vitaly Petrov,207,Caterham,4,2012,5,18,19.0,0.0,21.0,0.0,0.0,11.0,0.0,0,17
865,808,Vitaly Petrov,207,Caterham,6,2012,6,18,19.0,0.0,21.0,0.0,0.0,11.0,0.0,0,20
866,808,Vitaly Petrov,207,Caterham,7,2012,7,18,19.0,0.0,23.0,0.0,0.0,10.0,0.0,0,19
867,808,Vitaly Petrov,207,Caterham,12,2012,8,20,20.0,0.0,23.0,0.0,0.0,10.0,0.0,0,13
868,808,Vitaly Petrov,207,Caterham,9,2012,9,18,19.0,0.0,20.0,0.0,0.0,10.0,0.0,0,24
869,808,Vitaly Petrov,207,Caterham,10,2012,10,18,20.0,0.0,20.0,0.0,0.0,10.0,0.0,0,16
870,808,Vitaly Petrov,207,Caterham,11,2012,11,20,20.0,0.0,20.0,0.0,0.0,10.0,0.0,0,19
871,808,Vitaly Petrov,207,Caterham,13,2012,12,19,20.0,0.0,20.0,0.0,0.0,10.0,0.0,0,14
872,808,Vitaly Petrov,207,Caterham,14,2012,13,18,19.0,0.0,19.0,0.0,0.0,10.0,0.0,0,15
873,808,Vitaly Petrov,207,Caterham,15,2012,14,18,19.0,0.0,20.0,0.0,0.0,10.0,0.0,0,19
874,808,Vitaly Petrov,207,Caterham,22,2012,15,22,23.0,0.0,21.0,0.0,0.0,11.0,0.0,0,17
875,808,Vitaly Petrov,207,Caterham,35,2012,16,18,19.0,0.0,21.0,0.0,0.0,11.0,0.0,0,16
876,808,Vitaly Petrov,207,Caterham,68,2012,17,19,19.0,0.0,21.0,0.0,0.0,11.0,0.0,0,17
877,808,Vitaly Petrov,207,Caterham,24,2012,18,20,21.0,0.0,21.0,0.0,0.0,11.0,0.0,0,16
878,808,Vitaly Petrov,207,Caterham,69,2012,19,21,21.0,0.0,21.0,0.0,0.0,11.0,0.0,0,17
879,808,Vitaly Petrov,207,Caterham,18,2012,20,19,19.0,0.0,21.0,0.0,0.0,11.0,0.0,0,11
337,810,Lucas di Grassi,166,Virgin,3,2010,1,22,22.0,0.0,99.0,0.0,0.0,99.0,0.0,0,23
338,810,Lucas di Grassi,166,Virgin,1,2010,2,24,22.0,0.0,23.0,0.0,0.0,12.0,0.0,0,16
339,810,Lucas di Grassi,166,Virgin,2,2010,3,24,24.0,0.0,24.0,0.0,0.0,12.0,0.0,0,14
340,810,Lucas di Grassi,166,Virgin,17,2010,4,22,22.0,0.0,19.0,0.0,0.0,12.0,0.0,0,19
341,810,Lucas di Grassi,166,Virgin,4,2010,5,23,22.0,0.0,20.0,0.0,0.0,12.0,0.0,0,19
342,810,Lucas di Grassi,166,Virgin,6,2010,6,21,21.0,0.0,21.0,0.0,0.0,12.0,0.0,0,20
343,810,Lucas di Grassi,166,Virgin,5,2010,7,23,23.0,0.0,21.0,0.0,0.0,12.0,0.0,0,19
344,810,Lucas di Grassi,166,Virgin,7,2010,8,23,23.0,0.0,21.0,0.0,0.0,12.0,0.0,0,19
345,810,Lucas di Grassi,166,Virgin,12,2010,9,21,21.0,0.0,21.0,0.0,0.0,12.0,0.0,0,17
346,810,Lucas di Grassi,166,Virgin,9,2010,10,22,22.0,0.0,21.0,0.0,0.0,12.0,0.0,0,24
347,810,Lucas di Grassi,166,Virgin,10,2010,11,24,24.0,0.0,21.0,0.0,0.0,12.0,0.0,0,21
348,810,Lucas di Grassi,166,Virgin,11,2010,12,21,22.0,0.0,21.0,0.0,0.0,12.0,0.0,0,18
349,810,Lucas di Grassi,166,Virgin,13,2010,13,22,23.0,0.0,21.0,0.0,0.0,12.0,0.0,0,17
350,810,Lucas di Grassi,166,Virgin,14,2010,14,21,22.0,0.0,21.0,0.0,0.0,12.0,0.0,0,20
351,810,Lucas di Grassi,166,Virgin,15,2010,15,20,20.0,0.0,21.0,0.0,0.0,12.0,0.0,0,15
352,810,Lucas di Grassi,166,Virgin,22,2010,16,21,21.0,0.0,21.0,0.0,0.0,12.0,0.0,0,24
353,810,Lucas di Grassi,166,Virgin,35,2010,17,22,22.0,0.0,23.0,0.0,0.0,12.0,0.0,0,21
354,810,Lucas di Grassi,166,Virgin,18,2010,18,21,22.0,0.0,24.0,0.0,0.0,12.0,0.0,0,23
355,810,Lucas di Grassi,166,Virgin,24,2010,19,22,22.0,0.0,24.0,0.0,0.0,12.0,0.0,0,18
337,811,Bruno Senna,164,HRT,3,2010,1,23,23.0,0.0,99.0,0.0,0.0,99.0,0.0,0,19
338,811,Bruno Senna,164,HRT,1,2010,2,21,23.0,0.0,19.0,0.0,0.0,11.0,0.0,0,20
339,811,Bruno Senna,164,HRT,2,2010,3,23,23.0,0.0,20.0,0.0,0.0,11.0,0.0,0,16
340,811,Bruno Senna,164,HRT,17,2010,4,23,23.0,0.0,20.0,0.0,0.0,11.0,0.0,0,16
341,811,Bruno Senna,164,HRT,4,2010,5,21,24.0,0.0,21.0,0.0,0.0,11.0,0.0,0,23
342,811,Bruno Senna,164,HRT,6,2010,6,22,22.0,0.0,22.0,0.0,0.0,11.0,0.0,0,17
343,811,Bruno Senna,164,HRT,5,2010,7,22,22.0,0.0,23.0,0.0,0.0,11.0,0.0,0,21
344,811,Bruno Senna,164,HRT,7,2010,8,22,22.0,0.0,23.0,0.0,0.0,11.0,0.0,0,23
345,811,Bruno Senna,164,HRT,12,2010,9,24,24.0,0.0,23.0,0.0,0.0,11.0,0.0,0,20
347,811,Bruno Senna,164,HRT,10,2010,11,20,21.0,0.0,23.0,0.0,0.0,11.0,0.0,0,19
348,811,Bruno Senna,164,HRT,11,2010,12,22,23.0,0.0,23.0,0.0,0.0,11.0,0.0,0,17
349,811,Bruno Senna,164,HRT,13,2010,13,18,20.0,0.0,23.0,0.0,0.0,11.0,0.0,0,23
350,811,Bruno Senna,164,HRT,14,2010,14,22,23.0,0.0,23.0,0.0,0.0,11.0,0.0,0,22
351,811,Bruno Senna,164,HRT,15,2010,15,23,23.0,0.0,23.0,0.0,0.0,11.0,0.0,0,22
352,811,Bruno Senna,164,HRT,22,2010,16,23,23.0,0.0,23.0,0.0,0.0,11.0,0.0,0,15
353,811,Bruno Senna,164,HRT,35,2010,17,24,24.0,0.0,25.0,0.0,0.0,11.0,0.0,0,14
354,811,Bruno Senna,164,HRT,18,2010,18,24,24.0,0.0,23.0,0.0,0.0,11.0,0.0,0,21
355,811,Bruno Senna,164,HRT,24,2010,19,23,23.0,0.0,23.0,0.0,0.0,11.0,0.0,0,19
852,811,Bruno Senna,4,Renault,13,2011,12,7,7.0,0.0,99.0,0.0,66.0,5.0,0.0,0,13
853,811,Bruno Senna,4,Renault,14,2011,13,10,10.0,0.0,22.0,0.0,68.0,5.0,0.0,0,9
854,811,Bruno Senna,4,Renault,15,2011,14,15,15.0,2.0,18.0,0.0,70.0,5.0,0.0,0,15
855,811,Bruno Senna,4,Renault,22,2011,15,9,8.0,2.0,18.0,0.0,70.0,5.0,0.0,0,16
856,811,Bruno Senna,4,Renault,35,2011,16,15,15.0,2.0,18.0,0.0,72.0,5.0,0.0,0,13
857,811,Bruno Senna,4,Renault,68,2011,17,14,15.0,2.0,18.0,0.0,72.0,5.0,0.0,0,12
858,811,Bruno Senna,4,Renault,24,2011,18,14,14.0,2.0,18.0,0.0,72.0,5.0,0.0,0,16
859,811,Bruno Senna,4,Renault,18,2011,19,9,9.0,2.0,18.0,0.0,72.0,5.0,0.0,0,17
860,811,Bruno Senna,3,Williams,1,2012,1,14,14.0,0.0,99.0,0.0,0.0,99.0,0.0,0,16
861,811,Bruno Senna,3,Williams,2,2012,2,13,13.0,0.0,16.0,0.0,0.0,9.0,0.0,0,6
862,811,Bruno Senna,3,Williams,17,2012,3,14,14.0,8.0,8.0,0.0,8.0,7.0,0.0,0,7
863,811,Bruno Senna,3,Williams,3,2012,4,15,15.0,14.0,9.0,0.0,18.0,7.0,0.0,0,22
864,811,Bruno Senna,3,Williams,4,2012,5,17,18.0,14.0,11.0,0.0,18.0,7.0,0.0,0,23
865,811,Bruno Senna,3,Williams,6,2012,6,13,14.0,14.0,13.0,0.0,43.0,6.0,1.0,0,10
866,811,Bruno Senna,3,Williams,7,2012,7,16,16.0,15.0,13.0,0.0,44.0,6.0,1.0,0,17
867,811,Bruno Senna,3,Williams,12,2012,8,14,14.0,15.0,13.0,0.0,44.0,7.0,1.0,0,10
868,811,Bruno Senna,3,Williams,9,2012,9,13,15.0,16.0,15.0,0.0,45.0,7.0,1.0,0,9
869,811,Bruno Senna,3,Williams,10,2012,10,14,16.0,18.0,15.0,0.0,47.0,7.0,1.0,0,17
870,811,Bruno Senna,3,Williams,11,2012,11,9,9.0,18.0,16.0,0.0,47.0,7.0,1.0,0,7
871,811,Bruno Senna,3,Williams,13,2012,12,17,17.0,24.0,15.0,0.0,53.0,7.0,1.0,0,12
872,811,Bruno Senna,3,Williams,14,2012,13,13,14.0,24.0,16.0,0.0,53.0,8.0,1.0,0,10
873,811,Bruno Senna,3,Williams,15,2012,14,22,17.0,25.0,16.0,0.0,54.0,8.0,1.0,0,18
874,811,Bruno Senna,3,Williams,22,2012,15,16,18.0,25.0,16.0,0.0,54.0,8.0,1.0,0,14
875,811,Bruno Senna,3,Williams,35,2012,16,17,18.0,25.0,16.0,0.0,58.0,8.0,1.0,0,15
876,811,Bruno Senna,3,Williams,68,2012,17,13,13.0,25.0,16.0,0.0,58.0,8.0,1.0,0,10
877,811,Bruno Senna,3,Williams,24,2012,18,14,15.0,26.0,16.0,0.0,59.0,8.0,1.0,0,8
878,811,Bruno Senna,3,Williams,69,2012,19,10,11.0,30.0,16.0,0.0,73.0,8.0,1.0,0,10
879,811,Bruno Senna,3,Williams,18,2012,20,11,12.0,31.0,16.0,0.0,76.0,8.0,1.0,0,23
337,812,Karun Chandhok,164,HRT,3,2010,1,24,24.0,0.0,99.0,0.0,0.0,99.0,0.0,0,24
338,812,Karun Chandhok,164,HRT,1,2010,2,22,24.0,0.0,24.0,0.0,0.0,11.0,0.0,0,14
339,812,Karun Chandhok,164,HRT,2,2010,3,22,22.0,0.0,16.0,0.0,0.0,11.0,0.0,0,15
340,812,Karun Chandhok,164,HRT,17,2010,4,24,24.0,0.0,18.0,0.0,0.0,11.0,0.0,0,17
341,812,Karun Chandhok,164,HRT,4,2010,5,24,23.0,0.0,19.0,0.0,0.0,11.0,0.0,0,21
342,812,Karun Chandhok,164,HRT,6,2010,6,23,23.0,0.0,20.0,0.0,0.0,11.0,0.0,0,14
343,812,Karun Chandhok,164,HRT,5,2010,7,24,24.0,0.0,20.0,0.0,0.0,11.0,0.0,0,20
344,812,Karun Chandhok,164,HRT,7,2010,8,24,24.0,0.0,20.0,0.0,0.0,11.0,0.0,0,18
345,812,Karun Chandhok,164,HRT,12,2010,9,23,23.0,0.0,20.0,0.0,0.0,11.0,0.0,0,18
346,812,Karun Chandhok,164,HRT,9,2010,10,23,23.0,0.0,20.0,0.0,0.0,11.0,0.0,0,19
850,812,Karun Chandhok,205,Lotus,20,2011,10,20,21.0,0.0,99.0,0.0,0.0,10.0,0.0,0,20
841,813,Pastor Maldonado,3,Williams,1,2011,1,15,15.0,0.0,99.0,0.0,0.0,99.0,0.0,0,20
842,813,Pastor Maldonado,3,Williams,2,2011,2,18,18.0,0.0,20.0,0.0,0.0,9.0,0.0,0,24
843,813,Pastor Maldonado,3,Williams,17,2011,3,17,17.0,0.0,23.0,0.0,0.0,11.0,0.0,0,18
844,813,Pastor Maldonado,3,Williams,5,2011,4,14,14.0,0.0,22.0,0.0,0.0,10.0,0.0,0,17
845,813,Pastor Maldonado,3,Williams,4,2011,5,9,9.0,0.0,22.0,0.0,0.0,10.0,0.0,0,15
846,813,Pastor Maldonado,3,Williams,6,2011,6,8,9.0,0.0,21.0,0.0,0.0,9.0,0.0,0,18
847,813,Pastor Maldonado,3,Williams,7,2011,7,12,12.0,0.0,21.0,0.0,2.0,9.0,0.0,0,19
848,813,Pastor Maldonado,3,Williams,12,2011,8,15,15.0,0.0,24.0,0.0,4.0,9.0,0.0,0,18
849,813,Pastor Maldonado,3,Williams,9,2011,9,7,7.0,0.0,24.0,0.0,4.0,9.0,0.0,0,14
850,813,Pastor Maldonado,3,Williams,20,2011,10,13,13.0,0.0,23.0,0.0,4.0,9.0,0.0,0,14
851,813,Pastor Maldonado,3,Williams,11,2011,11,17,17.0,0.0,21.0,0.0,4.0,9.0,0.0,0,16
852,813,Pastor Maldonado,3,Williams,13,2011,12,21,16.0,0.0,21.0,0.0,4.0,9.0,0.0,0,10
853,813,Pastor Maldonado,3,Williams,14,2011,13,14,14.0,1.0,18.0,0.0,5.0,9.0,0.0,0,11
854,813,Pastor Maldonado,3,Williams,15,2011,14,13,13.0,1.0,19.0,0.0,5.0,9.0,0.0,0,11
855,813,Pastor Maldonado,3,Williams,22,2011,15,14,14.0,1.0,19.0,0.0,5.0,9.0,0.0,0,14
856,813,Pastor Maldonado,3,Williams,35,2011,16,16,16.0,1.0,19.0,0.0,5.0,9.0,0.0,0,22
857,813,Pastor Maldonado,3,Williams,68,2011,17,13,14.0,1.0,19.0,0.0,5.0,9.0,0.0,0,22
858,813,Pastor Maldonado,3,Williams,24,2011,18,23,17.0,1.0,19.0,0.0,5.0,9.0,0.0,0,14
859,813,Pastor Maldonado,3,Williams,18,2011,19,18,18.0,1.0,19.0,0.0,5.0,9.0,0.0,0,23
860,813,Pastor Maldonado,3,Williams,1,2012,1,8,8.0,0.0,99.0,0.0,0.0,99.0,0.0,0,13
861,813,Pastor Maldonado,3,Williams,2,2012,2,11,11.0,0.0,13.0,0.0,0.0,9.0,0.0,0,19
862,813,Pastor Maldonado,3,Williams,17,2012,3,13,13.0,0.0,16.0,0.0,8.0,7.0,0.0,0,8
863,813,Pastor Maldonado,3,Williams,3,2012,4,21,17.0,4.0,14.0,0.0,18.0,7.0,0.0,0,23
864,813,Pastor Maldonado,3,Williams,4,2012,5,1,2.0,4.0,14.0,0.0,18.0,7.0,0.0,1,1
865,813,Pastor Maldonado,3,Williams,6,2012,6,24,9.0,29.0,9.0,1.0,43.0,6.0,1.0,0,23
866,813,Pastor Maldonado,3,Williams,7,2012,7,22,17.0,29.0,9.0,1.0,44.0,6.0,1.0,0,13
867,813,Pastor Maldonado,3,Williams,12,2012,8,3,3.0,29.0,10.0,1.0,44.0,7.0,1.0,0,12
868,813,Pastor Maldonado,3,Williams,9,2012,9,7,7.0,29.0,10.0,1.0,45.0,7.0,1.0,0,16
869,813,Pastor Maldonado,3,Williams,10,2012,10,5,6.0,29.0,10.0,1.0,47.0,7.0,1.0,0,15
870,813,Pastor Maldonado,3,Williams,11,2012,11,8,8.0,29.0,11.0,1.0,47.0,7.0,1.0,0,13
871,813,Pastor Maldonado,3,Williams,13,2012,12,6,3.0,29.0,11.0,1.0,53.0,7.0,1.0,0,20
872,813,Pastor Maldonado,3,Williams,14,2012,13,22,12.0,29.0,14.0,1.0,53.0,8.0,1.0,0,11
873,813,Pastor Maldonado,3,Williams,15,2012,14,2,2.0,29.0,15.0,1.0,54.0,8.0,1.0,0,22
874,813,Pastor Maldonado,3,Williams,22,2012,15,12,14.0,29.0,15.0,1.0,54.0,8.0,1.0,0,8
875,813,Pastor Maldonado,3,Williams,35,2012,16,15,15.0,33.0,15.0,1.0,58.0,8.0,1.0,0,14
876,813,Pastor Maldonado,3,Williams,68,2012,17,9,9.0,33.0,15.0,1.0,58.0,8.0,1.0,0,16
877,813,Pastor Maldonado,3,Williams,24,2012,18,3,4.0,33.0,15.0,1.0,59.0,8.0,1.0,0,5
878,813,Pastor Maldonado,3,Williams,69,2012,19,9,10.0,43.0,14.0,1.0,73.0,8.0,1.0,0,9
879,813,Pastor Maldonado,3,Williams,18,2012,20,16,6.0,45.0,14.0,1.0,76.0,8.0,1.0,0,22
880,813,Pastor Maldonado,3,Williams,1,2013,1,17,17.0,0.0,99.0,0.0,0.0,99.0,0.0,0,21
881,813,Pastor Maldonado,3,Williams,2,2013,2,16,16.0,0.0,21.0,0.0,0.0,9.0,0.0,0,19
882,813,Pastor Maldonado,3,Williams,17,2013,3,14,15.0,0.0,22.0,0.0,0.0,9.0,0.0,0,14
883,813,Pastor Maldonado,3,Williams,3,2013,4,17,17.0,0.0,20.0,0.0,0.0,9.0,0.0,0,11
884,813,Pastor Maldonado,3,Williams,4,2013,5,17,18.0,0.0,17.0,0.0,0.0,9.0,0.0,0,14
885,813,Pastor Maldonado,3,Williams,6,2013,6,16,16.0,0.0,18.0,0.0,0.0,9.0,0.0,0,20
886,813,Pastor Maldonado,3,Williams,7,2013,7,13,13.0,0.0,18.0,0.0,0.0,9.0,0.0,0,16
887,813,Pastor Maldonado,3,Williams,9,2013,8,15,16.0,0.0,18.0,0.0,0.0,9.0,0.0,0,11
888,813,Pastor Maldonado,3,Williams,20,2013,9,18,18.0,0.0,16.0,0.0,0.0,9.0,0.0,0,15
890,813,Pastor Maldonado,3,Williams,11,2013,10,15,15.0,0.0,16.0,0.0,0.0,9.0,0.0,0,10
891,813,Pastor Maldonado,3,Williams,13,2013,11,17,17.0,1.0,16.0,0.0,1.0,9.0,0.0,0,17
892,813,Pastor Maldonado,3,Williams,14,2013,12,14,15.0,1.0,16.0,0.0,1.0,9.0,0.0,0,14
893,813,Pastor Maldonado,3,Williams,15,2013,13,18,18.0,1.0,16.0,0.0,1.0,9.0,0.0,0,11
894,813,Pastor Maldonado,3,Williams,35,2013,14,18,18.0,1.0,16.0,0.0,1.0,9.0,0.0,0,13
895,813,Pastor Maldonado,3,Williams,22,2013,15,15,15.0,1.0,16.0,0.0,1.0,9.0,0.0,0,16
896,813,Pastor Maldonado,3,Williams,68,2013,16,18,18.0,1.0,17.0,0.0,1.0,9.0,0.0,0,12
897,813,Pastor Maldonado,3,Williams,24,2013,17,14,15.0,1.0,17.0,0.0,1.0,9.0,0.0,0,11
898,813,Pastor Maldonado,3,Williams,69,2013,18,17,18.0,1.0,17.0,0.0,1.0,9.0,0.0,0,17
899,813,Pastor Maldonado,3,Williams,18,2013,19,16,17.0,1.0,18.0,0.0,5.0,9.0,0.0,0,16
900,813,Pastor Maldonado,208,Lotus F1,1,2014,1,21,22.0,0.0,99.0,0.0,0.0,99.0,0.0,0,16
901,813,Pastor Maldonado,208,Lotus F1,2,2014,2,16,17.0,0.0,16.0,0.0,0.0,9.0,0.0,0,21
902,813,Pastor Maldonado,208,Lotus F1,3,2014,3,17,17.0,0.0,21.0,0.0,0.0,9.0,0.0,0,14
903,813,Pastor Maldonado,208,Lotus F1,17,2014,4,22,22.0,0.0,20.0,0.0,0.0,8.0,0.0,0,14
904,813,Pastor Maldonado,208,Lotus F1,4,2014,5,22,22.0,0.0,20.0,0.0,0.0,8.0,0.0,0,15
905,813,Pastor Maldonado,208,Lotus F1,6,2014,6,15,15.0,0.0,20.0,0.0,4.0,8.0,0.0,0,22
906,813,Pastor Maldonado,208,Lotus F1,7,2014,7,17,17.0,0.0,22.0,0.0,8.0,7.0,0.0,0,19
907,813,Pastor Maldonado,208,Lotus F1,70,2014,8,13,14.0,0.0,22.0,0.0,8.0,8.0,0.0,0,12
908,813,Pastor Maldonado,208,Lotus F1,9,2014,9,20,15.0,0.0,19.0,0.0,8.0,8.0,0.0,0,17
909,813,Pastor Maldonado,208,Lotus F1,10,2014,10,18,19.0,0.0,19.0,0.0,8.0,8.0,0.0,0,12
910,813,Pastor Maldonado,208,Lotus F1,11,2014,11,20,22.0,0.0,19.0,0.0,8.0,8.0,0.0,0,13
911,813,Pastor Maldonado,208,Lotus F1,13,2014,12,17,17.0,0.0,19.0,0.0,8.0,8.0,0.0,0,21
912,813,Pastor Maldonado,208,Lotus F1,14,2014,13,16,17.0,0.0,19.0,0.0,8.0,8.0,0.0,0,14
913,813,Pastor Maldonado,208,Lotus F1,15,2014,14,18,18.0,0.0,19.0,0.0,8.0,8.0,0.0,0,12
914,813,Pastor Maldonado,208,Lotus F1,22,2014,15,22,17.0,0.0,19.0,0.0,8.0,8.0,0.0,0,16
915,813,Pastor Maldonado,208,Lotus F1,71,2014,16,21,20.0,0.0,19.0,0.0,8.0,8.0,0.0,0,18
916,813,Pastor Maldonado,208,Lotus F1,69,2014,17,10,11.0,0.0,19.0,0.0,8.0,8.0,0.0,0,9
917,813,Pastor Maldonado,208,Lotus F1,18,2014,18,16,18.0,2.0,16.0,0.0,10.0,8.0,0.0,0,12
918,813,Pastor Maldonado,208,Lotus F1,24,2014,19,15,16.0,2.0,16.0,0.0,10.0,8.0,0.0,0,19
926,813,Pastor Maldonado,208,Lotus F1,1,2015,1,9,10.0,0.0,99.0,0.0,0.0,99.0,0.0,0,15
927,813,Pastor Maldonado,208,Lotus F1,2,2015,2,12,12.0,0.0,15.0,0.0,0.0,9.0,0.0,0,16
928,813,Pastor Maldonado,208,Lotus F1,17,2015,3,11,11.0,0.0,18.0,0.0,0.0,8.0,0.0,0,18
929,813,Pastor Maldonado,208,Lotus F1,3,2015,4,16,16.0,0.0,20.0,0.0,6.0,8.0,0.0,0,15
930,813,Pastor Maldonado,208,Lotus F1,4,2015,5,12,12.0,0.0,20.0,0.0,12.0,6.0,0.0,0,19
931,813,Pastor Maldonado,208,Lotus F1,6,2015,6,8,9.0,0.0,20.0,0.0,16.0,6.0,0.0,0,20
932,813,Pastor Maldonado,208,Lotus F1,7,2015,7,6,6.0,0.0,20.0,0.0,16.0,7.0,0.0,0,7
933,813,Pastor Maldonado,208,Lotus F1,70,2015,8,10,11.0,6.0,15.0,0.0,23.0,5.0,0.0,0,7
934,813,Pastor Maldonado,208,Lotus F1,9,2015,9,14,14.0,12.0,13.0,0.0,29.0,6.0,0.0,0,18
936,813,Pastor Maldonado,208,Lotus F1,11,2015,10,14,14.0,12.0,13.0,0.0,29.0,6.0,0.0,0,14
937,813,Pastor Maldonado,208,Lotus F1,13,2015,11,7,8.0,12.0,14.0,0.0,35.0,6.0,0.0,0,19
938,813,Pastor Maldonado,208,Lotus F1,14,2015,12,10,11.0,12.0,14.0,0.0,50.0,5.0,0.0,0,20
939,813,Pastor Maldonado,208,Lotus F1,15,2015,13,18,18.0,12.0,14.0,0.0,50.0,6.0,0.0,0,12
940,813,Pastor Maldonado,208,Lotus F1,22,2015,14,11,13.0,12.0,14.0,0.0,50.0,6.0,0.0,0,8
941,813,Pastor Maldonado,208,Lotus F1,71,2015,15,14,14.0,16.0,14.0,0.0,60.0,6.0,0.0,0,7
942,813,Pastor Maldonado,208,Lotus F1,69,2015,16,12,15.0,22.0,14.0,0.0,66.0,6.0,0.0,0,8
943,813,Pastor Maldonado,208,Lotus F1,32,2015,17,13,13.0,26.0,14.0,0.0,70.0,6.0,0.0,0,11
944,813,Pastor Maldonado,208,Lotus F1,18,2015,18,15,16.0,26.0,14.0,0.0,71.0,6.0,0.0,0,10
945,813,Pastor Maldonado,208,Lotus F1,24,2015,19,13,13.0,27.0,14.0,0.0,76.0,6.0,0.0,0,20
841,814,Paul di Resta,10,Force India,1,2011,1,14,14.0,0.0,99.0,0.0,0.0,99.0,0.0,0,10
842,814,Paul di Resta,10,Force India,2,2011,2,14,14.0,1.0,10.0,0.0,3.0,6.0,0.0,0,10
843,814,Paul di Resta,10,Force India,17,2011,3,8,8.0,2.0,13.0,0.0,4.0,7.0,0.0,0,11
844,814,Paul di Resta,10,Force India,5,2011,4,13,13.0,2.0,14.0,0.0,4.0,8.0,0.0,0,23
845,814,Paul di Resta,10,Force India,4,2011,5,16,16.0,2.0,14.0,0.0,4.0,8.0,0.0,0,12
846,814,Paul di Resta,10,Force India,6,2011,6,13,14.0,2.0,15.0,0.0,4.0,8.0,0.0,0,12
847,814,Paul di Resta,10,Force India,7,2011,7,11,11.0,2.0,16.0,0.0,10.0,7.0,0.0,0,18
848,814,Paul di Resta,10,Force India,12,2011,8,12,12.0,2.0,17.0,0.0,10.0,8.0,0.0,0,14
849,814,Paul di Resta,10,Force India,9,2011,9,6,6.0,2.0,17.0,0.0,12.0,8.0,0.0,0,15
850,814,Paul di Resta,10,Force India,20,2011,10,12,12.0,2.0,17.0,0.0,12.0,8.0,0.0,0,13
851,814,Paul di Resta,10,Force India,11,2011,11,11,11.0,2.0,17.0,0.0,20.0,7.0,0.0,0,7
852,814,Paul di Resta,10,Force India,13,2011,12,17,18.0,8.0,16.0,0.0,26.0,7.0,0.0,0,11
853,814,Paul di Resta,10,Force India,14,2011,13,11,11.0,8.0,16.0,0.0,32.0,7.0,0.0,0,8
854,814,Paul di Resta,10,Force India,15,2011,14,10,10.0,12.0,15.0,0.0,36.0,6.0,0.0,0,6
855,814,Paul di Resta,10,Force India,22,2011,15,12,12.0,20.0,13.0,0.0,48.0,6.0,0.0,0,12
856,814,Paul di Resta,10,Force India,35,2011,16,9,9.0,20.0,13.0,0.0,48.0,6.0,0.0,0,10
857,814,Paul di Resta,10,Force India,68,2011,17,12,13.0,21.0,14.0,0.0,49.0,6.0,0.0,0,13
858,814,Paul di Resta,10,Force India,24,2011,18,10,10.0,21.0,14.0,0.0,51.0,6.0,0.0,0,9
859,814,Paul di Resta,10,Force India,18,2011,19,11,11.0,23.0,14.0,0.0,57.0,6.0,0.0,0,8
860,814,Paul di Resta,10,Force India,1,2012,1,15,15.0,0.0,99.0,0.0,0.0,99.0,0.0,0,10
861,814,Paul di Resta,10,Force India,2,2012,2,14,14.0,1.0,10.0,0.0,1.0,7.0,0.0,0,7
862,814,Paul di Resta,10,Force India,17,2012,3,15,15.0,7.0,10.0,0.0,9.0,6.0,0.0,0,12
863,814,Paul di Resta,10,Force India,3,2012,4,10,10.0,7.0,12.0,0.0,9.0,8.0,0.0,0,6
864,814,Paul di Resta,10,Force India,4,2012,5,12,13.0,15.0,10.0,0.0,17.0,8.0,0.0,0,14
865,814,Paul di Resta,10,Force India,6,2012,6,14,15.0,15.0,12.0,0.0,18.0,8.0,0.0,0,7
866,814,Paul di Resta,10,Force India,7,2012,7,8,8.0,21.0,11.0,0.0,28.0,8.0,0.0,0,11
867,814,Paul di Resta,10,Force India,12,2012,8,10,10.0,21.0,12.0,0.0,28.0,8.0,0.0,0,7
868,814,Paul di Resta,10,Force India,9,2012,9,10,11.0,27.0,11.0,0.0,44.0,8.0,0.0,0,23
869,814,Paul di Resta,10,Force India,10,2012,10,9,9.0,27.0,11.0,0.0,44.0,8.0,0.0,0,11
870,814,Paul di Resta,10,Force India,11,2012,11,12,12.0,27.0,13.0,0.0,46.0,8.0,0.0,0,12
871,814,Paul di Resta,10,Force India,13,2012,12,9,10.0,27.0,13.0,0.0,46.0,8.0,0.0,0,10
872,814,Paul di Resta,10,Force India,14,2012,13,9,4.0,28.0,15.0,0.0,59.0,7.0,0.0,0,8
873,814,Paul di Resta,10,Force India,15,2012,14,6,6.0,32.0,13.0,0.0,63.0,7.0,0.0,0,4
874,814,Paul di Resta,10,Force India,22,2012,15,11,12.0,44.0,11.0,0.0,75.0,7.0,0.0,0,12
875,814,Paul di Resta,10,Force India,35,2012,16,14,14.0,44.0,12.0,0.0,81.0,7.0,0.0,0,12
876,814,Paul di Resta,10,Force India,68,2012,17,16,16.0,44.0,13.0,0.0,89.0,7.0,0.0,0,12
877,814,Paul di Resta,10,Force India,24,2012,18,12,13.0,44.0,13.0,0.0,93.0,7.0,0.0,0,9
878,814,Paul di Resta,10,Force India,69,2012,19,13,13.0,46.0,13.0,0.0,95.0,7.0,0.0,0,15
879,814,Paul di Resta,10,Force India,18,2012,20,10,11.0,46.0,13.0,0.0,99.0,7.0,0.0,0,19
880,814,Paul di Resta,10,Force India,1,2013,1,9,9.0,0.0,99.0,0.0,0.0,99.0,0.0,0,8
881,814,Paul di Resta,10,Force India,2,2013,2,15,15.0,4.0,8.0,0.0,10.0,5.0,0.0,0,21
882,814,Paul di Resta,10,Force India,17,2013,3,11,11.0,4.0,10.0,0.0,10.0,5.0,0.0,0,8
883,814,Paul di Resta,10,Force India,3,2013,4,5,7.0,8.0,10.0,0.0,14.0,6.0,0.0,0,4
884,814,Paul di Resta,10,Force India,4,2013,5,10,10.0,20.0,8.0,0.0,26.0,5.0,0.0,0,7
885,814,Paul di Resta,10,Force India,6,2013,6,17,17.0,26.0,8.0,0.0,32.0,5.0,0.0,0,9
886,814,Paul di Resta,10,Force India,7,2013,7,17,17.0,28.0,8.0,0.0,44.0,5.0,0.0,0,7
887,814,Paul di Resta,10,Force India,9,2013,8,21,5.0,34.0,8.0,0.0,51.0,5.0,0.0,0,9
888,814,Paul di Resta,10,Force India,20,2013,9,12,12.0,36.0,8.0,0.0,59.0,5.0,0.0,0,11
890,814,Paul di Resta,10,Force India,11,2013,10,18,18.0,36.0,9.0,0.0,59.0,5.0,0.0,0,18
891,814,Paul di Resta,10,Force India,13,2013,11,5,5.0,36.0,10.0,0.0,59.0,5.0,0.0,0,20
892,814,Paul di Resta,10,Force India,14,2013,12,15,16.0,36.0,10.0,0.0,61.0,6.0,0.0,0,22
893,814,Paul di Resta,10,Force India,15,2013,13,17,17.0,36.0,10.0,0.0,61.0,6.0,0.0,0,20
894,814,Paul di Resta,10,Force India,35,2013,14,15,15.0,36.0,10.0,0.0,62.0,6.0,0.0,0,22
895,814,Paul di Resta,10,Force India,22,2013,15,12,12.0,36.0,10.0,0.0,62.0,6.0,0.0,0,11
896,814,Paul di Resta,10,Force India,68,2013,16,12,12.0,36.0,11.0,0.0,62.0,6.0,0.0,0,8
897,814,Paul di Resta,10,Force India,24,2013,17,11,12.0,40.0,10.0,0.0,68.0,6.0,0.0,0,6
898,814,Paul di Resta,10,Force India,69,2013,18,11,12.0,48.0,10.0,0.0,77.0,6.0,0.0,0,16
899,814,Paul di Resta,10,Force India,18,2013,19,12,12.0,48.0,10.0,0.0,77.0,6.0,0.0,0,11
979,814,Paul di Resta,3,Williams,11,2017,11,19,19.0,0.0,99.0,0.0,41.0,5.0,0.0,0,18
841,815,Sergio Pérez,15,Sauber,1,2011,1,13,13.0,0.0,99.0,0.0,0.0,99.0,0.0,0,22
842,815,Sergio Pérez,15,Sauber,2,2011,2,16,16.0,0.0,99.0,0.0,0.0,99.0,0.0,0,21
843,815,Sergio Pérez,15,Sauber,17,2011,3,12,12.0,0.0,20.0,0.0,6.0,5.0,0.0,0,17
844,815,Sergio Pérez,15,Sauber,5,2011,4,15,15.0,0.0,21.0,0.0,7.0,6.0,0.0,0,14
845,815,Sergio Pérez,15,Sauber,4,2011,5,12,12.0,0.0,18.0,0.0,8.0,6.0,0.0,0,9
846,815,Sergio Pérez,15,Sauber,6,2011,6,0,10.0,2.0,14.0,0.0,11.0,6.0,0.0,0,24
848,815,Sergio Pérez,15,Sauber,12,2011,8,16,16.0,2.0,15.0,0.0,27.0,6.0,0.0,0,11
849,815,Sergio Pérez,15,Sauber,9,2011,9,12,12.0,2.0,16.0,0.0,27.0,6.0,0.0,0,7
850,815,Sergio Pérez,15,Sauber,20,2011,10,15,15.0,8.0,14.0,0.0,33.0,6.0,0.0,0,11
851,815,Sergio Pérez,15,Sauber,11,2011,11,10,10.0,8.0,14.0,0.0,35.0,6.0,0.0,0,15
852,815,Sergio Pérez,15,Sauber,13,2011,12,9,9.0,8.0,15.0,0.0,35.0,6.0,0.0,0,20
853,815,Sergio Pérez,15,Sauber,14,2011,13,15,15.0,8.0,15.0,0.0,35.0,6.0,0.0,0,17
854,815,Sergio Pérez,15,Sauber,15,2011,14,11,11.0,8.0,16.0,0.0,35.0,7.0,0.0,0,10
855,815,Sergio Pérez,15,Sauber,22,2011,15,17,17.0,9.0,16.0,0.0,36.0,7.0,0.0,0,8
856,815,Sergio Pérez,15,Sauber,35,2011,16,17,17.0,13.0,15.0,0.0,40.0,7.0,0.0,0,16
857,815,Sergio Pérez,15,Sauber,68,2011,17,20,17.0,13.0,16.0,0.0,40.0,7.0,0.0,0,10
858,815,Sergio Pérez,15,Sauber,24,2011,18,11,11.0,14.0,16.0,0.0,41.0,7.0,0.0,0,11
859,815,Sergio Pérez,15,Sauber,18,2011,19,17,17.0,14.0,16.0,0.0,42.0,7.0,0.0,0,13
860,815,Sergio Pérez,15,Sauber,1,2012,1,22,17.0,0.0,99.0,0.0,0.0,99.0,0.0,0,8
861,815,Sergio Pérez,15,Sauber,2,2012,2,9,10.0,4.0,8.0,0.0,12.0,3.0,0.0,1,2
862,815,Sergio Pérez,15,Sauber,17,2012,3,8,8.0,22.0,5.0,0.0,30.0,4.0,0.0,0,11
863,815,Sergio Pérez,15,Sauber,3,2012,4,8,8.0,22.0,7.0,0.0,31.0,4.0,0.0,0,11
864,815,Sergio Pérez,15,Sauber,4,2012,5,5,6.0,22.0,9.0,0.0,31.0,6.0,0.0,0,20
866,815,Sergio Pérez,15,Sauber,7,2012,7,15,15.0,22.0,10.0,0.0,41.0,7.0,0.0,1,3
867,815,Sergio Pérez,15,Sauber,12,2012,8,15,15.0,37.0,9.0,0.0,58.0,6.0,0.0,0,9
868,815,Sergio Pérez,15,Sauber,9,2012,9,15,17.0,39.0,9.0,0.0,60.0,6.0,0.0,0,22
869,815,Sergio Pérez,15,Sauber,10,2012,10,17,12.0,39.0,9.0,0.0,60.0,6.0,0.0,0,6
870,815,Sergio Pérez,15,Sauber,11,2012,11,14,14.0,47.0,9.0,0.0,80.0,6.0,0.0,0,14
871,815,Sergio Pérez,15,Sauber,13,2012,12,4,5.0,47.0,9.0,0.0,80.0,6.0,0.0,0,21
872,815,Sergio Pérez,15,Sauber,14,2012,13,12,13.0,47.0,9.0,0.0,80.0,6.0,0.0,1,2
873,815,Sergio Pérez,15,Sauber,15,2012,14,14,14.0,65.0,9.0,0.0,100.0,6.0,0.0,0,10
874,815,Sergio Pérez,15,Sauber,22,2012,15,5,6.0,66.0,9.0,0.0,101.0,6.0,0.0,0,22
875,815,Sergio Pérez,15,Sauber,35,2012,16,12,12.0,66.0,10.0,0.0,116.0,6.0,0.0,0,11
876,815,Sergio Pérez,15,Sauber,68,2012,17,8,8.0,66.0,10.0,0.0,116.0,6.0,0.0,0,24
877,815,Sergio Pérez,15,Sauber,24,2012,18,11,12.0,66.0,10.0,0.0,116.0,6.0,0.0,0,15
878,815,Sergio Pérez,15,Sauber,69,2012,19,15,15.0,66.0,10.0,0.0,124.0,6.0,0.0,0,11
879,815,Sergio Pérez,15,Sauber,18,2012,20,12,13.0,66.0,10.0,0.0,124.0,6.0,0.0,0,24
880,815,Sergio Pérez,1,McLaren,1,2013,1,15,15.0,0.0,99.0,0.0,0.0,99.0,0.0,0,11
881,815,Sergio Pérez,1,McLaren,2,2013,2,9,10.0,0.0,11.0,0.0,2.0,6.0,0.0,0,9
882,815,Sergio Pérez,1,McLaren,17,2013,3,12,12.0,2.0,12.0,0.0,4.0,7.0,0.0,0,11
883,815,Sergio Pérez,1,McLaren,3,2013,4,12,12.0,2.0,14.0,0.0,14.0,5.0,0.0,0,6
884,815,Sergio Pérez,1,McLaren,4,2013,5,8,9.0,10.0,11.0,0.0,23.0,6.0,0.0,0,9
885,815,Sergio Pérez,1,McLaren,6,2013,6,7,7.0,12.0,11.0,0.0,29.0,6.0,0.0,0,16
886,815,Sergio Pérez,1,McLaren,7,2013,7,12,12.0,12.0,12.0,0.0,37.0,6.0,0.0,0,11
887,815,Sergio Pérez,1,McLaren,9,2013,8,13,14.0,12.0,13.0,0.0,37.0,6.0,0.0,0,20
888,815,Sergio Pérez,1,McLaren,20,2013,9,13,13.0,12.0,13.0,0.0,37.0,6.0,0.0,0,8
890,815,Sergio Pérez,1,McLaren,11,2013,10,9,9.0,16.0,12.0,0.0,49.0,6.0,0.0,0,9
891,815,Sergio Pérez,1,McLaren,13,2013,11,13,13.0,18.0,12.0,0.0,57.0,6.0,0.0,0,11
892,815,Sergio Pérez,1,McLaren,14,2013,12,8,8.0,18.0,12.0,0.0,65.0,5.0,0.0,0,12
893,815,Sergio Pérez,1,McLaren,15,2013,13,14,14.0,18.0,12.0,0.0,66.0,5.0,0.0,0,8
894,815,Sergio Pérez,1,McLaren,35,2013,14,10,11.0,22.0,12.0,0.0,76.0,5.0,0.0,0,10
895,815,Sergio Pérez,1,McLaren,22,2013,15,11,11.0,23.0,13.0,0.0,81.0,5.0,0.0,0,15
896,815,Sergio Pérez,1,McLaren,68,2013,16,9,9.0,23.0,13.0,0.0,83.0,5.0,0.0,0,5
897,815,Sergio Pérez,1,McLaren,24,2013,17,8,9.0,33.0,12.0,0.0,93.0,5.0,0.0,0,9
898,815,Sergio Pérez,1,McLaren,69,2013,18,7,7.0,35.0,12.0,0.0,95.0,5.0,0.0,0,7
899,815,Sergio Pérez,1,McLaren,18,2013,19,19,14.0,41.0,12.0,0.0,102.0,5.0,0.0,0,6
900,815,Sergio Pérez,10,Force India,1,2014,1,16,16.0,0.0,99.0,0.0,0.0,99.0,0.0,0,10
901,815,Sergio Pérez,10,Force India,2,2014,2,14,14.0,1.0,10.0,0.0,9.0,5.0,0.0,0,22
902,815,Sergio Pérez,10,Force India,3,2014,3,4,5.0,1.0,13.0,0.0,19.0,5.0,0.0,1,3
903,815,Sergio Pérez,10,Force India,17,2014,4,16,16.0,16.0,9.0,0.0,44.0,2.0,0.0,0,9
904,815,Sergio Pérez,10,Force India,4,2014,5,11,12.0,18.0,10.0,0.0,54.0,3.0,0.0,0,9
905,815,Sergio Pérez,10,Force India,6,2014,6,10,10.0,20.0,10.0,0.0,57.0,4.0,0.0,0,21
906,815,Sergio Pérez,10,Force India,7,2014,7,13,13.0,20.0,10.0,0.0,67.0,4.0,0.0,0,11
907,815,Sergio Pérez,10,Force India,70,2014,8,15,11.0,20.0,10.0,0.0,77.0,4.0,0.0,0,6
908,815,Sergio Pérez,10,Force India,9,2014,9,7,7.0,28.0,11.0,0.0,87.0,4.0,0.0,0,11
909,815,Sergio Pérez,10,Force India,10,2014,10,10,10.0,28.0,11.0,0.0,91.0,5.0,0.0,0,10
910,815,Sergio Pérez,10,Force India,11,2014,11,12,13.0,29.0,11.0,0.0,98.0,5.0,0.0,0,19
911,815,Sergio Pérez,10,Force India,13,2014,12,13,13.0,29.0,11.0,0.0,98.0,5.0,0.0,0,8
912,815,Sergio Pérez,10,Force India,14,2014,13,10,10.0,33.0,12.0,0.0,103.0,6.0,0.0,0,7
913,815,Sergio Pérez,10,Force India,15,2014,14,15,15.0,39.0,11.0,0.0,109.0,6.0,0.0,0,7
914,815,Sergio Pérez,10,Force India,22,2014,15,11,12.0,45.0,10.0,0.0,117.0,5.0,0.0,0,10
915,815,Sergio Pérez,10,Force India,71,2014,16,12,13.0,46.0,10.0,0.0,122.0,5.0,0.0,0,10
916,815,Sergio Pérez,10,Force India,69,2014,17,11,12.0,47.0,11.0,0.0,123.0,6.0,0.0,0,17
917,815,Sergio Pérez,10,Force India,18,2014,18,18,17.0,47.0,11.0,0.0,123.0,6.0,0.0,0,15
918,815,Sergio Pérez,10,Force India,24,2014,19,11,11.0,47.0,12.0,0.0,127.0,6.0,0.0,0,7
926,815,Sergio Pérez,10,Force India,1,2015,1,14,15.0,0.0,99.0,0.0,0.0,99.0,0.0,0,10
927,815,Sergio Pérez,10,Force India,2,2015,2,14,14.0,1.0,10.0,0.0,7.0,6.0,0.0,0,13
928,815,Sergio Pérez,10,Force India,17,2015,3,15,15.0,1.0,14.0,0.0,7.0,7.0,0.0,0,11
929,815,Sergio Pérez,10,Force India,3,2015,4,11,11.0,1.0,15.0,0.0,7.0,7.0,0.0,0,8
930,815,Sergio Pérez,10,Force India,4,2015,5,18,18.0,5.0,13.0,0.0,11.0,8.0,0.0,0,13
931,815,Sergio Pérez,10,Force India,6,2015,6,7,7.0,5.0,13.0,0.0,11.0,8.0,0.0,0,7
932,815,Sergio Pérez,10,Force India,7,2015,7,10,10.0,11.0,11.0,0.0,17.0,6.0,0.0,0,11
933,815,Sergio Pérez,10,Force India,70,2015,8,13,16.0,11.0,11.0,0.0,21.0,7.0,0.0,0,9
934,815,Sergio Pérez,10,Force India,9,2015,9,11,11.0,13.0,12.0,0.0,31.0,5.0,0.0,0,9
936,815,Sergio Pérez,10,Force India,11,2015,10,13,13.0,15.0,12.0,0.0,39.0,5.0,0.0,0,19
937,815,Sergio Pérez,10,Force India,13,2015,11,4,5.0,15.0,13.0,0.0,39.0,5.0,0.0,0,5
938,815,Sergio Pérez,10,Force India,14,2015,12,7,7.0,25.0,11.0,0.0,49.0,6.0,0.0,0,6
939,815,Sergio Pérez,10,Force India,15,2015,13,13,13.0,33.0,10.0,0.0,63.0,5.0,0.0,0,7
940,815,Sergio Pérez,10,Force India,22,2015,14,9,9.0,39.0,9.0,0.0,69.0,5.0,0.0,0,12
941,815,Sergio Pérez,10,Force India,71,2015,15,7,7.0,39.0,10.0,0.0,77.0,5.0,0.0,1,3
942,815,Sergio Pérez,10,Force India,69,2015,16,5,6.0,54.0,9.0,0.0,92.0,5.0,0.0,0,5
943,815,Sergio Pérez,10,Force India,32,2015,17,9,9.0,64.0,9.0,0.0,102.0,5.0,0.0,0,8
944,815,Sergio Pérez,10,Force India,18,2015,18,11,13.0,68.0,9.0,0.0,112.0,5.0,0.0,0,12
945,815,Sergio Pérez,10,Force India,24,2015,19,4,4.0,68.0,9.0,0.0,120.0,5.0,0.0,0,5
948,815,Sergio Pérez,10,Force India,1,2016,1,9,9.0,0.0,99.0,0.0,0.0,99.0,0.0,0,13
949,815,Sergio Pérez,10,Force India,3,2016,2,18,18.0,0.0,13.0,0.0,6.0,6.0,0.0,0,16
950,815,Sergio Pérez,10,Force India,17,2016,3,7,7.0,0.0,17.0,0.0,6.0,7.0,0.0,0,11
951,815,Sergio Pérez,10,Force India,71,2016,4,6,7.0,0.0,15.0,0.0,6.0,7.0,0.0,0,9
952,815,Sergio Pérez,10,Force India,4,2016,5,9,9.0,2.0,15.0,0.0,8.0,8.0,0.0,0,7
953,815,Sergio Pérez,10,Force India,6,2016,6,7,8.0,8.0,13.0,0.0,14.0,7.0,0.0,1,3
954,815,Sergio Pérez,10,Force India,7,2016,7,11,11.0,23.0,9.0,0.0,37.0,5.0,0.0,0,10
955,815,Sergio Pérez,10,Force India,73,2016,8,7,2.0,24.0,9.0,0.0,42.0,5.0,0.0,1,3
956,815,Sergio Pérez,10,Force India,70,2016,9,16,16.0,39.0,8.0,0.0,59.0,5.0,0.0,0,17
957,815,Sergio Pérez,10,Force India,9,2016,10,10,11.0,39.0,8.0,0.0,59.0,5.0,0.0,0,6
958,815,Sergio Pérez,10,Force India,11,2016,11,13,13.0,47.0,8.0,0.0,73.0,5.0,0.0,0,11
959,815,Sergio Pérez,10,Force India,10,2016,12,9,9.0,47.0,8.0,0.0,74.0,5.0,0.0,0,10
960,815,Sergio Pérez,10,Force India,13,2016,13,6,6.0,48.0,8.0,0.0,81.0,5.0,0.0,0,5
961,815,Sergio Pérez,10,Force India,14,2016,14,8,8.0,58.0,8.0,0.0,103.0,4.0,0.0,0,8
962,815,Sergio Pérez,10,Force India,15,2016,15,17,10.0,62.0,8.0,0.0,108.0,5.0,0.0,0,8
963,815,Sergio Pérez,10,Force India,2,2016,16,7,7.0,66.0,8.0,0.0,112.0,4.0,0.0,0,6
964,815,Sergio Pérez,10,Force India,22,2016,17,5,7.0,74.0,8.0,0.0,124.0,4.0,0.0,0,7
965,815,Sergio Pérez,10,Force India,69,2016,18,11,11.0,80.0,8.0,0.0,134.0,4.0,0.0,0,8
966,815,Sergio Pérez,10,Force India,32,2016,19,12,12.0,84.0,7.0,0.0,138.0,4.0,0.0,0,10
967,815,Sergio Pérez,10,Force India,18,2016,20,9,9.0,85.0,7.0,0.0,145.0,4.0,0.0,0,4
968,815,Sergio Pérez,10,Force India,24,2016,21,8,8.0,97.0,7.0,0.0,163.0,4.0,0.0,0,8
969,815,Sergio Pérez,10,Force India,1,2017,1,10,11.0,0.0,99.0,0.0,0.0,99.0,0.0,0,7
970,815,Sergio Pérez,10,Force India,17,2017,2,8,8.0,6.0,7.0,0.0,7.0,5.0,0.0,0,9
971,815,Sergio Pérez,10,Force India,3,2017,3,18,18.0,8.0,9.0,0.0,10.0,5.0,0.0,0,7
972,815,Sergio Pérez,10,Force India,71,2017,4,9,9.0,14.0,8.0,0.0,17.0,4.0,0.0,0,6
973,815,Sergio Pérez,10,Force India,4,2017,5,8,8.0,22.0,7.0,0.0,31.0,4.0,0.0,0,4
974,815,Sergio Pérez,10,Force India,6,2017,6,7,7.0,34.0,7.0,0.0,53.0,4.0,0.0,0,13
975,815,Sergio Pérez,10,Force India,7,2017,7,8,8.0,34.0,7.0,0.0,53.0,4.0,0.0,0,5
976,815,Sergio Pérez,10,Force India,73,2017,8,6,6.0,44.0,7.0,0.0,71.0,4.0,0.0,0,15
977,815,Sergio Pérez,10,Force India,70,2017,9,7,8.0,44.0,7.0,0.0,79.0,4.0,0.0,0,7
978,815,Sergio Pérez,10,Force India,9,2017,10,6,7.0,50.0,6.0,0.0,89.0,4.0,0.0,0,9
979,815,Sergio Pérez,10,Force India,11,2017,11,13,14.0,52.0,7.0,0.0,95.0,4.0,0.0,0,8
980,815,Sergio Pérez,10,Force India,13,2017,12,8,8.0,56.0,7.0,0.0,101.0,4.0,0.0,0,17
981,815,Sergio Pérez,10,Force India,14,2017,13,10,11.0,56.0,7.0,0.0,103.0,4.0,0.0,0,9
982,815,Sergio Pérez,10,Force India,15,2017,14,12,12.0,58.0,7.0,0.0,113.0,4.0,0.0,0,5
983,815,Sergio Pérez,10,Force India,2,2017,15,9,9.0,68.0,7.0,0.0,124.0,4.0,0.0,0,6
984,815,Sergio Pérez,10,Force India,22,2017,16,7,8.0,76.0,7.0,0.0,133.0,4.0,0.0,0,7
985,815,Sergio Pérez,10,Force India,69,2017,17,9,10.0,82.0,7.0,0.0,147.0,4.0,0.0,0,8
986,815,Sergio Pérez,10,Force India,32,2017,18,9,10.0,86.0,7.0,0.0,159.0,4.0,0.0,0,7
987,815,Sergio Pérez,10,Force India,18,2017,19,5,6.0,92.0,7.0,0.0,175.0,4.0,0.0,0,9
988,815,Sergio Pérez,10,Force India,24,2017,20,8,8.0,94.0,7.0,0.0,177.0,4.0,0.0,0,7
989,815,Sergio Pérez,10,Force India,1,2018,1,12,13.0,0.0,99.0,0.0,0.0,99.0,0.0,0,11
990,815,Sergio Pérez,10,Force India,3,2018,2,12,12.0,0.0,11.0,0.0,0.0,6.0,0.0,0,16
991,815,Sergio Pérez,10,Force India,17,2018,3,8,8.0,0.0,15.0,0.0,1.0,9.0,0.0,0,12
992,815,Sergio Pérez,10,Force India,73,2018,4,8,8.0,0.0,15.0,0.0,1.0,9.0,0.0,1,3
993,815,Sergio Pérez,10,Force India,4,2018,5,15,15.0,15.0,9.0,0.0,16.0,6.0,0.0,0,9
994,815,Sergio Pérez,10,Force India,6,2018,6,9,9.0,17.0,11.0,0.0,18.0,7.0,0.0,0,12
995,815,Sergio Pérez,10,Force India,7,2018,7,10,10.0,17.0,12.0,0.0,26.0,6.0,0.0,0,14
996,815,Sergio Pérez,10,Force India,34,2018,8,13,13.0,17.0,12.0,0.0,28.0,6.0,0.0,0,18
997,815,Sergio Pérez,10,Force India,70,2018,9,16,17.0,17.0,12.0,0.0,28.0,6.0,0.0,0,7
998,815,Sergio Pérez,10,Force India,9,2018,10,12,12.0,23.0,11.0,0.0,42.0,7.0,0.0,0,10
999,815,Sergio Pérez,10,Force India,10,2018,11,10,10.0,24.0,12.0,0.0,49.0,6.0,0.0,0,7
1000,815,Sergio Pérez,10,Force India,11,2018,12,19,19.0,30.0,10.0,0.0,59.0,5.0,0.0,0,14
1001,815,Sergio Pérez,10,Force India,13,2018,13,4,4.0,30.0,10.0,0.0,59.0,6.0,0.0,0,5
1002,815,Sergio Pérez,10,Force India,14,2018,14,14,16.0,40.0,10.0,0.0,18.0,9.0,0.0,0,7
1003,815,Sergio Pérez,10,Force India,15,2018,15,7,7.0,46.0,9.0,0.0,32.0,7.0,0.0,0,16
1004,815,Sergio Pérez,10,Force India,71,2018,16,8,8.0,46.0,10.0,0.0,32.0,7.0,0.0,0,10
1005,815,Sergio Pérez,10,Force India,22,2018,17,9,10.0,47.0,10.0,0.0,35.0,7.0,0.0,0,7
1006,815,Sergio Pérez,10,Force India,69,2018,18,10,10.0,53.0,7.0,0.0,43.0,7.0,0.0,0,8
1007,815,Sergio Pérez,10,Force India,32,2018,19,13,13.0,57.0,8.0,0.0,47.0,7.0,0.0,0,18
1008,815,Sergio Pérez,10,Force India,18,2018,20,12,12.0,57.0,8.0,0.0,47.0,7.0,0.0,0,10
1009,815,Sergio Pérez,10,Force India,24,2018,21,14,14.0,58.0,8.0,0.0,48.0,7.0,0.0,0,8
1010,815,Sergio Pérez,211,Racing Point,1,2019,1,10,10.0,0.0,99.0,0.0,0.0,99.0,0.0,0,13
1011,815,Sergio Pérez,211,Racing Point,3,2019,2,14,14.0,0.0,13.0,0.0,2.0,7.0,0.0,0,10
1012,815,Sergio Pérez,211,Racing Point,17,2019,3,12,12.0,1.0,14.0,0.0,3.0,9.0,0.0,0,8
1013,815,Sergio Pérez,211,Racing Point,73,2019,4,5,5.0,5.0,12.0,0.0,7.0,8.0,0.0,0,6
1014,815,Sergio Pérez,211,Racing Point,4,2019,5,15,15.0,13.0,6.0,0.0,17.0,5.0,0.0,0,15
1015,815,Sergio Pérez,211,Racing Point,6,2019,6,16,17.0,13.0,8.0,0.0,17.0,5.0,0.0,0,12
1016,815,Sergio Pérez,211,Racing Point,7,2019,7,15,16.0,13.0,9.0,0.0,17.0,5.0,0.0,0,12
1017,815,Sergio Pérez,211,Racing Point,34,2019,8,14,14.0,13.0,10.0,0.0,19.0,6.0,0.0,0,12
1018,815,Sergio Pérez,211,Racing Point,70,2019,9,13,16.0,13.0,13.0,0.0,19.0,6.0,0.0,0,11
1019,815,Sergio Pérez,211,Racing Point,9,2019,10,15,15.0,13.0,13.0,0.0,19.0,7.0,0.0,0,17
1020,815,Sergio Pérez,211,Racing Point,10,2019,11,8,8.0,13.0,13.0,0.0,19.0,7.0,0.0,0,20
1021,815,Sergio Pérez,211,Racing Point,11,2019,12,16,17.0,13.0,16.0,0.0,31.0,7.0,0.0,0,11
1022,815,Sergio Pérez,211,Racing Point,13,2019,13,7,9.0,13.0,16.0,0.0,31.0,8.0,0.0,0,6
1023,815,Sergio Pérez,211,Racing Point,14,2019,14,18,17.0,21.0,13.0,0.0,40.0,7.0,0.0,0,7
1024,815,Sergio Pérez,211,Racing Point,15,2019,15,15,10.0,27.0,13.0,0.0,46.0,7.0,0.0,0,19
1025,815,Sergio Pérez,211,Racing Point,71,2019,16,11,12.0,27.0,14.0,0.0,46.0,7.0,0.0,0,7
1026,815,Sergio Pérez,211,Racing Point,22,2019,17,17,17.0,33.0,13.0,0.0,52.0,7.0,0.0,0,8
1027,815,Sergio Pérez,211,Racing Point,32,2019,18,11,11.0,37.0,9.0,0.0,58.0,7.0,0.0,0,7
1028,815,Sergio Pérez,211,Racing Point,69,2019,19,0,19.0,43.0,9.0,0.0,64.0,7.0,0.0,0,10
1029,815,Sergio Pérez,211,Racing Point,18,2019,20,15,15.0,44.0,10.0,0.0,65.0,6.0,0.0,0,9
1030,815,Sergio Pérez,211,Racing Point,24,2019,21,10,11.0,46.0,10.0,0.0,67.0,7.0,0.0,0,7
1031,815,Sergio Pérez,211,Racing Point,70,2020,1,6,6.0,0.0,99.0,0.0,0.0,99.0,0.0,0,6
1032,815,Sergio Pérez,211,Racing Point,70,2020,2,17,17.0,8.0,6.0,0.0,8.0,4.0,0.0,0,6
1033,815,Sergio Pérez,211,Racing Point,11,2020,3,4,4.0,16.0,5.0,0.0,22.0,4.0,0.0,0,7
1036,815,Sergio Pérez,211,Racing Point,4,2020,6,4,4.0,22.0,6.0,0.0,41.0,5.0,0.0,0,5
1037,815,Sergio Pérez,211,Racing Point,13,2020,7,8,8.0,32.0,8.0,0.0,63.0,3.0,0.0,0,10
1038,815,Sergio Pérez,211,Racing Point,14,2020,8,4,4.0,33.0,9.0,0.0,66.0,4.0,0.0,0,10
1039,815,Sergio Pérez,211,Racing Point,76,2020,9,7,6.0,34.0,11.0,0.0,82.0,4.0,0.0,0,5
1040,815,Sergio Pérez,211,Racing Point,71,2020,10,4,4.0,44.0,9.0,0.0,92.0,4.0,0.0,0,4
1041,815,Sergio Pérez,211,Racing Point,20,2020,11,9,9.0,56.0,9.0,0.0,104.0,4.0,0.0,0,4
1042,815,Sergio Pérez,211,Racing Point,75,2020,12,5,5.0,68.0,5.0,0.0,120.0,3.0,0.0,0,7
1043,815,Sergio Pérez,211,Racing Point,21,2020,13,11,11.0,74.0,6.0,0.0,126.0,3.0,0.0,0,6
1044,815,Sergio Pérez,211,Racing Point,5,2020,14,3,3.0,82.0,6.0,0.0,134.0,5.0,0.0,1,2
1045,815,Sergio Pérez,211,Racing Point,3,2020,15,5,5.0,100.0,4.0,0.0,154.0,3.0,0.0,0,18
1046,815,Sergio Pérez,211,Racing Point,3,2020,16,5,5.0,100.0,5.0,0.0,154.0,4.0,0.0,1,1
1047,815,Sergio Pérez,211,Racing Point,24,2020,17,19,15.0,125.0,4.0,1.0,194.0,3.0,1.0,0,20
1052,815,Sergio Pérez,9,Red Bull,3,2021,1,0,11.0,0.0,99.0,0.0,0.0,99.0,0.0,0,5
1053,815,Sergio Pérez,9,Red Bull,21,2021,2,2,2.0,10.0,5.0,0.0,28.0,2.0,0.0,0,11
1054,815,Sergio Pérez,9,Red Bull,75,2021,3,4,4.0,10.0,8.0,0.0,53.0,2.0,1.0,0,4
1055,815,Sergio Pérez,9,Red Bull,4,2021,4,8,8.0,22.0,6.0,0.0,83.0,2.0,1.0,0,5
1056,815,Sergio Pérez,9,Red Bull,6,2021,5,9,9.0,32.0,6.0,0.0,112.0,2.0,1.0,0,4
1057,815,Sergio Pérez,9,Red Bull,73,2021,6,6,7.0,44.0,5.0,0.0,149.0,1.0,2.0,1,1
1059,815,Sergio Pérez,9,Red Bull,34,2021,7,4,4.0,69.0,3.0,1.0,174.0,1.0,3.0,1,3
1058,815,Sergio Pérez,9,Red Bull,70,2021,8,4,5.0,84.0,3.0,1.0,215.0,1.0,4.0,0,4
1060,815,Sergio Pérez,9,Red Bull,70,2021,9,3,3.0,96.0,3.0,1.0,252.0,1.0,5.0,0,6
1061,815,Sergio Pérez,9,Red Bull,9,2021,10,0,5.0,104.0,3.0,1.0,286.0,1.0,6.0,0,16
1062,815,Sergio Pérez,9,Red Bull,11,2021,11,4,4.0,104.0,5.0,1.0,289.0,1.0,6.0,0,17
1063,815,Sergio Pérez,9,Red Bull,13,2021,12,0,7.0,104.0,5.0,1.0,291.0,2.0,6.0,0,19
1064,815,Sergio Pérez,9,Red Bull,39,2021,13,0,16.0,104.0,5.0,1.0,303.5,2.0,7.0,0,8
1065,815,Sergio Pérez,9,Red Bull,14,2021,14,8,9.0,108.0,5.0,1.0,332.5,2.0,8.0,0,5
1066,815,Sergio Pérez,9,Red Bull,71,2021,15,8,9.0,118.0,5.0,1.0,344.5,2.0,8.0,0,9
1067,815,Sergio Pérez,9,Red Bull,5,2021,16,6,7.0,120.0,5.0,1.0,364.5,2.0,8.0,1,3
1069,815,Sergio Pérez,9,Red Bull,69,2021,17,3,3.0,135.0,5.0,1.0,397.5,2.0,8.0,1,3
1070,815,Sergio Pérez,9,Red Bull,32,2021,18,4,4.0,150.0,4.0,1.0,437.5,2.0,9.0,1,3
1071,815,Sergio Pérez,9,Red Bull,18,2021,19,4,4.0,165.0,4.0,1.0,477.5,2.0,10.0,0,4
1051,815,Sergio Pérez,9,Red Bull,78,2021,20,11,11.0,178.0,4.0,1.0,510.5,2.0,10.0,0,4
1072,815,Sergio Pérez,9,Red Bull,77,2021,21,5,5.0,190.0,4.0,1.0,541.5,2.0,10.0,0,17
1073,815,Sergio Pérez,9,Red Bull,24,2021,22,4,4.0,190.0,4.0,1.0,559.5,2.0,10.0,0,15
1074,815,Sergio Pérez,9,Red Bull,3,2022,1,4,4.0,0.0,99.0,0.0,0.0,99.0,0.0,0,18
1075,815,Sergio Pérez,9,Red Bull,77,2022,2,1,1.0,0.0,18.0,0.0,0.0,10.0,0.0,0,4
1076,815,Sergio Pérez,9,Red Bull,1,2022,3,3,3.0,12.0,7.0,0.0,37.0,3.0,1.0,1,2
1077,815,Sergio Pérez,9,Red Bull,21,2022,4,3,7.0,30.0,4.0,0.0,55.0,3.0,1.0,1,2
1078,815,Sergio Pérez,9,Red Bull,79,2022,5,4,4.0,54.0,3.0,0.0,113.0,2.0,2.0,0,4
1079,815,Sergio Pérez,9,Red Bull,4,2022,6,5,5.0,66.0,3.0,0.0,151.0,2.0,3.0,1,2
1080,815,Sergio Pérez,9,Red Bull,6,2022,7,3,3.0,85.0,3.0,0.0,195.0,1.0,4.0,1,1
1081,815,Sergio Pérez,9,Red Bull,73,2022,8,2,2.0,110.0,3.0,1.0,235.0,1.0,5.0,1,2
1082,815,Sergio Pérez,9,Red Bull,7,2022,9,13,13.0,129.0,2.0,1.0,279.0,1.0,6.0,0,20
1083,815,Sergio Pérez,9,Red Bull,9,2022,10,4,4.0,129.0,2.0,1.0,304.0,1.0,7.0,1,2
1084,815,Sergio Pérez,9,Red Bull,70,2022,11,5,13.0,147.0,2.0,1.0,328.0,1.0,7.0,0,20
1085,815,Sergio Pérez,9,Red Bull,34,2022,12,3,3.0,151.0,3.0,1.0,359.0,1.0,7.0,0,4
1086,815,Sergio Pérez,9,Red Bull,11,2022,13,11,11.0,163.0,3.0,1.0,396.0,1.0,8.0,0,5
1087,815,Sergio Pérez,9,Red Bull,13,2022,14,2,3.0,173.0,3.0,1.0,431.0,1.0,9.0,1,2
1088,815,Sergio Pérez,9,Red Bull,39,2022,15,5,5.0,191.0,2.0,1.0,475.0,1.0,10.0,0,5
1089,815,Sergio Pérez,9,Red Bull,14,2022,16,13,4.0,201.0,3.0,1.0,511.0,1.0,11.0,0,6
1091,815,Sergio Pérez,9,Red Bull,15,2022,17,2,2.0,210.0,3.0,1.0,545.0,1.0,12.0,1,1
1092,815,Sergio Pérez,9,Red Bull,22,2022,18,4,4.0,235.0,3.0,2.0,576.0,1.0,13.0,1,2
1093,815,Sergio Pérez,9,Red Bull,69,2022,19,9,4.0,253.0,2.0,2.0,619.0,1.0,14.0,0,4
1094,815,Sergio Pérez,9,Red Bull,32,2022,20,4,4.0,265.0,3.0,2.0,656.0,1.0,15.0,1,3
1095,815,Sergio Pérez,9,Red Bull,18,2022,21,4,9.0,280.0,2.0,2.0,696.0,1.0,16.0,0,7
1096,815,Sergio Pérez,9,Red Bull,24,2022,22,2,2.0,290.0,3.0,2.0,719.0,1.0,16.0,1,3
1098,815,Sergio Pérez,9,Red Bull,3,2023,1,2,2.0,0.0,99.0,0.0,0.0,99.0,0.0,1,2
1099,815,Sergio Pérez,9,Red Bull,77,2023,2,1,1.0,18.0,2.0,0.0,43.0,1.0,1.0,1,1
1100,815,Sergio Pérez,9,Red Bull,1,2023,3,0,20.0,43.0,2.0,1.0,87.0,1.0,2.0,0,5
1101,815,Sergio Pérez,9,Red Bull,73,2023,4,3,3.0,54.0,2.0,1.0,123.0,1.0,3.0,1,1
1102,815,Sergio Pérez,9,Red Bull,79,2023,5,1,1.0,87.0,2.0,2.0,180.0,1.0,4.0,1,2
1104,815,Sergio Pérez,9,Red Bull,6,2023,6,20,20.0,105.0,2.0,2.0,224.0,1.0,5.0,0,16
1105,815,Sergio Pérez,9,Red Bull,4,2023,7,11,11.0,105.0,2.0,2.0,249.0,1.0,6.0,0,4
1106,815,Sergio Pérez,9,Red Bull,7,2023,8,12,12.0,117.0,2.0,2.0,287.0,1.0,7.0,0,6
1107,815,Sergio Pérez,9,Red Bull,70,2023,9,15,15.0,126.0,2.0,2.0,321.0,1.0,8.0,1,3
1108,815,Sergio Pérez,9,Red Bull,9,2023,10,15,16.0,148.0,2.0,2.0,377.0,1.0,9.0,0,6
1109,815,Sergio Pérez,9,Red Bull,11,2023,11,9,9.0,156.0,2.0,2.0,411.0,1.0,10.0,1,3
1110,815,Sergio Pérez,9,Red Bull,13,2023,12,2,3.0,171.0,2.0,2.0,452.0,1.0,11.0,1,2
1111,815,Sergio Pérez,9,Red Bull,39,2023,13,7,7.0,189.0,2.0,2.0,503.0,1.0,12.0,0,4
1112,815,Sergio Pérez,9,Red Bull,14,2023,14,5,5.0,201.0,2.0,2.0,540.0,1.0,13.0,1,2
1113,815,Sergio Pérez,9,Red Bull,15,2023,15,13,13.0,219.0,2.0,2.0,583.0,1.0,14.0,0,8
1114,815,Sergio Pérez,9,Red Bull,22,2023,16,5,5.0,223.0,2.0,2.0,597.0,1.0,14.0,0,19
1115,815,Sergio Pérez,9,Red Bull,78,2023,17,0,13.0,223.0,2.0,2.0,623.0,1.0,15.0,0,10
1116,815,Sergio Pérez,9,Red Bull,69,2023,18,9,9.0,224.0,2.0,2.0,657.0,1.0,16.0,0,4
1117,815,Sergio Pérez,9,Red Bull,32,2023,19,5,5.0,240.0,2.0,2.0,706.0,1.0,17.0,0,20
1118,815,Sergio Pérez,9,Red Bull,18,2023,20,9,9.0,240.0,2.0,2.0,731.0,1.0,18.0,0,4
1119,815,Sergio Pérez,9,Red Bull,80,2023,21,11,12.0,258.0,2.0,2.0,782.0,1.0,19.0,1,3
1120,815,Sergio Pérez,9,Red Bull,24,2023,22,9,9.0,273.0,2.0,2.0,822.0,1.0,20.0,0,4
1121,815,Sergio Pérez,9,Red Bull,3,2024,1,5,5.0,0.0,99.0,0.0,0.0,99.0,0.0,1,2
1122,815,Sergio Pérez,9,Red Bull,77,2024,2,3,3.0,18.0,2.0,0.0,44.0,1.0,1.0,1,2
1123,815,Sergio Pérez,9,Red Bull,1,2024,3,6,3.0,36.0,2.0,0.0,87.0,1.0,2.0,0,5
1124,815,Sergio Pérez,9,Red Bull,22,2024,4,2,2.0,46.0,3.0,0.0,97.0,1.0,2.0,1,2
1125,815,Sergio Pérez,9,Red Bull,17,2024,5,2,2.0,64.0,2.0,0.0,141.0,1.0,3.0,1,3
1126,815,Sergio Pérez,9,Red Bull,79,2024,6,4,4.0,85.0,2.0,0.0,195.0,1.0,4.0,0,4
1127,815,Sergio Pérez,9,Red Bull,21,2024,7,11,11.0,103.0,2.0,0.0,239.0,1.0,4.0,0,8
1128,815,Sergio Pérez,9,Red Bull,6,2024,8,16,18.0,107.0,3.0,0.0,268.0,1.0,5.0,0,18
1129,815,Sergio Pérez,9,Red Bull,7,2024,9,16,16.0,107.0,5.0,0.0,276.0,1.0,5.0,0,18
1130,815,Sergio Pérez,9,Red Bull,4,2024,10,11,8.0,107.0,5.0,0.0,301.0,1.0,6.0,0,8
1131,815,Sergio Pérez,9,Red Bull,70,2024,11,8,8.0,111.0,5.0,0.0,330.0,1.0,7.0,0,7
1132,815,Sergio Pérez,9,Red Bull,9,2024,12,0,19.0,118.0,5.0,0.0,355.0,1.0,7.0,0,17
1133,815,Sergio Pérez,9,Red Bull,11,2024,13,16,16.0,118.0,6.0,0.0,373.0,1.0,7.0,0,7
1134,815,Sergio Pérez,9,Red Bull,13,2024,14,2,3.0,124.0,7.0,0.0,389.0,1.0,7.0,0,7
1135,815,Sergio Pérez,9,Red Bull,39,2024,15,5,5.0,131.0,7.0,0.0,408.0,1.0,7.0,0,6
1136,815,Sergio Pérez,9,Red Bull,14,2024,16,8,8.0,139.0,7.0,0.0,434.0,1.0,7.0,0,8
1137,815,Sergio Pérez,9,Red Bull,73,2024,17,4,4.0,143.0,7.0,0.0,446.0,1.0,7.0,0,17
1138,815,Sergio Pérez,9,Red Bull,15,2024,18,13,13.0,143.0,8.0,0.0,456.0,2.0,7.0,0,10
1139,815,Sergio Pérez,9,Red Bull,69,2024,19,9,10.0,144.0,8.0,0.0,475.0,2.0,7.0,0,7
1140,815,Sergio Pérez,9,Red Bull,32,2024,20,18,18.0,150.0,8.0,0.0,504.0,2.0,7.0,0,17
1141,815,Sergio Pérez,9,Red Bull,18,2024,21,12,13.0,150.0,8.0,0.0,512.0,3.0,7.0,0,11
1142,815,Sergio Pérez,9,Red Bull,80,2024,22,15,16.0,151.0,8.0,0.0,544.0,3.0,8.0,0,10
1143,815,Sergio Pérez,9,Red Bull,78,2024,23,9,9.0,152.0,8.0,0.0,555.0,3.0,8.0,0,17
1144,815,Sergio Pérez,9,Red Bull,24,2024,24,10,10.0,152.0,8.0,0.0,581.0,3.0,9.0,0,20
841,816,Jérôme d'Ambrosio,166,Virgin,1,2011,1,22,22.0,0.0,99.0,0.0,0.0,99.0,0.0,0,14
842,816,Jérôme d'Ambrosio,166,Virgin,2,2011,2,22,22.0,0.0,14.0,0.0,0.0,8.0,0.0,0,19
843,816,Jérôme d'Ambrosio,166,Virgin,17,2011,3,21,21.0,0.0,17.0,0.0,0.0,10.0,0.0,0,20
844,816,Jérôme d'Ambrosio,166,Virgin,5,2011,4,23,20.0,0.0,18.0,0.0,0.0,11.0,0.0,0,20
845,816,Jérôme d'Ambrosio,166,Virgin,4,2011,5,23,23.0,0.0,19.0,0.0,0.0,11.0,0.0,0,20
846,816,Jérôme d'Ambrosio,166,Virgin,6,2011,6,21,22.0,0.0,19.0,0.0,0.0,11.0,0.0,0,15
847,816,Jérôme d'Ambrosio,166,Virgin,7,2011,7,23,24.0,0.0,20.0,0.0,0.0,11.0,0.0,0,15
848,816,Jérôme d'Ambrosio,166,Virgin,12,2011,8,23,23.0,0.0,21.0,0.0,0.0,12.0,0.0,0,22
849,816,Jérôme d'Ambrosio,166,Virgin,9,2011,9,22,22.0,0.0,21.0,0.0,0.0,12.0,0.0,0,17
850,816,Jérôme d'Ambrosio,166,Virgin,20,2011,10,21,22.0,0.0,21.0,0.0,0.0,12.0,0.0,0,18
851,816,Jérôme d'Ambrosio,166,Virgin,11,2011,11,24,24.0,0.0,22.0,0.0,0.0,12.0,0.0,0,19
852,816,Jérôme d'Ambrosio,166,Virgin,13,2011,12,20,21.0,0.0,22.0,0.0,0.0,12.0,0.0,0,17
853,816,Jérôme d'Ambrosio,166,Virgin,14,2011,13,22,22.0,0.0,23.0,0.0,0.0,12.0,0.0,0,21
854,816,Jérôme d'Ambrosio,166,Virgin,15,2011,14,22,22.0,0.0,24.0,0.0,0.0,12.0,0.0,0,18
855,816,Jérôme d'Ambrosio,166,Virgin,22,2011,15,20,20.0,0.0,24.0,0.0,0.0,12.0,0.0,0,21
856,816,Jérôme d'Ambrosio,166,Virgin,35,2011,16,22,22.0,0.0,24.0,0.0,0.0,12.0,0.0,0,20
857,816,Jérôme d'Ambrosio,166,Virgin,68,2011,17,21,23.0,0.0,24.0,0.0,0.0,12.0,0.0,0,16
858,816,Jérôme d'Ambrosio,166,Virgin,24,2011,18,21,22.0,0.0,24.0,0.0,0.0,12.0,0.0,0,23
859,816,Jérôme d'Ambrosio,166,Virgin,18,2011,19,23,23.0,0.0,24.0,0.0,0.0,12.0,0.0,0,19
872,816,Jérôme d'Ambrosio,208,Lotus F1,14,2012,13,15,16.0,0.0,99.0,0.0,207.0,3.0,0.0,0,13
849,817,Daniel Ricciardo,164,HRT,9,2011,9,24,24.0,0.0,99.0,0.0,0.0,11.0,0.0,0,19
850,817,Daniel Ricciardo,164,HRT,20,2011,10,22,24.0,0.0,26.0,0.0,0.0,11.0,0.0,0,19
851,817,Daniel Ricciardo,164,HRT,11,2011,11,22,23.0,0.0,26.0,0.0,0.0,11.0,0.0,0,18
852,817,Daniel Ricciardo,164,HRT,13,2011,12,23,23.0,0.0,26.0,0.0,0.0,11.0,0.0,0,21
853,817,Daniel Ricciardo,164,HRT,14,2011,13,23,23.0,0.0,27.0,0.0,0.0,11.0,0.0,0,16
854,817,Daniel Ricciardo,164,HRT,15,2011,14,23,23.0,0.0,27.0,0.0,0.0,11.0,0.0,0,19
855,817,Daniel Ricciardo,164,HRT,22,2011,15,22,22.0,0.0,27.0,0.0,0.0,11.0,0.0,0,22
856,817,Daniel Ricciardo,164,HRT,35,2011,16,24,24.0,0.0,27.0,0.0,0.0,11.0,0.0,0,19
857,817,Daniel Ricciardo,164,HRT,68,2011,17,23,21.0,0.0,27.0,0.0,0.0,11.0,0.0,0,18
858,817,Daniel Ricciardo,164,HRT,24,2011,18,20,21.0,0.0,27.0,0.0,0.0,11.0,0.0,0,21
859,817,Daniel Ricciardo,164,HRT,18,2011,19,22,22.0,0.0,27.0,0.0,0.0,11.0,0.0,0,20
860,817,Daniel Ricciardo,5,Toro Rosso,1,2012,1,10,10.0,0.0,99.0,0.0,0.0,99.0,0.0,0,9
861,817,Daniel Ricciardo,5,Toro Rosso,2,2012,2,15,15.0,2.0,9.0,0.0,2.0,6.0,0.0,0,12
862,817,Daniel Ricciardo,5,Toro Rosso,17,2012,3,17,17.0,2.0,12.0,0.0,6.0,8.0,0.0,0,17
863,817,Daniel Ricciardo,5,Toro Rosso,3,2012,4,6,6.0,2.0,15.0,0.0,6.0,9.0,0.0,0,15
864,817,Daniel Ricciardo,5,Toro Rosso,4,2012,5,15,16.0,2.0,15.0,0.0,6.0,9.0,0.0,0,13
865,817,Daniel Ricciardo,5,Toro Rosso,6,2012,6,15,16.0,2.0,16.0,0.0,6.0,9.0,0.0,0,17
866,817,Daniel Ricciardo,5,Toro Rosso,7,2012,7,14,14.0,2.0,17.0,0.0,6.0,9.0,0.0,0,14
867,817,Daniel Ricciardo,5,Toro Rosso,12,2012,8,17,17.0,2.0,17.0,0.0,6.0,9.0,0.0,0,11
868,817,Daniel Ricciardo,5,Toro Rosso,9,2012,9,12,14.0,2.0,18.0,0.0,6.0,9.0,0.0,0,13
869,817,Daniel Ricciardo,5,Toro Rosso,10,2012,10,11,11.0,2.0,18.0,0.0,6.0,9.0,0.0,0,13
870,817,Daniel Ricciardo,5,Toro Rosso,11,2012,11,18,18.0,2.0,18.0,0.0,6.0,9.0,0.0,0,15
871,817,Daniel Ricciardo,5,Toro Rosso,13,2012,12,16,16.0,2.0,18.0,0.0,6.0,9.0,0.0,0,9
872,817,Daniel Ricciardo,5,Toro Rosso,14,2012,13,14,15.0,4.0,18.0,0.0,12.0,9.0,0.0,0,12
873,817,Daniel Ricciardo,5,Toro Rosso,15,2012,14,15,15.0,4.0,18.0,0.0,12.0,9.0,0.0,0,9
874,817,Daniel Ricciardo,5,Toro Rosso,22,2012,15,14,16.0,6.0,18.0,0.0,14.0,9.0,0.0,0,10
875,817,Daniel Ricciardo,5,Toro Rosso,35,2012,16,21,16.0,7.0,18.0,0.0,15.0,9.0,0.0,0,9
876,817,Daniel Ricciardo,5,Toro Rosso,68,2012,17,15,15.0,9.0,18.0,0.0,21.0,9.0,0.0,0,13
877,817,Daniel Ricciardo,5,Toro Rosso,24,2012,18,16,17.0,9.0,18.0,0.0,21.0,9.0,0.0,0,10
878,817,Daniel Ricciardo,5,Toro Rosso,69,2012,19,18,18.0,10.0,18.0,0.0,22.0,9.0,0.0,0,12
879,817,Daniel Ricciardo,5,Toro Rosso,18,2012,20,15,16.0,10.0,18.0,0.0,22.0,9.0,0.0,0,13
880,817,Daniel Ricciardo,5,Toro Rosso,1,2013,1,14,14.0,0.0,99.0,0.0,0.0,99.0,0.0,0,19
881,817,Daniel Ricciardo,5,Toro Rosso,2,2013,2,13,13.0,0.0,19.0,0.0,0.0,7.0,0.0,0,18
882,817,Daniel Ricciardo,5,Toro Rosso,17,2013,3,7,7.0,0.0,21.0,0.0,1.0,8.0,0.0,0,7
883,817,Daniel Ricciardo,5,Toro Rosso,3,2013,4,13,13.0,6.0,11.0,0.0,7.0,7.0,0.0,0,16
884,817,Daniel Ricciardo,5,Toro Rosso,4,2013,5,11,11.0,6.0,13.0,0.0,7.0,7.0,0.0,0,10
885,817,Daniel Ricciardo,5,Toro Rosso,6,2013,6,12,12.0,7.0,12.0,0.0,8.0,7.0,0.0,0,18
886,817,Daniel Ricciardo,5,Toro Rosso,7,2013,7,11,10.0,7.0,13.0,0.0,12.0,7.0,0.0,0,15
887,817,Daniel Ricciardo,5,Toro Rosso,9,2013,8,5,6.0,7.0,14.0,0.0,20.0,7.0,0.0,0,8
888,817,Daniel Ricciardo,5,Toro Rosso,20,2013,9,6,6.0,11.0,14.0,0.0,24.0,7.0,0.0,0,12
890,817,Daniel Ricciardo,5,Toro Rosso,11,2013,10,8,8.0,11.0,14.0,0.0,24.0,7.0,0.0,0,13
891,817,Daniel Ricciardo,5,Toro Rosso,13,2013,11,19,19.0,11.0,14.0,0.0,24.0,7.0,0.0,0,10
892,817,Daniel Ricciardo,5,Toro Rosso,14,2013,12,7,7.0,12.0,14.0,0.0,25.0,7.0,0.0,0,7
893,817,Daniel Ricciardo,5,Toro Rosso,15,2013,13,9,9.0,18.0,13.0,0.0,31.0,7.0,0.0,0,22
894,817,Daniel Ricciardo,5,Toro Rosso,35,2013,14,12,13.0,18.0,14.0,0.0,31.0,7.0,0.0,0,19
895,817,Daniel Ricciardo,5,Toro Rosso,22,2013,15,16,16.0,18.0,14.0,0.0,31.0,8.0,0.0,0,13
896,817,Daniel Ricciardo,5,Toro Rosso,68,2013,16,11,11.0,18.0,14.0,0.0,31.0,8.0,0.0,0,10
897,817,Daniel Ricciardo,5,Toro Rosso,24,2013,17,9,10.0,19.0,14.0,0.0,32.0,8.0,0.0,0,16
898,817,Daniel Ricciardo,5,Toro Rosso,69,2013,18,10,11.0,19.0,14.0,0.0,32.0,8.0,0.0,0,11
899,817,Daniel Ricciardo,5,Toro Rosso,18,2013,19,7,7.0,19.0,14.0,0.0,32.0,8.0,0.0,0,10
900,817,Daniel Ricciardo,9,Red Bull,1,2014,1,2,2.0,0.0,99.0,0.0,0.0,99.0,0.0,0,22
901,817,Daniel Ricciardo,9,Red Bull,2,2014,2,5,5.0,0.0,22.0,0.0,0.0,11.0,0.0,0,16
902,817,Daniel Ricciardo,9,Red Bull,3,2014,3,13,3.0,0.0,22.0,0.0,15.0,6.0,0.0,0,4
903,817,Daniel Ricciardo,9,Red Bull,17,2014,4,2,2.0,12.0,10.0,0.0,35.0,4.0,0.0,0,4
904,817,Daniel Ricciardo,9,Red Bull,4,2014,5,3,3.0,24.0,6.0,0.0,57.0,2.0,0.0,1,3
905,817,Daniel Ricciardo,9,Red Bull,6,2014,6,3,3.0,39.0,5.0,0.0,84.0,2.0,0.0,1,3
906,817,Daniel Ricciardo,9,Red Bull,7,2014,7,6,6.0,54.0,4.0,0.0,99.0,2.0,0.0,1,1
907,817,Daniel Ricciardo,9,Red Bull,70,2014,8,5,5.0,79.0,3.0,1.0,139.0,2.0,1.0,0,8
908,817,Daniel Ricciardo,9,Red Bull,9,2014,9,8,8.0,83.0,3.0,1.0,143.0,2.0,1.0,1,3
909,817,Daniel Ricciardo,9,Red Bull,10,2014,10,5,5.0,98.0,3.0,1.0,168.0,2.0,1.0,0,6
910,817,Daniel Ricciardo,9,Red Bull,11,2014,11,4,4.0,106.0,3.0,1.0,188.0,2.0,1.0,1,1
911,817,Daniel Ricciardo,9,Red Bull,13,2014,12,5,5.0,131.0,3.0,2.0,219.0,2.0,2.0,1,1
912,817,Daniel Ricciardo,9,Red Bull,14,2014,13,9,9.0,156.0,3.0,3.0,254.0,2.0,3.0,0,5
913,817,Daniel Ricciardo,9,Red Bull,15,2014,14,3,3.0,166.0,3.0,3.0,272.0,2.0,3.0,1,3
914,817,Daniel Ricciardo,9,Red Bull,22,2014,15,6,6.0,181.0,3.0,3.0,305.0,2.0,3.0,0,4
915,817,Daniel Ricciardo,9,Red Bull,71,2014,16,6,7.0,193.0,3.0,3.0,332.0,2.0,3.0,0,7
916,817,Daniel Ricciardo,9,Red Bull,69,2014,17,5,5.0,199.0,3.0,3.0,342.0,2.0,3.0,1,3
917,817,Daniel Ricciardo,9,Red Bull,18,2014,18,9,9.0,214.0,3.0,3.0,363.0,2.0,3.0,0,18
926,817,Daniel Ricciardo,9,Red Bull,1,2015,1,6,7.0,0.0,99.0,0.0,0.0,99.0,0.0,0,6
927,817,Daniel Ricciardo,9,Red Bull,2,2015,2,4,4.0,8.0,6.0,0.0,8.0,5.0,0.0,0,10
928,817,Daniel Ricciardo,9,Red Bull,17,2015,3,7,7.0,9.0,8.0,0.0,11.0,6.0,0.0,0,9
929,817,Daniel Ricciardo,9,Red Bull,3,2015,4,7,7.0,11.0,8.0,0.0,13.0,5.0,0.0,0,6
930,817,Daniel Ricciardo,9,Red Bull,4,2015,5,10,10.0,19.0,7.0,0.0,23.0,4.0,0.0,0,7
931,817,Daniel Ricciardo,9,Red Bull,6,2015,6,4,4.0,25.0,7.0,0.0,30.0,4.0,0.0,0,5
932,817,Daniel Ricciardo,9,Red Bull,7,2015,7,9,9.0,35.0,7.0,0.0,52.0,4.0,0.0,0,13
933,817,Daniel Ricciardo,9,Red Bull,70,2015,8,18,14.0,35.0,7.0,0.0,54.0,4.0,0.0,0,10
934,817,Daniel Ricciardo,9,Red Bull,9,2015,9,10,10.0,36.0,7.0,0.0,55.0,4.0,0.0,0,15
936,817,Daniel Ricciardo,9,Red Bull,11,2015,10,4,4.0,36.0,7.0,0.0,63.0,4.0,0.0,1,3
937,817,Daniel Ricciardo,9,Red Bull,13,2015,11,5,6.0,51.0,7.0,0.0,96.0,4.0,0.0,0,18
938,817,Daniel Ricciardo,9,Red Bull,14,2015,12,19,15.0,51.0,8.0,0.0,108.0,4.0,0.0,0,8
939,817,Daniel Ricciardo,9,Red Bull,15,2015,13,2,2.0,55.0,8.0,0.0,113.0,4.0,0.0,1,2
940,817,Daniel Ricciardo,9,Red Bull,22,2015,14,7,7.0,73.0,7.0,0.0,139.0,4.0,0.0,0,15
941,817,Daniel Ricciardo,9,Red Bull,71,2015,15,10,10.0,73.0,7.0,0.0,139.0,4.0,0.0,0,15
942,817,Daniel Ricciardo,9,Red Bull,69,2015,16,3,3.0,73.0,8.0,0.0,149.0,4.0,0.0,0,10
943,817,Daniel Ricciardo,9,Red Bull,32,2015,17,5,5.0,74.0,8.0,0.0,150.0,4.0,0.0,0,5
944,817,Daniel Ricciardo,9,Red Bull,18,2015,18,19,9.0,84.0,8.0,0.0,172.0,4.0,0.0,0,11
945,817,Daniel Ricciardo,9,Red Bull,24,2015,19,5,5.0,84.0,8.0,0.0,178.0,4.0,0.0,0,6
948,817,Daniel Ricciardo,9,Red Bull,1,2016,1,8,8.0,0.0,99.0,0.0,0.0,99.0,0.0,0,4
949,817,Daniel Ricciardo,9,Red Bull,3,2016,2,5,5.0,12.0,4.0,0.0,12.0,4.0,0.0,0,4
950,817,Daniel Ricciardo,9,Red Bull,17,2016,3,2,2.0,24.0,3.0,0.0,30.0,3.0,0.0,0,4
951,817,Daniel Ricciardo,9,Red Bull,71,2016,4,5,6.0,36.0,3.0,0.0,57.0,3.0,0.0,0,11
952,817,Daniel Ricciardo,9,Red Bull,4,2016,5,3,3.0,36.0,4.0,0.0,57.0,3.0,0.0,0,4
953,817,Daniel Ricciardo,9,Red Bull,6,2016,6,1,1.0,48.0,5.0,0.0,94.0,3.0,1.0,1,2
954,817,Daniel Ricciardo,9,Red Bull,7,2016,7,4,4.0,66.0,3.0,0.0,112.0,3.0,1.0,0,7
955,817,Daniel Ricciardo,9,Red Bull,73,2016,8,2,3.0,72.0,4.0,0.0,130.0,3.0,1.0,0,7
956,817,Daniel Ricciardo,9,Red Bull,70,2016,9,5,7.0,78.0,5.0,0.0,140.0,3.0,1.0,0,5
957,817,Daniel Ricciardo,9,Red Bull,9,2016,10,4,4.0,88.0,5.0,0.0,168.0,3.0,1.0,0,4
958,817,Daniel Ricciardo,9,Red Bull,11,2016,11,3,3.0,100.0,4.0,0.0,198.0,3.0,1.0,1,3
959,817,Daniel Ricciardo,9,Red Bull,10,2016,12,3,3.0,115.0,3.0,0.0,223.0,3.0,1.0,1,2
960,817,Daniel Ricciardo,9,Red Bull,13,2016,13,5,5.0,133.0,3.0,0.0,256.0,2.0,1.0,1,2
961,817,Daniel Ricciardo,9,Red Bull,14,2016,14,6,6.0,151.0,3.0,0.0,274.0,2.0,1.0,0,5
962,817,Daniel Ricciardo,9,Red Bull,15,2016,15,2,2.0,161.0,3.0,0.0,290.0,2.0,1.0,1,2
963,817,Daniel Ricciardo,9,Red Bull,2,2016,16,4,4.0,179.0,3.0,0.0,316.0,2.0,1.0,1,1
964,817,Daniel Ricciardo,9,Red Bull,22,2016,17,4,6.0,204.0,3.0,1.0,359.0,2.0,2.0,0,6
965,817,Daniel Ricciardo,9,Red Bull,69,2016,18,3,3.0,212.0,3.0,1.0,385.0,2.0,2.0,1,3
966,817,Daniel Ricciardo,9,Red Bull,32,2016,19,4,4.0,227.0,3.0,1.0,400.0,2.0,2.0,1,3
967,817,Daniel Ricciardo,9,Red Bull,18,2016,20,6,6.0,242.0,3.0,1.0,427.0,2.0,2.0,0,8
968,817,Daniel Ricciardo,9,Red Bull,24,2016,21,3,3.0,246.0,3.0,1.0,446.0,2.0,2.0,0,5
969,817,Daniel Ricciardo,9,Red Bull,1,2017,1,0,10.0,0.0,99.0,0.0,0.0,99.0,0.0,0,17
970,817,Daniel Ricciardo,9,Red Bull,17,2017,2,5,5.0,0.0,17.0,0.0,10.0,3.0,0.0,0,4
971,817,Daniel Ricciardo,9,Red Bull,3,2017,3,4,4.0,12.0,6.0,0.0,37.0,3.0,0.0,0,5
972,817,Daniel Ricciardo,9,Red Bull,71,2017,4,5,5.0,22.0,6.0,0.0,47.0,3.0,0.0,0,17
973,817,Daniel Ricciardo,9,Red Bull,4,2017,5,6,6.0,22.0,6.0,0.0,57.0,3.0,0.0,1,3
974,817,Daniel Ricciardo,9,Red Bull,6,2017,6,5,5.0,37.0,5.0,0.0,72.0,3.0,0.0,1,3
975,817,Daniel Ricciardo,9,Red Bull,7,2017,7,6,6.0,52.0,5.0,0.0,97.0,3.0,0.0,1,3
976,817,Daniel Ricciardo,9,Red Bull,73,2017,8,10,10.0,67.0,5.0,0.0,112.0,3.0,0.0,1,1
977,817,Daniel Ricciardo,9,Red Bull,70,2017,9,4,5.0,92.0,4.0,1.0,137.0,3.0,1.0,1,3
978,817,Daniel Ricciardo,9,Red Bull,9,2017,10,19,20.0,107.0,4.0,1.0,152.0,3.0,1.0,0,5
979,817,Daniel Ricciardo,9,Red Bull,11,2017,11,6,6.0,117.0,4.0,1.0,174.0,3.0,1.0,0,20
980,817,Daniel Ricciardo,9,Red Bull,13,2017,12,6,6.0,117.0,4.0,1.0,184.0,3.0,1.0,1,3
981,817,Daniel Ricciardo,9,Red Bull,14,2017,13,16,3.0,132.0,4.0,1.0,199.0,3.0,1.0,0,4
982,817,Daniel Ricciardo,9,Red Bull,15,2017,14,3,3.0,144.0,4.0,1.0,212.0,3.0,1.0,1,2
983,817,Daniel Ricciardo,9,Red Bull,2,2017,15,4,4.0,162.0,4.0,1.0,230.0,3.0,1.0,1,3
984,817,Daniel Ricciardo,9,Red Bull,22,2017,16,3,4.0,177.0,4.0,1.0,270.0,3.0,2.0,1,3
985,817,Daniel Ricciardo,9,Red Bull,69,2017,17,4,4.0,192.0,4.0,1.0,303.0,3.0,2.0,0,18
986,817,Daniel Ricciardo,9,Red Bull,32,2017,18,16,7.0,192.0,4.0,1.0,315.0,3.0,2.0,0,20
987,817,Daniel Ricciardo,9,Red Bull,18,2017,19,14,5.0,192.0,4.0,1.0,340.0,3.0,3.0,0,6
988,817,Daniel Ricciardo,9,Red Bull,24,2017,20,4,4.0,200.0,4.0,1.0,358.0,3.0,3.0,0,20
989,817,Daniel Ricciardo,9,Red Bull,1,2018,1,8,5.0,0.0,99.0,0.0,0.0,99.0,0.0,0,4
990,817,Daniel Ricciardo,9,Red Bull,3,2018,2,4,5.0,12.0,4.0,0.0,20.0,3.0,0.0,0,20
991,817,Daniel Ricciardo,9,Red Bull,17,2018,3,6,6.0,12.0,8.0,0.0,20.0,4.0,0.0,1,1
992,817,Daniel Ricciardo,9,Red Bull,73,2018,4,4,4.0,37.0,4.0,1.0,55.0,3.0,1.0,0,17
993,817,Daniel Ricciardo,9,Red Bull,4,2018,5,6,6.0,37.0,5.0,1.0,55.0,3.0,1.0,0,5
994,817,Daniel Ricciardo,9,Red Bull,6,2018,6,1,1.0,47.0,5.0,1.0,80.0,3.0,1.0,1,1
995,817,Daniel Ricciardo,9,Red Bull,7,2018,7,6,6.0,72.0,3.0,2.0,107.0,3.0,2.0,0,4
996,817,Daniel Ricciardo,9,Red Bull,34,2018,8,5,5.0,84.0,4.0,2.0,134.0,3.0,2.0,0,4
997,817,Daniel Ricciardo,9,Red Bull,70,2018,9,7,7.0,96.0,3.0,2.0,164.0,3.0,2.0,0,18
998,817,Daniel Ricciardo,9,Red Bull,9,2018,10,6,6.0,96.0,4.0,2.0,189.0,3.0,3.0,0,5
999,817,Daniel Ricciardo,9,Red Bull,10,2018,11,20,15.0,106.0,4.0,2.0,199.0,3.0,3.0,0,20
1000,817,Daniel Ricciardo,9,Red Bull,11,2018,12,12,12.0,106.0,5.0,2.0,211.0,3.0,3.0,0,4
1001,817,Daniel Ricciardo,9,Red Bull,13,2018,13,8,8.0,118.0,5.0,2.0,223.0,3.0,3.0,0,16
1002,817,Daniel Ricciardo,9,Red Bull,14,2018,14,19,15.0,118.0,6.0,2.0,238.0,3.0,3.0,0,17
1003,817,Daniel Ricciardo,9,Red Bull,15,2018,15,6,6.0,118.0,6.0,2.0,248.0,3.0,3.0,0,6
1004,817,Daniel Ricciardo,9,Red Bull,71,2018,16,18,12.0,126.0,6.0,2.0,274.0,3.0,3.0,0,6
1005,817,Daniel Ricciardo,9,Red Bull,22,2018,17,15,15.0,134.0,6.0,2.0,292.0,3.0,3.0,0,4
1006,817,Daniel Ricciardo,9,Red Bull,69,2018,18,4,5.0,146.0,6.0,2.0,319.0,3.0,3.0,0,16
1007,817,Daniel Ricciardo,9,Red Bull,32,2018,19,1,1.0,146.0,6.0,2.0,337.0,3.0,3.0,0,17
1008,817,Daniel Ricciardo,9,Red Bull,18,2018,20,11,6.0,146.0,6.0,2.0,362.0,3.0,4.0,0,4
1009,817,Daniel Ricciardo,9,Red Bull,24,2018,21,5,5.0,158.0,6.0,2.0,392.0,3.0,4.0,0,4
1010,817,Daniel Ricciardo,4,Renault,1,2019,1,12,12.0,0.0,99.0,0.0,0.0,99.0,0.0,0,19
1011,817,Daniel Ricciardo,4,Renault,3,2019,2,10,11.0,0.0,19.0,0.0,6.0,5.0,0.0,0,18
1012,817,Daniel Ricciardo,4,Renault,17,2019,3,7,7.0,0.0,18.0,0.0,6.0,7.0,0.0,0,7
1013,817,Daniel Ricciardo,4,Renault,73,2019,4,10,11.0,6.0,11.0,0.0,12.0,4.0,0.0,0,20
1014,817,Daniel Ricciardo,4,Renault,4,2019,5,13,10.0,6.0,13.0,0.0,12.0,7.0,0.0,0,12
1015,817,Daniel Ricciardo,4,Renault,6,2019,6,6,7.0,6.0,12.0,0.0,12.0,8.0,0.0,0,9
1016,817,Daniel Ricciardo,4,Renault,7,2019,7,4,4.0,8.0,13.0,0.0,14.0,8.0,0.0,0,6
1017,817,Daniel Ricciardo,4,Renault,34,2019,8,8,8.0,16.0,8.0,0.0,28.0,5.0,0.0,0,11
1018,817,Daniel Ricciardo,4,Renault,70,2019,9,12,14.0,16.0,9.0,0.0,32.0,5.0,0.0,0,12
1019,817,Daniel Ricciardo,4,Renault,9,2019,10,7,7.0,16.0,10.0,0.0,32.0,5.0,0.0,0,7
1020,817,Daniel Ricciardo,4,Renault,10,2019,11,13,13.0,22.0,10.0,0.0,39.0,5.0,0.0,0,19
1021,817,Daniel Ricciardo,4,Renault,11,2019,12,20,18.0,22.0,11.0,0.0,39.0,6.0,0.0,0,14
1022,817,Daniel Ricciardo,4,Renault,13,2019,13,10,6.0,22.0,11.0,0.0,39.0,6.0,0.0,0,14
1023,817,Daniel Ricciardo,4,Renault,14,2019,14,5,5.0,22.0,12.0,0.0,43.0,6.0,0.0,0,4
1024,817,Daniel Ricciardo,4,Renault,15,2019,15,20,20.0,34.0,8.0,0.0,65.0,5.0,0.0,0,14
1025,817,Daniel Ricciardo,4,Renault,71,2019,16,10,10.0,34.0,9.0,0.0,67.0,5.0,0.0,0,19
1026,817,Daniel Ricciardo,4,Renault,22,2019,17,16,16.0,34.0,10.0,0.0,68.0,5.0,0.0,0,19
1027,817,Daniel Ricciardo,4,Renault,32,2019,18,13,13.0,34.0,12.0,0.0,68.0,5.0,0.0,0,8
1028,817,Daniel Ricciardo,4,Renault,69,2019,19,9,9.0,38.0,10.0,0.0,73.0,5.0,0.0,0,6
1029,817,Daniel Ricciardo,4,Renault,18,2019,20,11,12.0,46.0,9.0,0.0,83.0,5.0,0.0,0,6
1030,817,Daniel Ricciardo,4,Renault,24,2019,21,7,8.0,54.0,9.0,0.0,91.0,5.0,0.0,0,11
1031,817,Daniel Ricciardo,4,Renault,70,2020,1,10,10.0,0.0,99.0,0.0,0.0,99.0,0.0,0,19
1032,817,Daniel Ricciardo,4,Renault,70,2020,2,8,9.0,0.0,19.0,0.0,4.0,6.0,0.0,0,8
1033,817,Daniel Ricciardo,4,Renault,11,2020,3,11,11.0,4.0,12.0,0.0,8.0,6.0,0.0,0,8
1034,817,Daniel Ricciardo,4,Renault,9,2020,4,8,8.0,8.0,11.0,0.0,12.0,6.0,0.0,0,4
1035,817,Daniel Ricciardo,4,Renault,9,2020,5,5,5.0,20.0,9.0,0.0,32.0,6.0,0.0,0,14
1036,817,Daniel Ricciardo,4,Renault,4,2020,6,13,13.0,20.0,9.0,0.0,36.0,6.0,0.0,0,11
1037,817,Daniel Ricciardo,4,Renault,13,2020,7,4,4.0,20.0,10.0,0.0,36.0,6.0,0.0,0,4
1038,817,Daniel Ricciardo,4,Renault,14,2020,8,7,7.0,33.0,8.0,0.0,59.0,6.0,0.0,0,6
1039,817,Daniel Ricciardo,4,Renault,76,2020,9,8,8.0,41.0,10.0,0.0,71.0,5.0,0.0,0,4
1040,817,Daniel Ricciardo,4,Renault,71,2020,10,5,5.0,53.0,7.0,0.0,83.0,5.0,0.0,0,5
1041,817,Daniel Ricciardo,4,Renault,20,2020,11,6,6.0,63.0,6.0,0.0,99.0,5.0,0.0,1,3
1042,817,Daniel Ricciardo,4,Renault,75,2020,12,10,10.0,78.0,4.0,0.0,114.0,5.0,0.0,0,9
1043,817,Daniel Ricciardo,4,Renault,21,2020,13,5,5.0,80.0,4.0,0.0,120.0,5.0,0.0,1,3
1044,817,Daniel Ricciardo,4,Renault,5,2020,14,5,5.0,95.0,4.0,0.0,135.0,3.0,0.0,0,10
1045,817,Daniel Ricciardo,4,Renault,3,2020,15,6,6.0,96.0,6.0,0.0,136.0,5.0,0.0,0,7
1046,817,Daniel Ricciardo,4,Renault,3,2020,16,7,7.0,102.0,4.0,0.0,144.0,5.0,0.0,0,5
1047,817,Daniel Ricciardo,4,Renault,24,2020,17,11,12.0,112.0,5.0,0.0,172.0,5.0,0.0,0,7
1052,817,Daniel Ricciardo,1,McLaren,3,2021,1,6,6.0,0.0,99.0,0.0,0.0,99.0,0.0,0,7
1053,817,Daniel Ricciardo,1,McLaren,21,2021,2,6,6.0,6.0,7.0,0.0,18.0,3.0,0.0,0,6
1054,817,Daniel Ricciardo,1,McLaren,75,2021,3,16,16.0,14.0,7.0,0.0,41.0,3.0,0.0,0,9
1055,817,Daniel Ricciardo,1,McLaren,4,2021,4,7,7.0,16.0,7.0,0.0,53.0,3.0,0.0,0,6
1056,817,Daniel Ricciardo,1,McLaren,6,2021,5,12,12.0,24.0,7.0,0.0,65.0,3.0,0.0,0,12
1057,817,Daniel Ricciardo,1,McLaren,73,2021,6,13,13.0,24.0,8.0,0.0,80.0,3.0,0.0,0,9
1059,817,Daniel Ricciardo,1,McLaren,34,2021,7,10,10.0,26.0,10.0,0.0,92.0,4.0,0.0,0,6
1058,817,Daniel Ricciardo,1,McLaren,70,2021,8,13,13.0,34.0,9.0,0.0,110.0,3.0,0.0,0,13
1060,817,Daniel Ricciardo,1,McLaren,70,2021,9,13,13.0,34.0,9.0,0.0,120.0,3.0,0.0,0,7
1061,817,Daniel Ricciardo,1,McLaren,9,2021,10,6,7.0,40.0,8.0,0.0,141.0,3.0,0.0,0,5
1062,817,Daniel Ricciardo,1,McLaren,11,2021,11,11,11.0,50.0,8.0,0.0,163.0,3.0,0.0,0,11
1063,817,Daniel Ricciardo,1,McLaren,13,2021,12,4,4.0,50.0,9.0,0.0,163.0,4.0,0.0,0,4
1064,817,Daniel Ricciardo,1,McLaren,39,2021,13,10,10.0,56.0,8.0,0.0,169.0,3.0,0.0,0,11
1065,817,Daniel Ricciardo,1,McLaren,14,2021,14,2,5.0,56.0,9.0,0.0,170.0,4.0,0.0,1,1
1066,817,Daniel Ricciardo,1,McLaren,71,2021,15,5,5.0,83.0,8.0,1.0,215.0,3.0,1.0,0,4
1067,817,Daniel Ricciardo,1,McLaren,5,2021,16,20,16.0,95.0,8.0,1.0,234.0,3.0,1.0,0,13
1069,817,Daniel Ricciardo,1,McLaren,69,2021,17,6,7.0,95.0,8.0,1.0,240.0,3.0,1.0,0,5
1070,817,Daniel Ricciardo,1,McLaren,32,2021,18,7,7.0,105.0,8.0,1.0,254.0,3.0,1.0,0,12
1071,817,Daniel Ricciardo,1,McLaren,18,2021,19,11,9.0,105.0,8.0,1.0,255.0,4.0,1.0,0,19
1051,817,Daniel Ricciardo,1,McLaren,78,2021,20,14,14.0,105.0,8.0,1.0,256.0,4.0,1.0,0,12
1072,817,Daniel Ricciardo,1,McLaren,77,2021,21,11,11.0,105.0,8.0,1.0,258.0,4.0,1.0,0,5
1073,817,Daniel Ricciardo,1,McLaren,24,2021,22,10,10.0,115.0,8.0,1.0,269.0,4.0,1.0,0,12
1074,817,Daniel Ricciardo,1,McLaren,3,2022,1,18,18.0,0.0,99.0,0.0,0.0,99.0,0.0,0,14
1075,817,Daniel Ricciardo,1,McLaren,77,2022,2,14,12.0,0.0,14.0,0.0,0.0,9.0,0.0,0,17
1076,817,Daniel Ricciardo,1,McLaren,1,2022,3,7,7.0,0.0,19.0,0.0,6.0,8.0,0.0,0,6
1077,817,Daniel Ricciardo,1,McLaren,21,2022,4,6,6.0,8.0,11.0,0.0,24.0,4.0,0.0,0,18
1078,817,Daniel Ricciardo,1,McLaren,79,2022,5,14,14.0,11.0,11.0,0.0,46.0,4.0,0.0,0,13
1079,817,Daniel Ricciardo,1,McLaren,4,2022,6,9,9.0,11.0,11.0,0.0,46.0,4.0,0.0,0,12
1080,817,Daniel Ricciardo,1,McLaren,6,2022,7,14,14.0,11.0,12.0,0.0,50.0,4.0,0.0,0,13
1081,817,Daniel Ricciardo,1,McLaren,73,2022,8,12,12.0,11.0,11.0,0.0,59.0,4.0,0.0,0,8
1082,817,Daniel Ricciardo,1,McLaren,7,2022,9,9,9.0,15.0,13.0,0.0,65.0,4.0,0.0,0,11
1083,817,Daniel Ricciardo,1,McLaren,9,2022,10,14,14.0,15.0,13.0,0.0,65.0,4.0,0.0,0,13
1084,817,Daniel Ricciardo,1,McLaren,70,2022,11,11,16.0,15.0,14.0,0.0,73.0,4.0,0.0,0,9
1085,817,Daniel Ricciardo,1,McLaren,34,2022,12,9,11.0,17.0,12.0,0.0,81.0,4.0,0.0,0,9
1086,817,Daniel Ricciardo,1,McLaren,11,2022,13,9,9.0,19.0,12.0,0.0,89.0,5.0,0.0,0,15
1087,817,Daniel Ricciardo,1,McLaren,13,2022,14,7,11.0,19.0,12.0,0.0,95.0,5.0,0.0,0,15
1088,817,Daniel Ricciardo,1,McLaren,39,2022,15,17,17.0,19.0,13.0,0.0,95.0,5.0,0.0,0,17
1089,817,Daniel Ricciardo,1,McLaren,14,2022,16,4,8.0,19.0,13.0,0.0,101.0,5.0,0.0,0,17
1091,817,Daniel Ricciardo,1,McLaren,15,2022,17,16,17.0,19.0,14.0,0.0,107.0,5.0,0.0,0,5
1092,817,Daniel Ricciardo,1,McLaren,22,2022,18,11,11.0,29.0,11.0,0.0,129.0,4.0,0.0,0,11
1093,817,Daniel Ricciardo,1,McLaren,69,2022,19,15,17.0,29.0,12.0,0.0,130.0,5.0,0.0,0,16
1094,817,Daniel Ricciardo,1,McLaren,32,2022,20,11,11.0,29.0,12.0,0.0,138.0,5.0,0.0,0,7
1095,817,Daniel Ricciardo,1,McLaren,18,2022,21,11,14.0,35.0,12.0,0.0,146.0,5.0,0.0,0,20
1096,817,Daniel Ricciardo,1,McLaren,24,2022,22,13,10.0,35.0,12.0,0.0,148.0,5.0,0.0,0,9
1109,817,Daniel Ricciardo,213,AlphaTauri,11,2023,11,13,13.0,0.0,99.0,0.0,2.0,10.0,0.0,0,13
1110,817,Daniel Ricciardo,213,AlphaTauri,13,2023,12,19,19.0,0.0,21.0,0.0,2.0,10.0,0.0,0,16
1116,817,Daniel Ricciardo,213,AlphaTauri,69,2023,18,14,15.0,0.0,21.0,0.0,5.0,10.0,0.0,0,15
1117,817,Daniel Ricciardo,213,AlphaTauri,32,2023,19,4,4.0,0.0,22.0,0.0,10.0,10.0,0.0,0,7
1118,817,Daniel Ricciardo,213,AlphaTauri,18,2023,20,17,17.0,6.0,17.0,0.0,16.0,8.0,0.0,0,13
1119,817,Daniel Ricciardo,213,AlphaTauri,80,2023,21,14,15.0,6.0,17.0,0.0,21.0,8.0,0.0,0,14
1120,817,Daniel Ricciardo,213,AlphaTauri,24,2023,22,15,15.0,6.0,17.0,0.0,21.0,8.0,0.0,0,11
1121,817,Daniel Ricciardo,215,RB F1 Team,3,2024,1,14,14.0,0.0,99.0,0.0,0.0,99.0,0.0,0,13
1122,817,Daniel Ricciardo,215,RB F1 Team,77,2024,2,14,14.0,0.0,13.0,0.0,0.0,8.0,0.0,0,16
1123,817,Daniel Ricciardo,215,RB F1 Team,1,2024,3,18,18.0,0.0,16.0,0.0,0.0,9.0,0.0,0,12
1124,817,Daniel Ricciardo,215,RB F1 Team,22,2024,4,11,11.0,0.0,17.0,0.0,6.0,6.0,0.0,0,19
1125,817,Daniel Ricciardo,215,RB F1 Team,17,2024,5,12,12.0,0.0,17.0,0.0,7.0,6.0,0.0,0,18
1126,817,Daniel Ricciardo,215,RB F1 Team,79,2024,6,20,18.0,0.0,18.0,0.0,7.0,6.0,0.0,0,15
1127,817,Daniel Ricciardo,215,RB F1 Team,21,2024,7,9,9.0,5.0,14.0,0.0,19.0,6.0,0.0,0,13
1128,817,Daniel Ricciardo,215,RB F1 Team,6,2024,8,12,13.0,5.0,14.0,0.0,20.0,6.0,0.0,0,12
1129,817,Daniel Ricciardo,215,RB F1 Team,7,2024,9,5,5.0,5.0,14.0,0.0,24.0,6.0,0.0,0,8
1130,817,Daniel Ricciardo,215,RB F1 Team,4,2024,10,18,18.0,9.0,12.0,0.0,28.0,6.0,0.0,0,15
1131,817,Daniel Ricciardo,215,RB F1 Team,70,2024,11,11,11.0,9.0,12.0,0.0,28.0,6.0,0.0,0,9
1132,817,Daniel Ricciardo,215,RB F1 Team,9,2024,12,15,15.0,11.0,13.0,0.0,30.0,6.0,0.0,0,13
1133,817,Daniel Ricciardo,215,RB F1 Team,11,2024,13,9,9.0,11.0,13.0,0.0,31.0,6.0,0.0,0,12
1134,817,Daniel Ricciardo,215,RB F1 Team,13,2024,14,13,13.0,11.0,13.0,0.0,33.0,6.0,0.0,0,10
1135,817,Daniel Ricciardo,215,RB F1 Team,39,2024,15,13,15.0,12.0,13.0,0.0,34.0,6.0,0.0,0,12
1136,817,Daniel Ricciardo,215,RB F1 Team,14,2024,16,12,12.0,12.0,13.0,0.0,34.0,6.0,0.0,0,13
1137,817,Daniel Ricciardo,215,RB F1 Team,73,2024,17,14,15.0,12.0,13.0,0.0,34.0,6.0,0.0,0,13
1138,817,Daniel Ricciardo,215,RB F1 Team,15,2024,18,16,16.0,12.0,14.0,0.0,34.0,6.0,0.0,0,18
860,818,Jean-Éric Vergne,5,Toro Rosso,1,2012,1,11,11.0,0.0,99.0,0.0,0.0,99.0,0.0,0,11
861,818,Jean-Éric Vergne,5,Toro Rosso,2,2012,2,18,18.0,0.0,11.0,0.0,2.0,6.0,0.0,0,8
862,818,Jean-Éric Vergne,5,Toro Rosso,17,2012,3,24,18.0,4.0,11.0,0.0,6.0,8.0,0.0,0,16
863,818,Jean-Éric Vergne,5,Toro Rosso,3,2012,4,17,19.0,4.0,13.0,0.0,6.0,9.0,0.0,0,14
864,818,Jean-Éric Vergne,5,Toro Rosso,4,2012,5,14,15.0,4.0,13.0,0.0,6.0,9.0,0.0,0,12
865,818,Jean-Éric Vergne,5,Toro Rosso,6,2012,6,16,17.0,4.0,14.0,0.0,6.0,9.0,0.0,0,12
866,818,Jean-Éric Vergne,5,Toro Rosso,7,2012,7,19,20.0,4.0,16.0,0.0,6.0,9.0,0.0,0,15
867,818,Jean-Éric Vergne,5,Toro Rosso,12,2012,8,18,18.0,4.0,16.0,0.0,6.0,9.0,0.0,0,23
868,818,Jean-Éric Vergne,5,Toro Rosso,9,2012,9,23,16.0,4.0,17.0,0.0,6.0,9.0,0.0,0,14
869,818,Jean-Éric Vergne,5,Toro Rosso,10,2012,10,15,18.0,4.0,17.0,0.0,6.0,9.0,0.0,0,14
870,818,Jean-Éric Vergne,5,Toro Rosso,11,2012,11,16,16.0,4.0,17.0,0.0,6.0,9.0,0.0,0,16
871,818,Jean-Éric Vergne,5,Toro Rosso,13,2012,12,15,15.0,4.0,17.0,0.0,6.0,9.0,0.0,0,8
872,818,Jean-Éric Vergne,5,Toro Rosso,14,2012,13,16,17.0,8.0,17.0,0.0,12.0,9.0,0.0,0,24
873,818,Jean-Éric Vergne,5,Toro Rosso,15,2012,14,16,16.0,8.0,17.0,0.0,12.0,9.0,0.0,0,20
874,818,Jean-Éric Vergne,5,Toro Rosso,22,2012,15,19,17.0,8.0,17.0,0.0,14.0,9.0,0.0,0,13
875,818,Jean-Éric Vergne,5,Toro Rosso,35,2012,16,16,17.0,8.0,17.0,0.0,15.0,9.0,0.0,0,8
876,818,Jean-Éric Vergne,5,Toro Rosso,68,2012,17,18,18.0,12.0,17.0,0.0,21.0,9.0,0.0,0,15
877,818,Jean-Éric Vergne,5,Toro Rosso,24,2012,18,17,18.0,12.0,17.0,0.0,21.0,9.0,0.0,0,12
878,818,Jean-Éric Vergne,5,Toro Rosso,69,2012,19,14,14.0,12.0,17.0,0.0,22.0,9.0,0.0,0,24
879,818,Jean-Éric Vergne,5,Toro Rosso,18,2012,20,17,17.0,12.0,17.0,0.0,22.0,9.0,0.0,0,8
880,818,Jean-Éric Vergne,5,Toro Rosso,1,2013,1,13,13.0,0.0,99.0,0.0,0.0,99.0,0.0,0,12
881,818,Jean-Éric Vergne,5,Toro Rosso,2,2013,2,17,17.0,0.0,12.0,0.0,0.0,7.0,0.0,0,10
882,818,Jean-Éric Vergne,5,Toro Rosso,17,2013,3,15,16.0,1.0,14.0,0.0,1.0,8.0,0.0,0,12
883,818,Jean-Éric Vergne,5,Toro Rosso,3,2013,4,16,16.0,1.0,15.0,0.0,7.0,7.0,0.0,0,22
884,818,Jean-Éric Vergne,5,Toro Rosso,4,2013,5,12,12.0,1.0,15.0,0.0,7.0,7.0,0.0,0,20
885,818,Jean-Éric Vergne,5,Toro Rosso,6,2013,6,10,10.0,1.0,15.0,0.0,8.0,7.0,0.0,0,8
886,818,Jean-Éric Vergne,5,Toro Rosso,7,2013,7,7,7.0,5.0,15.0,0.0,12.0,7.0,0.0,0,6
887,818,Jean-Éric Vergne,5,Toro Rosso,9,2013,8,12,13.0,13.0,12.0,0.0,20.0,7.0,0.0,0,22
888,818,Jean-Éric Vergne,5,Toro Rosso,20,2013,9,16,16.0,13.0,12.0,0.0,24.0,7.0,0.0,0,20
890,818,Jean-Éric Vergne,5,Toro Rosso,11,2013,10,14,14.0,13.0,13.0,0.0,24.0,7.0,0.0,0,12
891,818,Jean-Éric Vergne,5,Toro Rosso,13,2013,11,18,18.0,13.0,13.0,0.0,24.0,7.0,0.0,0,12
892,818,Jean-Éric Vergne,5,Toro Rosso,14,2013,12,10,10.0,13.0,13.0,0.0,25.0,7.0,0.0,0,21
893,818,Jean-Éric Vergne,5,Toro Rosso,15,2013,13,12,12.0,13.0,15.0,0.0,31.0,7.0,0.0,0,14
894,818,Jean-Éric Vergne,5,Toro Rosso,35,2013,14,16,16.0,13.0,15.0,0.0,31.0,7.0,0.0,0,18
895,818,Jean-Éric Vergne,5,Toro Rosso,22,2013,15,17,18.0,13.0,15.0,0.0,31.0,8.0,0.0,0,12
896,818,Jean-Éric Vergne,5,Toro Rosso,68,2013,16,14,14.0,13.0,15.0,0.0,31.0,8.0,0.0,0,13
897,818,Jean-Éric Vergne,5,Toro Rosso,24,2013,17,13,14.0,13.0,15.0,0.0,32.0,8.0,0.0,0,17
898,818,Jean-Éric Vergne,5,Toro Rosso,69,2013,18,14,16.0,13.0,15.0,0.0,32.0,8.0,0.0,0,12
899,818,Jean-Éric Vergne,5,Toro Rosso,18,2013,19,8,8.0,13.0,15.0,0.0,32.0,8.0,0.0,0,15
900,818,Jean-Éric Vergne,5,Toro Rosso,1,2014,1,6,6.0,0.0,99.0,0.0,0.0,99.0,0.0,0,8
901,818,Jean-Éric Vergne,5,Toro Rosso,2,2014,2,9,9.0,4.0,8.0,0.0,6.0,6.0,0.0,0,19
902,818,Jean-Éric Vergne,5,Toro Rosso,3,2014,3,14,14.0,4.0,11.0,0.0,7.0,7.0,0.0,0,21
903,818,Jean-Éric Vergne,5,Toro Rosso,17,2014,4,9,9.0,4.0,13.0,0.0,7.0,7.0,0.0,0,12
904,818,Jean-Éric Vergne,5,Toro Rosso,4,2014,5,21,16.0,4.0,13.0,0.0,8.0,7.0,0.0,0,22
905,818,Jean-Éric Vergne,5,Toro Rosso,6,2014,6,7,7.0,4.0,14.0,0.0,8.0,7.0,0.0,0,17
906,818,Jean-Éric Vergne,5,Toro Rosso,7,2014,7,8,8.0,4.0,14.0,0.0,8.0,8.0,0.0,0,8
907,818,Jean-Éric Vergne,5,Toro Rosso,70,2014,8,14,15.0,8.0,14.0,0.0,12.0,7.0,0.0,0,20
908,818,Jean-Éric Vergne,5,Toro Rosso,9,2014,9,10,10.0,8.0,14.0,0.0,12.0,7.0,0.0,0,10
909,818,Jean-Éric Vergne,5,Toro Rosso,10,2014,10,13,13.0,9.0,13.0,0.0,15.0,7.0,0.0,0,13
910,818,Jean-Éric Vergne,5,Toro Rosso,11,2014,11,8,8.0,9.0,13.0,0.0,15.0,7.0,0.0,0,9
911,818,Jean-Éric Vergne,5,Toro Rosso,13,2014,12,12,12.0,11.0,13.0,0.0,17.0,7.0,0.0,0,11
912,818,Jean-Éric Vergne,5,Toro Rosso,14,2014,13,12,13.0,11.0,13.0,0.0,19.0,7.0,0.0,0,13
913,818,Jean-Éric Vergne,5,Toro Rosso,15,2014,14,12,12.0,11.0,13.0,0.0,19.0,7.0,0.0,0,6
914,818,Jean-Éric Vergne,5,Toro Rosso,22,2014,15,20,11.0,19.0,13.0,0.0,27.0,7.0,0.0,0,9
915,818,Jean-Éric Vergne,5,Toro Rosso,71,2014,16,9,10.0,21.0,13.0,0.0,29.0,7.0,0.0,0,13
916,818,Jean-Éric Vergne,5,Toro Rosso,69,2014,17,14,15.0,21.0,13.0,0.0,29.0,7.0,0.0,0,10
917,818,Jean-Éric Vergne,5,Toro Rosso,18,2014,18,15,16.0,22.0,13.0,0.0,30.0,7.0,0.0,0,13
918,818,Jean-Éric Vergne,5,Toro Rosso,24,2014,19,10,10.0,22.0,13.0,0.0,30.0,7.0,0.0,0,12
860,819,Charles Pic,206,Marussia,1,2012,1,21,22.0,0.0,99.0,0.0,0.0,99.0,0.0,0,15
861,819,Charles Pic,206,Marussia,2,2012,2,21,22.0,0.0,15.0,0.0,0.0,10.0,0.0,0,20
862,819,Charles Pic,206,Marussia,17,2012,3,21,22.0,0.0,18.0,0.0,0.0,10.0,0.0,0,20
863,819,Charles Pic,206,Marussia,3,2012,4,19,21.0,0.0,20.0,0.0,0.0,10.0,0.0,0,24
864,819,Charles Pic,206,Marussia,4,2012,5,20,21.0,0.0,20.0,0.0,0.0,10.0,0.0,0,21
865,819,Charles Pic,206,Marussia,6,2012,6,21,22.0,0.0,20.0,0.0,0.0,10.0,0.0,0,18
866,819,Charles Pic,206,Marussia,7,2012,7,23,23.0,0.0,21.0,0.0,0.0,11.0,0.0,0,20
867,819,Charles Pic,206,Marussia,12,2012,8,23,23.0,0.0,21.0,0.0,0.0,11.0,0.0,0,15
868,819,Charles Pic,206,Marussia,9,2012,9,24,24.0,0.0,22.0,0.0,0.0,11.0,0.0,0,19
869,819,Charles Pic,206,Marussia,10,2012,10,20,21.0,0.0,22.0,0.0,0.0,11.0,0.0,0,20
870,819,Charles Pic,206,Marussia,11,2012,11,21,21.0,0.0,22.0,0.0,0.0,11.0,0.0,0,20
871,819,Charles Pic,206,Marussia,13,2012,12,22,23.0,0.0,22.0,0.0,0.0,11.0,0.0,0,16
872,819,Charles Pic,206,Marussia,14,2012,13,20,21.0,0.0,22.0,0.0,0.0,11.0,0.0,0,16
873,819,Charles Pic,206,Marussia,15,2012,14,21,22.0,0.0,23.0,0.0,0.0,11.0,0.0,0,16
874,819,Charles Pic,206,Marussia,22,2012,15,21,22.0,0.0,23.0,0.0,0.0,10.0,0.0,0,20
875,819,Charles Pic,206,Marussia,35,2012,16,24,21.0,0.0,23.0,0.0,0.0,10.0,0.0,0,19
876,819,Charles Pic,206,Marussia,68,2012,17,24,24.0,0.0,23.0,0.0,0.0,10.0,0.0,0,19
877,819,Charles Pic,206,Marussia,24,2012,18,19,20.0,0.0,23.0,0.0,0.0,10.0,0.0,0,18
878,819,Charles Pic,206,Marussia,69,2012,19,20,20.0,0.0,23.0,0.0,0.0,10.0,0.0,0,20
879,819,Charles Pic,206,Marussia,18,2012,20,22,22.0,0.0,23.0,0.0,0.0,10.0,0.0,0,12
880,819,Charles Pic,207,Caterham,1,2013,1,22,22.0,0.0,99.0,0.0,0.0,99.0,0.0,0,16
881,819,Charles Pic,207,Caterham,2,2013,2,20,20.0,0.0,16.0,0.0,0.0,11.0,0.0,0,14
882,819,Charles Pic,207,Caterham,17,2013,3,20,21.0,0.0,18.0,0.0,0.0,11.0,0.0,0,16
883,819,Charles Pic,207,Caterham,3,2013,4,18,19.0,0.0,19.0,0.0,0.0,11.0,0.0,0,17
884,819,Charles Pic,207,Caterham,4,2013,5,22,22.0,0.0,20.0,0.0,0.0,11.0,0.0,0,17
885,819,Charles Pic,207,Caterham,6,2013,6,18,18.0,0.0,20.0,0.0,0.0,11.0,0.0,0,22
886,819,Charles Pic,207,Caterham,7,2013,7,18,18.0,0.0,20.0,0.0,0.0,11.0,0.0,0,18
887,819,Charles Pic,207,Caterham,9,2013,8,18,19.0,0.0,20.0,0.0,0.0,11.0,0.0,0,15
888,819,Charles Pic,207,Caterham,20,2013,9,22,19.0,0.0,20.0,0.0,0.0,11.0,0.0,0,17
890,819,Charles Pic,207,Caterham,11,2013,10,19,19.0,0.0,20.0,0.0,0.0,11.0,0.0,0,15
891,819,Charles Pic,207,Caterham,13,2013,11,22,22.0,0.0,20.0,0.0,0.0,11.0,0.0,0,22
892,819,Charles Pic,207,Caterham,14,2013,12,20,20.0,0.0,20.0,0.0,0.0,11.0,0.0,0,17
893,819,Charles Pic,207,Caterham,15,2013,13,19,19.0,0.0,20.0,0.0,0.0,11.0,0.0,0,19
894,819,Charles Pic,207,Caterham,35,2013,14,19,19.0,0.0,20.0,0.0,0.0,11.0,0.0,0,14
895,819,Charles Pic,207,Caterham,22,2013,15,20,20.0,0.0,20.0,0.0,0.0,11.0,0.0,0,18
896,819,Charles Pic,207,Caterham,68,2013,16,21,21.0,0.0,20.0,0.0,0.0,11.0,0.0,0,21
897,819,Charles Pic,207,Caterham,24,2013,17,19,21.0,0.0,20.0,0.0,0.0,11.0,0.0,0,19
898,819,Charles Pic,207,Caterham,69,2013,18,22,21.0,0.0,20.0,0.0,0.0,11.0,0.0,0,20
899,819,Charles Pic,207,Caterham,18,2013,19,18,19.0,0.0,20.0,0.0,0.0,11.0,0.0,0,20
880,820,Max Chilton,206,Marussia,1,2013,1,20,20.0,0.0,99.0,0.0,0.0,99.0,0.0,0,17
881,820,Max Chilton,206,Marussia,2,2013,2,21,21.0,0.0,17.0,0.0,0.0,10.0,0.0,0,16
882,820,Max Chilton,206,Marussia,17,2013,3,19,20.0,0.0,20.0,0.0,0.0,10.0,0.0,0,17
883,820,Max Chilton,206,Marussia,3,2013,4,21,22.0,0.0,22.0,0.0,0.0,10.0,0.0,0,20
884,820,Max Chilton,206,Marussia,4,2013,5,21,21.0,0.0,22.0,0.0,0.0,10.0,0.0,0,19
885,820,Max Chilton,206,Marussia,6,2013,6,22,20.0,0.0,22.0,0.0,0.0,10.0,0.0,0,14
886,820,Max Chilton,206,Marussia,7,2013,7,20,21.0,0.0,21.0,0.0,0.0,10.0,0.0,0,19
887,820,Max Chilton,206,Marussia,9,2013,8,20,22.0,0.0,21.0,0.0,0.0,10.0,0.0,0,17
888,820,Max Chilton,206,Marussia,20,2013,9,21,22.0,0.0,21.0,0.0,0.0,10.0,0.0,0,19
890,820,Max Chilton,206,Marussia,11,2013,10,22,22.0,0.0,21.0,0.0,0.0,10.0,0.0,0,17
891,820,Max Chilton,206,Marussia,13,2013,11,16,16.0,0.0,22.0,0.0,0.0,10.0,0.0,0,19
892,820,Max Chilton,206,Marussia,14,2013,12,22,22.0,0.0,22.0,0.0,0.0,10.0,0.0,0,20
893,820,Max Chilton,206,Marussia,15,2013,13,22,22.0,0.0,22.0,0.0,0.0,10.0,0.0,0,17
894,820,Max Chilton,206,Marussia,35,2013,14,21,22.0,0.0,22.0,0.0,0.0,10.0,0.0,0,17
895,820,Max Chilton,206,Marussia,22,2013,15,18,19.0,0.0,22.0,0.0,0.0,10.0,0.0,0,19
896,820,Max Chilton,206,Marussia,68,2013,16,22,22.0,0.0,22.0,0.0,0.0,10.0,0.0,0,17
897,820,Max Chilton,206,Marussia,24,2013,17,20,22.0,0.0,22.0,0.0,0.0,10.0,0.0,0,21
898,820,Max Chilton,206,Marussia,69,2013,18,21,22.0,0.0,22.0,0.0,0.0,10.0,0.0,0,21
899,820,Max Chilton,206,Marussia,18,2013,19,22,22.0,0.0,22.0,0.0,0.0,10.0,0.0,0,19
900,820,Max Chilton,206,Marussia,1,2014,1,17,17.0,0.0,99.0,0.0,0.0,99.0,0.0,0,13
901,820,Max Chilton,206,Marussia,2,2014,2,21,21.0,0.0,13.0,0.0,0.0,8.0,0.0,0,15
902,820,Max Chilton,206,Marussia,3,2014,3,21,22.0,0.0,17.0,0.0,0.0,11.0,0.0,0,13
903,820,Max Chilton,206,Marussia,17,2014,4,21,21.0,0.0,18.0,0.0,0.0,10.0,0.0,0,19
904,820,Max Chilton,206,Marussia,4,2014,5,17,18.0,0.0,18.0,0.0,0.0,10.0,0.0,0,19
905,820,Max Chilton,206,Marussia,6,2014,6,19,20.0,0.0,18.0,0.0,0.0,10.0,0.0,0,14
906,820,Max Chilton,206,Marussia,7,2014,7,18,18.0,0.0,20.0,0.0,2.0,9.0,0.0,0,21
907,820,Max Chilton,206,Marussia,70,2014,8,21,21.0,0.0,20.0,0.0,2.0,9.0,0.0,0,17
908,820,Max Chilton,206,Marussia,9,2014,9,17,13.0,0.0,21.0,0.0,2.0,9.0,0.0,0,16
909,820,Max Chilton,206,Marussia,10,2014,10,21,21.0,0.0,21.0,0.0,2.0,9.0,0.0,0,17
910,820,Max Chilton,206,Marussia,11,2014,11,18,19.0,0.0,21.0,0.0,2.0,9.0,0.0,0,16
911,820,Max Chilton,206,Marussia,13,2014,12,19,19.0,0.0,21.0,0.0,2.0,9.0,0.0,0,16
912,820,Max Chilton,206,Marussia,14,2014,13,20,21.0,0.0,21.0,0.0,2.0,9.0,0.0,0,22
913,820,Max Chilton,206,Marussia,15,2014,14,21,21.0,0.0,21.0,0.0,2.0,9.0,0.0,0,17
914,820,Max Chilton,206,Marussia,22,2014,15,21,22.0,0.0,21.0,0.0,2.0,9.0,0.0,0,18
915,820,Max Chilton,206,Marussia,71,2014,16,20,21.0,0.0,21.0,0.0,2.0,9.0,0.0,0,21
880,821,Esteban Gutiérrez,15,Sauber,1,2013,1,18,18.0,0.0,99.0,0.0,0.0,99.0,0.0,0,13
881,821,Esteban Gutiérrez,15,Sauber,2,2013,2,14,14.0,0.0,13.0,0.0,0.0,8.0,0.0,0,12
882,821,Esteban Gutiérrez,15,Sauber,17,2013,3,17,18.0,0.0,16.0,0.0,4.0,6.0,0.0,0,22
883,821,Esteban Gutiérrez,15,Sauber,3,2013,4,22,18.0,0.0,17.0,0.0,5.0,8.0,0.0,0,18
884,821,Esteban Gutiérrez,15,Sauber,4,2013,5,19,16.0,0.0,18.0,0.0,5.0,8.0,0.0,0,11
885,821,Esteban Gutiérrez,15,Sauber,6,2013,6,19,19.0,0.0,16.0,0.0,5.0,8.0,0.0,0,13
886,821,Esteban Gutiérrez,15,Sauber,7,2013,7,15,15.0,0.0,16.0,0.0,5.0,8.0,0.0,0,20
887,821,Esteban Gutiérrez,15,Sauber,9,2013,8,17,18.0,0.0,16.0,0.0,5.0,8.0,0.0,0,14
888,821,Esteban Gutiérrez,15,Sauber,20,2013,9,14,14.0,0.0,18.0,0.0,6.0,8.0,0.0,0,14
890,821,Esteban Gutiérrez,15,Sauber,11,2013,10,17,17.0,0.0,18.0,0.0,7.0,8.0,0.0,0,21
891,821,Esteban Gutiérrez,15,Sauber,13,2013,11,21,21.0,0.0,18.0,0.0,7.0,8.0,0.0,0,14
892,821,Esteban Gutiérrez,15,Sauber,14,2013,12,16,17.0,0.0,18.0,0.0,7.0,8.0,0.0,0,13
893,821,Esteban Gutiérrez,15,Sauber,15,2013,13,10,10.0,0.0,18.0,0.0,17.0,8.0,0.0,0,12
894,821,Esteban Gutiérrez,15,Sauber,35,2013,14,8,9.0,0.0,17.0,0.0,19.0,8.0,0.0,0,11
895,821,Esteban Gutiérrez,15,Sauber,22,2013,15,14,14.0,0.0,17.0,0.0,31.0,7.0,0.0,0,7
896,821,Esteban Gutiérrez,15,Sauber,68,2013,16,16,16.0,6.0,16.0,0.0,45.0,7.0,0.0,0,15
897,821,Esteban Gutiérrez,15,Sauber,24,2013,17,16,17.0,6.0,16.0,0.0,45.0,7.0,0.0,0,13
898,821,Esteban Gutiérrez,15,Sauber,69,2013,18,20,10.0,6.0,16.0,0.0,45.0,7.0,0.0,0,14
899,821,Esteban Gutiérrez,15,Sauber,18,2013,19,17,18.0,6.0,16.0,0.0,53.0,7.0,0.0,0,12
900,821,Esteban Gutiérrez,15,Sauber,1,2014,1,20,19.0,0.0,99.0,0.0,0.0,99.0,0.0,0,12
901,821,Esteban Gutiérrez,15,Sauber,2,2014,2,12,12.0,0.0,12.0,0.0,0.0,7.0,0.0,0,17
902,821,Esteban Gutiérrez,15,Sauber,3,2014,3,15,15.0,0.0,16.0,0.0,0.0,8.0,0.0,0,19
903,821,Esteban Gutiérrez,15,Sauber,17,2014,4,17,17.0,0.0,17.0,0.0,0.0,9.0,0.0,0,16
904,821,Esteban Gutiérrez,15,Sauber,4,2014,5,13,14.0,0.0,17.0,0.0,0.0,9.0,0.0,0,16
905,821,Esteban Gutiérrez,15,Sauber,6,2014,6,17,17.0,0.0,17.0,0.0,0.0,9.0,0.0,0,15
906,821,Esteban Gutiérrez,15,Sauber,7,2014,7,22,22.0,0.0,19.0,0.0,0.0,10.0,0.0,0,14
907,821,Esteban Gutiérrez,15,Sauber,70,2014,8,17,18.0,0.0,19.0,0.0,0.0,10.0,0.0,0,19
908,821,Esteban Gutiérrez,15,Sauber,9,2014,9,19,14.0,0.0,20.0,0.0,0.0,10.0,0.0,0,20
909,821,Esteban Gutiérrez,15,Sauber,10,2014,10,16,14.0,0.0,20.0,0.0,0.0,10.0,0.0,0,14
910,821,Esteban Gutiérrez,15,Sauber,11,2014,11,13,14.0,0.0,20.0,0.0,0.0,10.0,0.0,0,17
911,821,Esteban Gutiérrez,15,Sauber,13,2014,12,20,20.0,0.0,20.0,0.0,0.0,10.0,0.0,0,15
912,821,Esteban Gutiérrez,15,Sauber,14,2014,13,15,16.0,0.0,20.0,0.0,0.0,10.0,0.0,0,19
913,821,Esteban Gutiérrez,15,Sauber,15,2014,14,14,14.0,0.0,20.0,0.0,0.0,10.0,0.0,0,20
914,821,Esteban Gutiérrez,15,Sauber,22,2014,15,15,16.0,0.0,20.0,0.0,0.0,10.0,0.0,0,13
915,821,Esteban Gutiérrez,15,Sauber,71,2014,16,13,14.0,0.0,20.0,0.0,0.0,10.0,0.0,0,15
916,821,Esteban Gutiérrez,15,Sauber,69,2014,17,15,16.0,0.0,20.0,0.0,0.0,10.0,0.0,0,14
917,821,Esteban Gutiérrez,15,Sauber,18,2014,18,11,11.0,0.0,20.0,0.0,0.0,10.0,0.0,0,14
918,821,Esteban Gutiérrez,15,Sauber,24,2014,19,14,15.0,0.0,20.0,0.0,0.0,10.0,0.0,0,15
948,821,Esteban Gutiérrez,210,Haas F1 Team,1,2016,1,20,20.0,0.0,99.0,0.0,0.0,99.0,0.0,0,20
949,821,Esteban Gutiérrez,210,Haas F1 Team,3,2016,2,13,13.0,0.0,20.0,0.0,8.0,5.0,0.0,0,19
950,821,Esteban Gutiérrez,210,Haas F1 Team,17,2016,3,18,18.0,0.0,22.0,0.0,18.0,5.0,0.0,0,14
951,821,Esteban Gutiérrez,210,Haas F1 Team,71,2016,4,16,16.0,0.0,22.0,0.0,18.0,5.0,0.0,0,17
952,821,Esteban Gutiérrez,210,Haas F1 Team,4,2016,5,16,16.0,0.0,22.0,0.0,22.0,5.0,0.0,0,11
953,821,Esteban Gutiérrez,210,Haas F1 Team,6,2016,6,12,12.0,0.0,19.0,0.0,22.0,6.0,0.0,0,11
954,821,Esteban Gutiérrez,210,Haas F1 Team,7,2016,7,13,14.0,0.0,18.0,0.0,22.0,8.0,0.0,0,13
955,821,Esteban Gutiérrez,210,Haas F1 Team,73,2016,8,14,15.0,0.0,18.0,0.0,22.0,8.0,0.0,0,16
956,821,Esteban Gutiérrez,210,Haas F1 Team,70,2016,9,11,11.0,0.0,18.0,0.0,22.0,8.0,0.0,0,11
957,821,Esteban Gutiérrez,210,Haas F1 Team,9,2016,10,14,14.0,0.0,19.0,0.0,28.0,8.0,0.0,0,16
958,821,Esteban Gutiérrez,210,Haas F1 Team,11,2016,11,15,15.0,0.0,19.0,0.0,28.0,8.0,0.0,0,13
959,821,Esteban Gutiérrez,210,Haas F1 Team,10,2016,12,11,11.0,0.0,19.0,0.0,28.0,8.0,0.0,0,11
960,821,Esteban Gutiérrez,210,Haas F1 Team,13,2016,13,18,13.0,0.0,19.0,0.0,28.0,8.0,0.0,0,12
961,821,Esteban Gutiérrez,210,Haas F1 Team,14,2016,14,10,10.0,0.0,19.0,0.0,28.0,8.0,0.0,0,13
962,821,Esteban Gutiérrez,210,Haas F1 Team,15,2016,15,13,14.0,0.0,19.0,0.0,28.0,8.0,0.0,0,11
963,821,Esteban Gutiérrez,210,Haas F1 Team,2,2016,16,13,13.0,0.0,19.0,0.0,28.0,8.0,0.0,0,19
964,821,Esteban Gutiérrez,210,Haas F1 Team,22,2016,17,10,10.0,0.0,20.0,0.0,28.0,8.0,0.0,0,20
965,821,Esteban Gutiérrez,210,Haas F1 Team,69,2016,18,14,14.0,0.0,20.0,0.0,28.0,8.0,0.0,0,21
966,821,Esteban Gutiérrez,210,Haas F1 Team,32,2016,19,17,17.0,0.0,20.0,0.0,29.0,8.0,0.0,0,19
967,821,Esteban Gutiérrez,210,Haas F1 Team,18,2016,20,12,12.0,0.0,20.0,0.0,29.0,8.0,0.0,0,17
968,821,Esteban Gutiérrez,210,Haas F1 Team,24,2016,21,13,13.0,0.0,21.0,0.0,29.0,8.0,0.0,0,12
880,822,Valtteri Bottas,3,Williams,1,2013,1,16,16.0,0.0,99.0,0.0,0.0,99.0,0.0,0,14
881,822,Valtteri Bottas,3,Williams,2,2013,2,18,18.0,0.0,14.0,0.0,0.0,9.0,0.0,0,11
882,822,Valtteri Bottas,3,Williams,17,2013,3,16,17.0,0.0,15.0,0.0,0.0,9.0,0.0,0,13
883,822,Valtteri Bottas,3,Williams,3,2013,4,15,15.0,0.0,16.0,0.0,0.0,9.0,0.0,0,14
884,822,Valtteri Bottas,3,Williams,4,2013,5,16,17.0,0.0,16.0,0.0,0.0,9.0,0.0,0,16
885,822,Valtteri Bottas,3,Williams,6,2013,6,14,14.0,0.0,17.0,0.0,0.0,9.0,0.0,0,12
886,822,Valtteri Bottas,3,Williams,7,2013,7,3,3.0,0.0,17.0,0.0,0.0,9.0,0.0,0,14
887,822,Valtteri Bottas,3,Williams,9,2013,8,16,17.0,0.0,17.0,0.0,0.0,9.0,0.0,0,12
888,822,Valtteri Bottas,3,Williams,20,2013,9,17,17.0,0.0,17.0,0.0,0.0,9.0,0.0,0,16
890,822,Valtteri Bottas,3,Williams,11,2013,10,16,16.0,0.0,17.0,0.0,0.0,9.0,0.0,0,20
891,822,Valtteri Bottas,3,Williams,13,2013,11,20,20.0,0.0,17.0,0.0,1.0,9.0,0.0,0,15
892,822,Valtteri Bottas,3,Williams,14,2013,12,18,18.0,0.0,17.0,0.0,1.0,9.0,0.0,0,15
893,822,Valtteri Bottas,3,Williams,15,2013,13,16,16.0,0.0,17.0,0.0,1.0,9.0,0.0,0,13
894,822,Valtteri Bottas,3,Williams,35,2013,14,17,17.0,0.0,18.0,0.0,1.0,9.0,0.0,0,12
895,822,Valtteri Bottas,3,Williams,22,2013,15,13,13.0,0.0,18.0,0.0,1.0,9.0,0.0,0,17
896,822,Valtteri Bottas,3,Williams,68,2013,16,15,15.0,0.0,18.0,0.0,1.0,9.0,0.0,0,16
897,822,Valtteri Bottas,3,Williams,24,2013,17,15,16.0,0.0,18.0,0.0,1.0,9.0,0.0,0,15
898,822,Valtteri Bottas,3,Williams,69,2013,18,9,9.0,0.0,18.0,0.0,1.0,9.0,0.0,0,8
899,822,Valtteri Bottas,3,Williams,18,2013,19,13,13.0,4.0,17.0,0.0,5.0,9.0,0.0,0,21
900,822,Valtteri Bottas,3,Williams,1,2014,1,15,10.0,0.0,99.0,0.0,0.0,99.0,0.0,0,5
901,822,Valtteri Bottas,3,Williams,2,2014,2,18,15.0,10.0,5.0,0.0,10.0,4.0,0.0,0,8
902,822,Valtteri Bottas,3,Williams,3,2014,3,3,4.0,14.0,8.0,0.0,20.0,4.0,0.0,0,8
903,822,Valtteri Bottas,3,Williams,17,2014,4,7,7.0,18.0,8.0,0.0,30.0,6.0,0.0,0,7
904,822,Valtteri Bottas,3,Williams,4,2014,5,4,4.0,24.0,7.0,0.0,36.0,6.0,0.0,0,5
905,822,Valtteri Bottas,3,Williams,6,2014,6,13,13.0,34.0,7.0,0.0,46.0,5.0,0.0,0,16
906,822,Valtteri Bottas,3,Williams,7,2014,7,4,4.0,34.0,7.0,0.0,52.0,6.0,0.0,0,7
907,822,Valtteri Bottas,3,Williams,70,2014,8,2,2.0,40.0,8.0,0.0,58.0,6.0,0.0,1,3
908,822,Valtteri Bottas,3,Williams,9,2014,9,14,17.0,55.0,7.0,0.0,85.0,5.0,0.0,1,2
909,822,Valtteri Bottas,3,Williams,10,2014,10,2,2.0,73.0,5.0,0.0,103.0,4.0,0.0,1,2
910,822,Valtteri Bottas,3,Williams,11,2014,11,3,3.0,91.0,5.0,0.0,121.0,3.0,0.0,0,8
911,822,Valtteri Bottas,3,Williams,13,2014,12,6,6.0,95.0,5.0,0.0,135.0,4.0,0.0,1,3
912,822,Valtteri Bottas,3,Williams,14,2014,13,3,3.0,110.0,5.0,0.0,150.0,4.0,0.0,0,4
913,822,Valtteri Bottas,3,Williams,15,2014,14,8,8.0,122.0,4.0,0.0,177.0,3.0,0.0,0,11
914,822,Valtteri Bottas,3,Williams,22,2014,15,3,3.0,122.0,6.0,0.0,187.0,3.0,0.0,0,6
915,822,Valtteri Bottas,3,Williams,71,2014,16,3,3.0,130.0,6.0,0.0,201.0,3.0,0.0,1,3
916,822,Valtteri Bottas,3,Williams,69,2014,17,3,3.0,145.0,4.0,0.0,216.0,3.0,0.0,0,5
917,822,Valtteri Bottas,3,Williams,18,2014,18,4,4.0,155.0,4.0,0.0,238.0,3.0,0.0,0,10
918,822,Valtteri Bottas,3,Williams,24,2014,19,3,3.0,156.0,6.0,0.0,254.0,3.0,0.0,1,3
926,822,Valtteri Bottas,3,Williams,1,2015,1,0,6.0,0.0,99.0,0.0,0.0,99.0,0.0,0,18
927,822,Valtteri Bottas,3,Williams,2,2015,2,8,9.0,0.0,18.0,0.0,12.0,4.0,0.0,0,5
928,822,Valtteri Bottas,3,Williams,17,2015,3,5,5.0,10.0,7.0,0.0,30.0,3.0,0.0,0,6
929,822,Valtteri Bottas,3,Williams,3,2015,4,5,5.0,18.0,6.0,0.0,48.0,3.0,0.0,0,4
930,822,Valtteri Bottas,3,Williams,4,2015,5,4,4.0,30.0,6.0,0.0,61.0,3.0,0.0,0,4
931,822,Valtteri Bottas,3,Williams,6,2015,6,16,17.0,42.0,5.0,0.0,81.0,3.0,0.0,0,14
932,822,Valtteri Bottas,3,Williams,7,2015,7,4,4.0,42.0,5.0,0.0,81.0,3.0,0.0,1,3
933,822,Valtteri Bottas,3,Williams,70,2015,8,6,6.0,57.0,5.0,0.0,104.0,3.0,0.0,0,5
934,822,Valtteri Bottas,3,Williams,9,2015,9,4,4.0,67.0,5.0,0.0,129.0,3.0,0.0,0,5
936,822,Valtteri Bottas,3,Williams,11,2015,10,6,6.0,77.0,4.0,0.0,151.0,3.0,0.0,0,13
937,822,Valtteri Bottas,3,Williams,13,2015,11,3,3.0,77.0,4.0,0.0,151.0,3.0,0.0,0,9
938,822,Valtteri Bottas,3,Williams,14,2015,12,6,6.0,79.0,6.0,0.0,161.0,3.0,0.0,0,4
939,822,Valtteri Bottas,3,Williams,15,2015,13,7,7.0,91.0,6.0,0.0,188.0,3.0,0.0,0,5
940,822,Valtteri Bottas,3,Williams,22,2015,14,3,3.0,101.0,5.0,0.0,198.0,3.0,0.0,0,5
941,822,Valtteri Bottas,3,Williams,71,2015,15,3,3.0,111.0,5.0,0.0,208.0,3.0,0.0,0,12
942,822,Valtteri Bottas,3,Williams,69,2015,16,16,12.0,111.0,5.0,0.0,220.0,3.0,0.0,0,19
943,822,Valtteri Bottas,3,Williams,32,2015,17,6,6.0,111.0,5.0,0.0,220.0,3.0,0.0,1,3
944,822,Valtteri Bottas,3,Williams,18,2015,18,7,4.0,126.0,4.0,0.0,243.0,3.0,0.0,0,5
945,822,Valtteri Bottas,3,Williams,24,2015,19,6,6.0,136.0,4.0,0.0,253.0,3.0,0.0,0,13
948,822,Valtteri Bottas,3,Williams,1,2016,1,16,11.0,0.0,99.0,0.0,0.0,99.0,0.0,0,8
949,822,Valtteri Bottas,3,Williams,3,2016,2,6,6.0,4.0,8.0,0.0,14.0,3.0,0.0,0,9
950,822,Valtteri Bottas,3,Williams,17,2016,3,5,5.0,6.0,11.0,0.0,20.0,4.0,0.0,0,10
951,822,Valtteri Bottas,3,Williams,71,2016,4,2,3.0,7.0,10.0,0.0,29.0,4.0,0.0,0,4
952,822,Valtteri Bottas,3,Williams,4,2016,5,7,7.0,19.0,9.0,0.0,51.0,4.0,0.0,0,5
953,822,Valtteri Bottas,3,Williams,6,2016,6,10,11.0,29.0,8.0,0.0,65.0,4.0,0.0,0,12
954,822,Valtteri Bottas,3,Williams,7,2016,7,7,7.0,29.0,8.0,0.0,66.0,4.0,0.0,1,3
955,822,Valtteri Bottas,3,Williams,73,2016,8,8,8.0,44.0,7.0,0.0,81.0,4.0,0.0,0,6
956,822,Valtteri Bottas,3,Williams,70,2016,9,7,8.0,52.0,7.0,0.0,90.0,4.0,0.0,0,9
957,822,Valtteri Bottas,3,Williams,9,2016,10,6,7.0,54.0,7.0,0.0,92.0,4.0,0.0,0,14
958,822,Valtteri Bottas,3,Williams,11,2016,11,10,10.0,54.0,7.0,0.0,92.0,4.0,0.0,0,9
959,822,Valtteri Bottas,3,Williams,10,2016,12,7,8.0,56.0,7.0,0.0,94.0,4.0,0.0,0,9
960,822,Valtteri Bottas,3,Williams,13,2016,13,8,8.0,58.0,7.0,0.0,96.0,4.0,0.0,0,8
961,822,Valtteri Bottas,3,Williams,14,2016,14,5,5.0,62.0,7.0,0.0,101.0,5.0,0.0,0,6
962,822,Valtteri Bottas,3,Williams,15,2016,15,10,11.0,70.0,7.0,0.0,111.0,4.0,0.0,0,20
963,822,Valtteri Bottas,3,Williams,2,2016,16,11,11.0,70.0,7.0,0.0,111.0,5.0,0.0,0,5
964,822,Valtteri Bottas,3,Williams,22,2016,17,11,11.0,80.0,7.0,0.0,121.0,5.0,0.0,0,10
965,822,Valtteri Bottas,3,Williams,69,2016,18,8,8.0,81.0,7.0,0.0,124.0,5.0,0.0,0,16
966,822,Valtteri Bottas,3,Williams,32,2016,19,8,8.0,81.0,8.0,0.0,130.0,5.0,0.0,0,8
967,822,Valtteri Bottas,3,Williams,18,2016,20,11,11.0,85.0,8.0,0.0,136.0,5.0,0.0,0,11
968,822,Valtteri Bottas,3,Williams,24,2016,21,11,11.0,85.0,8.0,0.0,136.0,5.0,0.0,0,21
969,822,Valtteri Bottas,131,Mercedes,1,2017,1,3,3.0,0.0,99.0,0.0,0.0,99.0,0.0,1,3
970,822,Valtteri Bottas,131,Mercedes,17,2017,2,3,3.0,15.0,3.0,0.0,33.0,2.0,0.0,0,6
971,822,Valtteri Bottas,131,Mercedes,3,2017,3,1,1.0,23.0,4.0,0.0,66.0,1.0,1.0,1,3
972,822,Valtteri Bottas,131,Mercedes,71,2017,4,3,3.0,38.0,3.0,0.0,99.0,2.0,1.0,1,1
973,822,Valtteri Bottas,131,Mercedes,4,2017,5,3,3.0,63.0,3.0,1.0,136.0,1.0,2.0,0,17
974,822,Valtteri Bottas,131,Mercedes,6,2017,6,3,3.0,63.0,3.0,1.0,161.0,1.0,3.0,0,4
975,822,Valtteri Bottas,131,Mercedes,7,2017,7,3,3.0,75.0,3.0,1.0,179.0,2.0,3.0,1,2
976,822,Valtteri Bottas,131,Mercedes,73,2017,8,2,2.0,93.0,3.0,1.0,222.0,1.0,4.0,1,2
977,822,Valtteri Bottas,131,Mercedes,70,2017,9,1,1.0,111.0,3.0,1.0,250.0,1.0,4.0,1,1
978,822,Valtteri Bottas,131,Mercedes,9,2017,10,9,4.0,136.0,3.0,2.0,287.0,1.0,5.0,1,2
979,822,Valtteri Bottas,131,Mercedes,11,2017,11,3,3.0,154.0,3.0,2.0,330.0,1.0,6.0,1,3
980,822,Valtteri Bottas,131,Mercedes,13,2017,12,3,3.0,169.0,3.0,2.0,357.0,1.0,6.0,0,5
981,822,Valtteri Bottas,131,Mercedes,14,2017,13,4,6.0,179.0,3.0,2.0,392.0,1.0,7.0,1,2
982,822,Valtteri Bottas,131,Mercedes,15,2017,14,6,6.0,197.0,3.0,2.0,435.0,1.0,8.0,1,3
983,822,Valtteri Bottas,131,Mercedes,2,2017,15,5,5.0,212.0,3.0,2.0,475.0,1.0,9.0,0,5
984,822,Valtteri Bottas,131,Mercedes,22,2017,16,6,2.0,222.0,3.0,2.0,503.0,1.0,9.0,0,4
985,822,Valtteri Bottas,131,Mercedes,69,2017,17,3,3.0,234.0,3.0,2.0,540.0,1.0,10.0,0,5
986,822,Valtteri Bottas,131,Mercedes,32,2017,18,4,4.0,244.0,3.0,2.0,575.0,1.0,11.0,1,2
987,822,Valtteri Bottas,131,Mercedes,18,2017,19,1,1.0,262.0,3.0,2.0,595.0,1.0,11.0,1,2
988,822,Valtteri Bottas,131,Mercedes,24,2017,20,1,1.0,280.0,3.0,2.0,625.0,1.0,11.0,1,1
989,822,Valtteri Bottas,131,Mercedes,1,2018,1,15,10.0,0.0,99.0,0.0,0.0,99.0,0.0,0,8
990,822,Valtteri Bottas,131,Mercedes,3,2018,2,3,3.0,4.0,8.0,0.0,22.0,2.0,0.0,1,2
991,822,Valtteri Bottas,131,Mercedes,17,2018,3,3,3.0,22.0,3.0,0.0,55.0,2.0,0.0,1,2
992,822,Valtteri Bottas,131,Mercedes,73,2018,4,3,3.0,40.0,3.0,0.0,85.0,1.0,0.0,0,14
993,822,Valtteri Bottas,131,Mercedes,4,2018,5,2,2.0,40.0,4.0,0.0,110.0,2.0,1.0,1,2
994,822,Valtteri Bottas,131,Mercedes,6,2018,6,5,5.0,58.0,3.0,0.0,153.0,1.0,2.0,0,5
995,822,Valtteri Bottas,131,Mercedes,7,2018,7,2,2.0,68.0,4.0,0.0,178.0,1.0,2.0,1,2
996,822,Valtteri Bottas,131,Mercedes,34,2018,8,2,2.0,86.0,3.0,0.0,206.0,1.0,2.0,0,7
997,822,Valtteri Bottas,131,Mercedes,70,2018,9,1,1.0,92.0,4.0,0.0,237.0,1.0,3.0,0,19
998,822,Valtteri Bottas,131,Mercedes,9,2018,10,4,4.0,92.0,6.0,0.0,237.0,2.0,3.0,0,4
999,822,Valtteri Bottas,131,Mercedes,10,2018,11,2,2.0,104.0,5.0,0.0,267.0,2.0,3.0,1,2
1000,822,Valtteri Bottas,131,Mercedes,11,2018,12,2,2.0,122.0,4.0,0.0,310.0,1.0,4.0,0,5
1001,822,Valtteri Bottas,131,Mercedes,13,2018,13,19,10.0,132.0,4.0,0.0,345.0,1.0,5.0,0,4
1002,822,Valtteri Bottas,131,Mercedes,14,2018,14,4,4.0,144.0,4.0,0.0,375.0,1.0,5.0,1,3
1003,822,Valtteri Bottas,131,Mercedes,15,2018,15,4,4.0,159.0,4.0,0.0,415.0,1.0,6.0,0,4
1004,822,Valtteri Bottas,131,Mercedes,71,2018,16,1,1.0,171.0,4.0,0.0,452.0,1.0,7.0,1,2
1005,822,Valtteri Bottas,131,Mercedes,22,2018,17,2,2.0,189.0,3.0,0.0,495.0,1.0,8.0,1,2
1006,822,Valtteri Bottas,131,Mercedes,69,2018,18,3,4.0,207.0,3.0,0.0,538.0,1.0,9.0,0,5
1007,822,Valtteri Bottas,131,Mercedes,32,2018,19,5,5.0,217.0,4.0,0.0,563.0,1.0,9.0,0,5
1008,822,Valtteri Bottas,131,Mercedes,18,2018,20,3,3.0,227.0,4.0,0.0,585.0,1.0,9.0,0,5
1009,822,Valtteri Bottas,131,Mercedes,24,2018,21,2,2.0,237.0,4.0,0.0,620.0,1.0,10.0,0,5
1010,822,Valtteri Bottas,131,Mercedes,1,2019,1,2,2.0,0.0,99.0,0.0,0.0,99.0,0.0,1,1
1011,822,Valtteri Bottas,131,Mercedes,3,2019,2,4,4.0,26.0,1.0,1.0,44.0,1.0,1.0,1,2
1012,822,Valtteri Bottas,131,Mercedes,17,2019,3,1,1.0,44.0,1.0,1.0,87.0,1.0,2.0,1,2
1013,822,Valtteri Bottas,131,Mercedes,73,2019,4,1,1.0,62.0,2.0,1.0,130.0,1.0,3.0,1,1
1014,822,Valtteri Bottas,131,Mercedes,4,2019,5,1,1.0,87.0,1.0,2.0,173.0,1.0,4.0,1,2
1015,822,Valtteri Bottas,131,Mercedes,6,2019,6,2,2.0,105.0,2.0,2.0,217.0,1.0,5.0,1,3
1016,822,Valtteri Bottas,131,Mercedes,7,2019,7,6,6.0,120.0,2.0,2.0,257.0,1.0,6.0,0,4
1017,822,Valtteri Bottas,131,Mercedes,34,2019,8,2,2.0,133.0,2.0,2.0,295.0,1.0,7.0,1,2
1018,822,Valtteri Bottas,131,Mercedes,70,2019,9,3,4.0,151.0,2.0,2.0,338.0,1.0,8.0,1,3
1019,822,Valtteri Bottas,131,Mercedes,9,2019,10,1,1.0,166.0,2.0,2.0,363.0,1.0,8.0,1,2
1020,822,Valtteri Bottas,131,Mercedes,10,2019,11,3,3.0,184.0,2.0,2.0,407.0,1.0,9.0,0,15
1021,822,Valtteri Bottas,131,Mercedes,11,2019,12,2,2.0,184.0,2.0,2.0,409.0,1.0,9.0,0,8
1022,822,Valtteri Bottas,131,Mercedes,13,2019,13,4,4.0,188.0,2.0,2.0,438.0,1.0,10.0,1,3
1023,822,Valtteri Bottas,131,Mercedes,14,2019,14,3,3.0,203.0,2.0,2.0,471.0,1.0,10.0,1,2
1024,822,Valtteri Bottas,131,Mercedes,15,2019,15,5,5.0,221.0,2.0,2.0,505.0,1.0,10.0,0,5
1025,822,Valtteri Bottas,131,Mercedes,71,2019,16,4,5.0,231.0,2.0,2.0,527.0,1.0,10.0,1,2
1026,822,Valtteri Bottas,131,Mercedes,22,2019,17,3,3.0,249.0,2.0,2.0,571.0,1.0,11.0,1,1
1027,822,Valtteri Bottas,131,Mercedes,32,2019,18,6,6.0,274.0,2.0,3.0,612.0,1.0,12.0,1,3
1028,822,Valtteri Bottas,131,Mercedes,69,2019,19,1,1.0,289.0,2.0,3.0,652.0,1.0,13.0,1,1
1029,822,Valtteri Bottas,131,Mercedes,18,2019,20,4,5.0,314.0,2.0,4.0,695.0,1.0,14.0,0,20
1030,822,Valtteri Bottas,131,Mercedes,24,2019,21,20,2.0,314.0,2.0,4.0,701.0,1.0,14.0,0,4
1031,822,Valtteri Bottas,131,Mercedes,70,2020,1,1,1.0,0.0,99.0,0.0,0.0,99.0,0.0,1,1
1032,822,Valtteri Bottas,131,Mercedes,70,2020,2,4,4.0,25.0,1.0,1.0,37.0,1.0,1.0,1,2
1033,822,Valtteri Bottas,131,Mercedes,11,2020,3,2,2.0,43.0,1.0,1.0,80.0,1.0,2.0,1,3
1034,822,Valtteri Bottas,131,Mercedes,9,2020,4,2,2.0,58.0,2.0,1.0,121.0,1.0,3.0,0,11
1035,822,Valtteri Bottas,131,Mercedes,9,2020,5,1,1.0,58.0,2.0,1.0,146.0,1.0,4.0,1,3
1036,822,Valtteri Bottas,131,Mercedes,4,2020,6,2,2.0,73.0,3.0,1.0,180.0,1.0,4.0,1,3
1037,822,Valtteri Bottas,131,Mercedes,13,2020,7,2,2.0,89.0,3.0,1.0,221.0,1.0,5.0,1,2
1038,822,Valtteri Bottas,131,Mercedes,14,2020,8,2,2.0,107.0,3.0,1.0,264.0,1.0,6.0,0,5
1039,822,Valtteri Bottas,131,Mercedes,76,2020,9,2,2.0,117.0,2.0,1.0,281.0,1.0,6.0,1,2
1040,822,Valtteri Bottas,131,Mercedes,71,2020,10,3,3.0,135.0,2.0,1.0,325.0,1.0,7.0,1,1
1041,822,Valtteri Bottas,131,Mercedes,20,2020,11,1,1.0,161.0,2.0,2.0,366.0,1.0,8.0,0,19
1042,822,Valtteri Bottas,131,Mercedes,75,2020,12,2,2.0,161.0,2.0,2.0,391.0,1.0,9.0,1,2
1043,822,Valtteri Bottas,131,Mercedes,21,2020,13,1,1.0,179.0,2.0,2.0,435.0,1.0,10.0,1,2
1044,822,Valtteri Bottas,131,Mercedes,5,2020,14,9,9.0,197.0,2.0,2.0,479.0,1.0,11.0,0,14
1045,822,Valtteri Bottas,131,Mercedes,3,2020,15,2,2.0,197.0,2.0,2.0,504.0,1.0,12.0,0,8
1046,822,Valtteri Bottas,131,Mercedes,3,2020,16,1,1.0,201.0,2.0,2.0,533.0,1.0,13.0,0,8
1047,822,Valtteri Bottas,131,Mercedes,24,2020,17,2,2.0,205.0,2.0,2.0,540.0,1.0,13.0,1,2
1052,822,Valtteri Bottas,131,Mercedes,3,2021,1,3,3.0,0.0,99.0,0.0,0.0,99.0,0.0,1,3
1053,822,Valtteri Bottas,131,Mercedes,21,2021,2,8,8.0,16.0,3.0,0.0,41.0,1.0,1.0,0,18
1054,822,Valtteri Bottas,131,Mercedes,75,2021,3,1,1.0,16.0,5.0,0.0,60.0,1.0,1.0,1,3
1055,822,Valtteri Bottas,131,Mercedes,4,2021,4,3,3.0,32.0,4.0,0.0,101.0,1.0,2.0,1,3
1056,822,Valtteri Bottas,131,Mercedes,6,2021,5,3,3.0,47.0,3.0,0.0,141.0,1.0,3.0,0,19
1057,822,Valtteri Bottas,131,Mercedes,73,2021,6,10,10.0,47.0,4.0,0.0,148.0,2.0,3.0,0,12
1059,822,Valtteri Bottas,131,Mercedes,34,2021,7,3,3.0,47.0,6.0,0.0,148.0,2.0,3.0,0,4
1058,822,Valtteri Bottas,131,Mercedes,70,2021,8,5,2.0,59.0,5.0,0.0,178.0,2.0,3.0,1,3
1060,822,Valtteri Bottas,131,Mercedes,70,2021,9,5,5.0,74.0,5.0,0.0,212.0,2.0,3.0,1,2
1061,822,Valtteri Bottas,131,Mercedes,9,2021,10,3,3.0,92.0,5.0,0.0,242.0,2.0,3.0,1,3
1062,822,Valtteri Bottas,131,Mercedes,11,2021,11,2,2.0,108.0,4.0,0.0,285.0,2.0,4.0,0,16
1063,822,Valtteri Bottas,131,Mercedes,13,2021,12,13,8.0,108.0,4.0,0.0,303.0,1.0,4.0,0,12
1064,822,Valtteri Bottas,131,Mercedes,39,2021,13,3,3.0,108.0,4.0,0.0,310.5,1.0,4.0,1,3
1065,822,Valtteri Bottas,131,Mercedes,14,2021,14,19,1.0,123.0,3.0,0.0,344.5,1.0,4.0,1,3
1066,822,Valtteri Bottas,131,Mercedes,71,2021,15,16,7.0,141.0,3.0,0.0,362.5,1.0,4.0,0,5
1067,822,Valtteri Bottas,131,Mercedes,5,2021,16,1,2.0,151.0,3.0,0.0,397.5,1.0,5.0,1,1
1069,822,Valtteri Bottas,131,Mercedes,69,2021,17,9,4.0,177.0,3.0,1.0,433.5,1.0,6.0,0,6
1070,822,Valtteri Bottas,131,Mercedes,32,2021,18,1,1.0,185.0,3.0,1.0,460.5,1.0,6.0,0,15
1071,822,Valtteri Bottas,131,Mercedes,18,2021,19,1,3.0,185.0,3.0,1.0,478.5,1.0,6.0,1,3
1051,822,Valtteri Bottas,131,Mercedes,78,2021,20,6,3.0,203.0,3.0,1.0,521.5,1.0,7.0,0,20
1072,822,Valtteri Bottas,131,Mercedes,77,2021,21,2,2.0,203.0,3.0,1.0,546.5,1.0,8.0,1,3
1073,822,Valtteri Bottas,131,Mercedes,24,2021,22,6,6.0,218.0,3.0,1.0,587.5,1.0,9.0,0,6
1074,822,Valtteri Bottas,51,Alfa Romeo,3,2022,1,6,6.0,0.0,99.0,0.0,0.0,99.0,0.0,0,6
1075,822,Valtteri Bottas,51,Alfa Romeo,77,2022,2,8,8.0,8.0,6.0,0.0,9.0,4.0,0.0,0,15
1076,822,Valtteri Bottas,51,Alfa Romeo,1,2022,3,12,12.0,8.0,9.0,0.0,9.0,6.0,0.0,0,8
1077,822,Valtteri Bottas,51,Alfa Romeo,21,2022,4,7,8.0,12.0,10.0,0.0,13.0,6.0,0.0,0,5
1078,822,Valtteri Bottas,51,Alfa Romeo,79,2022,5,5,5.0,24.0,8.0,0.0,25.0,5.0,0.0,0,7
1079,822,Valtteri Bottas,51,Alfa Romeo,4,2022,6,7,7.0,30.0,8.0,0.0,31.0,5.0,0.0,0,6
1080,822,Valtteri Bottas,51,Alfa Romeo,6,2022,7,12,12.0,38.0,8.0,0.0,39.0,5.0,0.0,0,9
1081,822,Valtteri Bottas,51,Alfa Romeo,73,2022,8,15,15.0,40.0,8.0,0.0,41.0,5.0,0.0,0,11
1082,822,Valtteri Bottas,51,Alfa Romeo,7,2022,9,11,11.0,40.0,8.0,0.0,41.0,6.0,0.0,0,7
1083,822,Valtteri Bottas,51,Alfa Romeo,9,2022,10,12,12.0,46.0,8.0,0.0,51.0,6.0,0.0,0,17
1084,822,Valtteri Bottas,51,Alfa Romeo,70,2022,11,0,12.0,46.0,8.0,0.0,51.0,6.0,0.0,0,11
1085,822,Valtteri Bottas,51,Alfa Romeo,34,2022,12,11,13.0,46.0,9.0,0.0,51.0,6.0,0.0,0,14
1086,822,Valtteri Bottas,51,Alfa Romeo,11,2022,13,8,8.0,46.0,9.0,0.0,51.0,6.0,0.0,0,20
1087,822,Valtteri Bottas,51,Alfa Romeo,13,2022,14,13,20.0,46.0,9.0,0.0,51.0,6.0,0.0,0,19
1088,822,Valtteri Bottas,51,Alfa Romeo,39,2022,15,16,16.0,46.0,10.0,0.0,51.0,6.0,0.0,0,19
1089,822,Valtteri Bottas,51,Alfa Romeo,14,2022,16,15,12.0,46.0,10.0,0.0,51.0,6.0,0.0,0,13
1091,822,Valtteri Bottas,51,Alfa Romeo,15,2022,17,15,16.0,46.0,10.0,0.0,52.0,6.0,0.0,0,11
1092,822,Valtteri Bottas,51,Alfa Romeo,22,2022,18,12,12.0,46.0,10.0,0.0,52.0,6.0,0.0,0,15
1093,822,Valtteri Bottas,51,Alfa Romeo,69,2022,19,7,10.0,46.0,10.0,0.0,52.0,6.0,0.0,0,19
1094,822,Valtteri Bottas,51,Alfa Romeo,32,2022,20,6,6.0,46.0,10.0,0.0,52.0,6.0,0.0,0,10
1095,822,Valtteri Bottas,51,Alfa Romeo,18,2022,21,14,18.0,47.0,10.0,0.0,53.0,6.0,0.0,0,9
1096,822,Valtteri Bottas,51,Alfa Romeo,24,2022,22,18,18.0,49.0,10.0,0.0,55.0,6.0,0.0,0,15
1098,822,Valtteri Bottas,51,Alfa Romeo,3,2023,1,12,12.0,0.0,99.0,0.0,0.0,99.0,0.0,0,8
1099,822,Valtteri Bottas,51,Alfa Romeo,77,2023,2,14,14.0,4.0,8.0,0.0,4.0,5.0,0.0,0,18
1100,822,Valtteri Bottas,51,Alfa Romeo,1,2023,3,0,19.0,4.0,9.0,0.0,4.0,6.0,0.0,0,11
1101,822,Valtteri Bottas,51,Alfa Romeo,73,2023,4,13,14.0,4.0,11.0,0.0,6.0,8.0,0.0,0,18
1102,822,Valtteri Bottas,51,Alfa Romeo,79,2023,5,10,10.0,4.0,12.0,0.0,6.0,8.0,0.0,0,13
1104,822,Valtteri Bottas,51,Alfa Romeo,6,2023,6,15,15.0,4.0,13.0,0.0,6.0,8.0,0.0,0,11
1105,822,Valtteri Bottas,51,Alfa Romeo,4,2023,7,16,16.0,4.0,14.0,0.0,6.0,8.0,0.0,0,19
1106,822,Valtteri Bottas,51,Alfa Romeo,7,2023,8,14,15.0,4.0,14.0,0.0,8.0,8.0,0.0,0,10
1107,822,Valtteri Bottas,51,Alfa Romeo,70,2023,9,14,14.0,5.0,15.0,0.0,9.0,7.0,0.0,0,15
1108,822,Valtteri Bottas,51,Alfa Romeo,9,2023,10,20,15.0,5.0,15.0,0.0,9.0,8.0,0.0,0,12
1109,822,Valtteri Bottas,51,Alfa Romeo,11,2023,11,7,7.0,5.0,15.0,0.0,9.0,9.0,0.0,0,12
1110,822,Valtteri Bottas,51,Alfa Romeo,13,2023,12,13,14.0,5.0,15.0,0.0,9.0,9.0,0.0,0,12
1111,822,Valtteri Bottas,51,Alfa Romeo,39,2023,13,18,19.0,5.0,15.0,0.0,9.0,9.0,0.0,0,14
1112,822,Valtteri Bottas,51,Alfa Romeo,14,2023,14,14,14.0,5.0,15.0,0.0,9.0,9.0,0.0,0,10
1113,822,Valtteri Bottas,51,Alfa Romeo,15,2023,15,16,16.0,6.0,15.0,0.0,10.0,9.0,0.0,0,17
1114,822,Valtteri Bottas,51,Alfa Romeo,22,2023,16,16,16.0,6.0,15.0,0.0,10.0,9.0,0.0,0,20
1115,822,Valtteri Bottas,51,Alfa Romeo,78,2023,17,9,9.0,6.0,15.0,0.0,10.0,9.0,0.0,0,8
1116,822,Valtteri Bottas,51,Alfa Romeo,69,2023,18,13,13.0,10.0,14.0,0.0,16.0,8.0,0.0,0,12
1117,822,Valtteri Bottas,51,Alfa Romeo,32,2023,19,9,9.0,10.0,14.0,0.0,16.0,8.0,0.0,0,15
1118,822,Valtteri Bottas,51,Alfa Romeo,18,2023,20,18,18.0,10.0,14.0,0.0,16.0,9.0,0.0,0,16
1119,822,Valtteri Bottas,51,Alfa Romeo,80,2023,21,7,8.0,10.0,15.0,0.0,16.0,9.0,0.0,0,17
1120,822,Valtteri Bottas,51,Alfa Romeo,24,2023,22,18,18.0,10.0,15.0,0.0,16.0,9.0,0.0,0,19
1121,822,Valtteri Bottas,15,Sauber,3,2024,1,16,16.0,0.0,99.0,0.0,0.0,99.0,0.0,0,19
1122,822,Valtteri Bottas,15,Sauber,77,2024,2,16,16.0,0.0,19.0,0.0,0.0,6.0,0.0,0,17
1123,822,Valtteri Bottas,15,Sauber,1,2024,3,13,13.0,0.0,20.0,0.0,0.0,8.0,0.0,0,14
1124,822,Valtteri Bottas,15,Sauber,22,2024,4,13,13.0,0.0,20.0,0.0,0.0,9.0,0.0,0,14
1125,822,Valtteri Bottas,15,Sauber,17,2024,5,10,10.0,0.0,20.0,0.0,0.0,9.0,0.0,0,20
1126,822,Valtteri Bottas,15,Sauber,79,2024,6,16,16.0,0.0,20.0,0.0,0.0,10.0,0.0,0,16
1127,822,Valtteri Bottas,15,Sauber,21,2024,7,16,16.0,0.0,20.0,0.0,0.0,10.0,0.0,0,18
1128,822,Valtteri Bottas,15,Sauber,6,2024,8,17,19.0,0.0,20.0,0.0,0.0,10.0,0.0,0,13
1129,822,Valtteri Bottas,15,Sauber,7,2024,9,0,17.0,0.0,20.0,0.0,0.0,10.0,0.0,0,13
1130,822,Valtteri Bottas,15,Sauber,4,2024,10,12,12.0,0.0,20.0,0.0,0.0,10.0,0.0,0,16
1131,822,Valtteri Bottas,15,Sauber,70,2024,11,18,18.0,0.0,20.0,0.0,0.0,10.0,0.0,0,16
1132,822,Valtteri Bottas,15,Sauber,9,2024,12,16,16.0,0.0,20.0,0.0,0.0,10.0,0.0,0,15
1133,822,Valtteri Bottas,15,Sauber,11,2024,13,12,12.0,0.0,21.0,0.0,0.0,10.0,0.0,0,16
1134,822,Valtteri Bottas,15,Sauber,13,2024,14,14,14.0,0.0,21.0,0.0,0.0,10.0,0.0,0,15
1135,822,Valtteri Bottas,15,Sauber,39,2024,15,16,17.0,0.0,21.0,0.0,0.0,10.0,0.0,0,19
1136,822,Valtteri Bottas,15,Sauber,14,2024,16,19,19.0,0.0,21.0,0.0,0.0,10.0,0.0,0,16
1137,822,Valtteri Bottas,15,Sauber,73,2024,17,16,17.0,0.0,22.0,0.0,0.0,10.0,0.0,0,16
1138,822,Valtteri Bottas,15,Sauber,15,2024,18,19,19.0,0.0,22.0,0.0,0.0,10.0,0.0,0,16
1139,822,Valtteri Bottas,15,Sauber,69,2024,19,16,18.0,0.0,22.0,0.0,0.0,10.0,0.0,0,17
1140,822,Valtteri Bottas,15,Sauber,32,2024,20,15,15.0,0.0,23.0,0.0,0.0,10.0,0.0,0,14
1141,822,Valtteri Bottas,15,Sauber,18,2024,21,11,11.0,0.0,23.0,0.0,0.0,10.0,0.0,0,13
1142,822,Valtteri Bottas,15,Sauber,80,2024,22,19,19.0,0.0,23.0,0.0,0.0,10.0,0.0,0,18
1143,822,Valtteri Bottas,15,Sauber,78,2024,23,13,13.0,0.0,23.0,0.0,0.0,10.0,0.0,0,11
1144,822,Valtteri Bottas,15,Sauber,24,2024,24,9,9.0,0.0,22.0,0.0,4.0,10.0,0.0,0,18
880,823,Giedo van der Garde,207,Caterham,1,2013,1,21,21.0,0.0,99.0,0.0,0.0,99.0,0.0,0,18
881,823,Giedo van der Garde,207,Caterham,2,2013,2,22,22.0,0.0,18.0,0.0,0.0,11.0,0.0,0,15
882,823,Giedo van der Garde,207,Caterham,17,2013,3,21,22.0,0.0,19.0,0.0,0.0,11.0,0.0,0,18
883,823,Giedo van der Garde,207,Caterham,3,2013,4,20,21.0,0.0,21.0,0.0,0.0,11.0,0.0,0,21
884,823,Giedo van der Garde,207,Caterham,4,2013,5,18,19.0,0.0,21.0,0.0,0.0,11.0,0.0,0,21
885,823,Giedo van der Garde,207,Caterham,6,2013,6,15,15.0,0.0,21.0,0.0,0.0,11.0,0.0,0,15
886,823,Giedo van der Garde,207,Caterham,7,2013,7,21,22.0,0.0,22.0,0.0,0.0,11.0,0.0,0,22
887,823,Giedo van der Garde,207,Caterham,9,2013,8,22,21.0,0.0,22.0,0.0,0.0,11.0,0.0,0,18
888,823,Giedo van der Garde,207,Caterham,20,2013,9,20,21.0,0.0,22.0,0.0,0.0,11.0,0.0,0,18
890,823,Giedo van der Garde,207,Caterham,11,2013,10,20,20.0,0.0,22.0,0.0,0.0,11.0,0.0,0,14
891,823,Giedo van der Garde,207,Caterham,13,2013,11,14,14.0,0.0,21.0,0.0,0.0,11.0,0.0,0,16
892,823,Giedo van der Garde,207,Caterham,14,2013,12,19,19.0,0.0,21.0,0.0,0.0,11.0,0.0,0,18
893,823,Giedo van der Garde,207,Caterham,15,2013,13,20,20.0,0.0,21.0,0.0,0.0,11.0,0.0,0,16
894,823,Giedo van der Garde,207,Caterham,35,2013,14,20,20.0,0.0,21.0,0.0,0.0,11.0,0.0,0,15
895,823,Giedo van der Garde,207,Caterham,22,2013,15,19,21.0,0.0,21.0,0.0,0.0,11.0,0.0,0,21
896,823,Giedo van der Garde,207,Caterham,68,2013,16,20,20.0,0.0,21.0,0.0,0.0,11.0,0.0,0,22
897,823,Giedo van der Garde,207,Caterham,24,2013,17,18,19.0,0.0,21.0,0.0,0.0,11.0,0.0,0,18
898,823,Giedo van der Garde,207,Caterham,69,2013,18,18,19.0,0.0,21.0,0.0,0.0,11.0,0.0,0,19
899,823,Giedo van der Garde,207,Caterham,18,2013,19,20,20.0,0.0,21.0,0.0,0.0,11.0,0.0,0,18
880,824,Jules Bianchi,206,Marussia,1,2013,1,19,19.0,0.0,99.0,0.0,0.0,99.0,0.0,0,15
881,824,Jules Bianchi,206,Marussia,2,2013,2,19,19.0,0.0,15.0,0.0,0.0,10.0,0.0,0,13
882,824,Jules Bianchi,206,Marussia,17,2013,3,18,19.0,0.0,17.0,0.0,0.0,10.0,0.0,0,15
883,824,Jules Bianchi,206,Marussia,3,2013,4,19,20.0,0.0,18.0,0.0,0.0,10.0,0.0,0,19
884,824,Jules Bianchi,206,Marussia,4,2013,5,20,20.0,0.0,19.0,0.0,0.0,10.0,0.0,0,18
885,824,Jules Bianchi,206,Marussia,6,2013,6,20,21.0,0.0,19.0,0.0,0.0,10.0,0.0,0,19
886,824,Jules Bianchi,206,Marussia,7,2013,7,19,20.0,0.0,19.0,0.0,0.0,10.0,0.0,0,17
887,824,Jules Bianchi,206,Marussia,9,2013,8,19,20.0,0.0,19.0,0.0,0.0,10.0,0.0,0,16
888,824,Jules Bianchi,206,Marussia,20,2013,9,19,20.0,0.0,19.0,0.0,0.0,10.0,0.0,0,21
890,824,Jules Bianchi,206,Marussia,11,2013,10,21,21.0,0.0,19.0,0.0,0.0,10.0,0.0,0,16
891,824,Jules Bianchi,206,Marussia,13,2013,11,15,15.0,0.0,19.0,0.0,0.0,10.0,0.0,0,18
892,824,Jules Bianchi,206,Marussia,14,2013,12,21,21.0,0.0,19.0,0.0,0.0,10.0,0.0,0,19
893,824,Jules Bianchi,206,Marussia,15,2013,13,21,21.0,0.0,19.0,0.0,0.0,10.0,0.0,0,18
894,824,Jules Bianchi,206,Marussia,35,2013,14,22,21.0,0.0,19.0,0.0,0.0,10.0,0.0,0,16
895,824,Jules Bianchi,206,Marussia,22,2013,15,21,22.0,0.0,19.0,0.0,0.0,10.0,0.0,0,22
896,824,Jules Bianchi,206,Marussia,68,2013,16,19,19.0,0.0,19.0,0.0,0.0,10.0,0.0,0,18
897,824,Jules Bianchi,206,Marussia,24,2013,17,21,20.0,0.0,19.0,0.0,0.0,10.0,0.0,0,20
898,824,Jules Bianchi,206,Marussia,69,2013,18,19,20.0,0.0,19.0,0.0,0.0,10.0,0.0,0,18
899,824,Jules Bianchi,206,Marussia,18,2013,19,21,21.0,0.0,19.0,0.0,0.0,10.0,0.0,0,17
900,824,Jules Bianchi,206,Marussia,1,2014,1,18,18.0,0.0,99.0,0.0,0.0,99.0,0.0,0,14
901,824,Jules Bianchi,206,Marussia,2,2014,2,19,19.0,0.0,14.0,0.0,0.0,8.0,0.0,0,20
902,824,Jules Bianchi,206,Marussia,3,2014,3,19,20.0,0.0,20.0,0.0,0.0,11.0,0.0,0,16
903,824,Jules Bianchi,206,Marussia,17,2014,4,19,19.0,0.0,22.0,0.0,0.0,10.0,0.0,0,17
904,824,Jules Bianchi,206,Marussia,4,2014,5,18,19.0,0.0,22.0,0.0,0.0,10.0,0.0,0,18
905,824,Jules Bianchi,206,Marussia,6,2014,6,21,19.0,0.0,22.0,0.0,0.0,10.0,0.0,0,9
906,824,Jules Bianchi,206,Marussia,7,2014,7,19,19.0,2.0,16.0,0.0,2.0,9.0,0.0,0,22
907,824,Jules Bianchi,206,Marussia,70,2014,8,18,19.0,2.0,16.0,0.0,2.0,9.0,0.0,0,15
908,824,Jules Bianchi,206,Marussia,9,2014,9,12,12.0,2.0,16.0,0.0,2.0,9.0,0.0,0,14
909,824,Jules Bianchi,206,Marussia,10,2014,10,17,18.0,2.0,16.0,0.0,2.0,9.0,0.0,0,15
910,824,Jules Bianchi,206,Marussia,11,2014,11,15,16.0,2.0,16.0,0.0,2.0,9.0,0.0,0,15
911,824,Jules Bianchi,206,Marussia,13,2014,12,16,16.0,2.0,16.0,0.0,2.0,9.0,0.0,0,18
912,824,Jules Bianchi,206,Marussia,14,2014,13,19,20.0,2.0,16.0,0.0,2.0,9.0,0.0,0,18
913,824,Jules Bianchi,206,Marussia,15,2014,14,19,19.0,2.0,16.0,0.0,2.0,9.0,0.0,0,16
914,824,Jules Bianchi,206,Marussia,22,2014,15,18,20.0,2.0,16.0,0.0,2.0,9.0,0.0,0,20
900,825,Kevin Magnussen,1,McLaren,1,2014,1,4,4.0,0.0,99.0,0.0,0.0,99.0,0.0,1,2
901,825,Kevin Magnussen,1,McLaren,2,2014,2,8,8.0,18.0,2.0,0.0,33.0,1.0,0.0,0,9
902,825,Kevin Magnussen,1,McLaren,3,2014,3,8,9.0,20.0,5.0,0.0,43.0,2.0,0.0,0,18
903,825,Kevin Magnussen,1,McLaren,17,2014,4,15,15.0,20.0,7.0,0.0,43.0,3.0,0.0,0,13
904,825,Kevin Magnussen,1,McLaren,4,2014,5,14,15.0,20.0,9.0,0.0,43.0,5.0,0.0,0,12
905,825,Kevin Magnussen,1,McLaren,6,2014,6,8,8.0,20.0,9.0,0.0,43.0,6.0,0.0,0,10
906,825,Kevin Magnussen,1,McLaren,7,2014,7,12,12.0,21.0,9.0,0.0,52.0,5.0,0.0,0,9
907,825,Kevin Magnussen,1,McLaren,70,2014,8,6,6.0,23.0,9.0,0.0,66.0,5.0,0.0,0,7
908,825,Kevin Magnussen,1,McLaren,9,2014,9,5,5.0,29.0,10.0,0.0,72.0,6.0,0.0,0,7
909,825,Kevin Magnussen,1,McLaren,10,2014,10,4,4.0,35.0,9.0,0.0,90.0,6.0,0.0,0,9
910,825,Kevin Magnussen,1,McLaren,11,2014,11,21,10.0,37.0,9.0,0.0,96.0,6.0,0.0,0,12
911,825,Kevin Magnussen,1,McLaren,13,2014,12,7,7.0,37.0,10.0,0.0,97.0,6.0,0.0,0,12
912,825,Kevin Magnussen,1,McLaren,14,2014,13,5,5.0,37.0,11.0,0.0,105.0,5.0,0.0,0,10
913,825,Kevin Magnussen,1,McLaren,15,2014,14,9,9.0,38.0,12.0,0.0,110.0,5.0,0.0,0,10
914,825,Kevin Magnussen,1,McLaren,22,2014,15,7,7.0,39.0,12.0,0.0,111.0,6.0,0.0,0,14
915,825,Kevin Magnussen,1,McLaren,71,2014,16,11,6.0,39.0,12.0,0.0,121.0,6.0,0.0,0,5
916,825,Kevin Magnussen,1,McLaren,69,2014,17,7,8.0,49.0,10.0,0.0,143.0,5.0,0.0,0,8
917,825,Kevin Magnussen,1,McLaren,18,2014,18,7,7.0,53.0,10.0,0.0,147.0,5.0,0.0,0,9
918,825,Kevin Magnussen,1,McLaren,24,2014,19,9,9.0,55.0,10.0,0.0,161.0,5.0,0.0,0,11
926,825,Kevin Magnussen,1,McLaren,1,2015,1,17,18.0,0.0,99.0,0.0,0.0,99.0,0.0,0,17
948,825,Kevin Magnussen,4,Renault,1,2016,1,14,15.0,0.0,99.0,0.0,0.0,99.0,0.0,0,12
949,825,Kevin Magnussen,4,Renault,3,2016,2,22,19.0,0.0,12.0,0.0,0.0,8.0,0.0,0,11
950,825,Kevin Magnussen,4,Renault,17,2016,3,17,17.0,0.0,14.0,0.0,0.0,9.0,0.0,0,17
951,825,Kevin Magnussen,4,Renault,71,2016,4,17,17.0,0.0,14.0,0.0,0.0,9.0,0.0,0,7
952,825,Kevin Magnussen,4,Renault,4,2016,5,15,15.0,6.0,12.0,0.0,6.0,9.0,0.0,0,14
953,825,Kevin Magnussen,4,Renault,6,2016,6,16,16.0,6.0,14.0,0.0,6.0,9.0,0.0,0,19
955,825,Kevin Magnussen,4,Renault,73,2016,8,22,21.0,6.0,15.0,0.0,6.0,9.0,0.0,0,14
956,825,Kevin Magnussen,4,Renault,70,2016,9,17,17.0,6.0,15.0,0.0,6.0,9.0,0.0,0,14
957,825,Kevin Magnussen,4,Renault,9,2016,10,16,16.0,6.0,16.0,0.0,6.0,9.0,0.0,0,17
958,825,Kevin Magnussen,4,Renault,11,2016,11,19,19.0,6.0,16.0,0.0,6.0,9.0,0.0,0,15
959,825,Kevin Magnussen,4,Renault,10,2016,12,16,17.0,6.0,16.0,0.0,6.0,9.0,0.0,0,16
960,825,Kevin Magnussen,4,Renault,13,2016,13,12,12.0,6.0,16.0,0.0,6.0,9.0,0.0,0,18
961,825,Kevin Magnussen,4,Renault,14,2016,14,21,21.0,6.0,16.0,0.0,6.0,9.0,0.0,0,17
962,825,Kevin Magnussen,4,Renault,15,2016,15,15,17.0,6.0,16.0,0.0,6.0,9.0,0.0,0,10
963,825,Kevin Magnussen,4,Renault,2,2016,16,14,14.0,7.0,16.0,0.0,7.0,9.0,0.0,0,20
964,825,Kevin Magnussen,4,Renault,22,2016,17,17,18.0,7.0,16.0,0.0,8.0,9.0,0.0,0,14
965,825,Kevin Magnussen,4,Renault,69,2016,18,18,18.0,7.0,16.0,0.0,8.0,9.0,0.0,0,12
966,825,Kevin Magnussen,4,Renault,32,2016,19,14,14.0,7.0,16.0,0.0,8.0,9.0,0.0,0,17
967,825,Kevin Magnussen,4,Renault,18,2016,20,18,18.0,7.0,16.0,0.0,8.0,9.0,0.0,0,14
968,825,Kevin Magnussen,4,Renault,24,2016,21,18,18.0,7.0,16.0,0.0,8.0,9.0,0.0,0,22
969,825,Kevin Magnussen,210,Haas F1 Team,1,2017,1,17,17.0,0.0,99.0,0.0,0.0,99.0,0.0,0,15
970,825,Kevin Magnussen,210,Haas F1 Team,17,2017,2,12,12.0,0.0,15.0,0.0,0.0,10.0,0.0,0,8
971,825,Kevin Magnussen,210,Haas F1 Team,3,2017,3,20,20.0,4.0,10.0,0.0,4.0,7.0,0.0,0,19
972,825,Kevin Magnussen,210,Haas F1 Team,71,2017,4,13,14.0,4.0,11.0,0.0,8.0,7.0,0.0,0,13
973,825,Kevin Magnussen,210,Haas F1 Team,4,2017,5,11,11.0,4.0,13.0,0.0,8.0,7.0,0.0,0,14
974,825,Kevin Magnussen,210,Haas F1 Team,6,2017,6,11,13.0,4.0,14.0,0.0,9.0,8.0,0.0,0,10
975,825,Kevin Magnussen,210,Haas F1 Team,7,2017,7,18,18.0,5.0,13.0,0.0,14.0,8.0,0.0,0,12
976,825,Kevin Magnussen,210,Haas F1 Team,73,2017,8,12,13.0,5.0,13.0,0.0,15.0,8.0,0.0,0,7
977,825,Kevin Magnussen,210,Haas F1 Team,70,2017,9,15,15.0,11.0,13.0,0.0,21.0,7.0,0.0,0,18
978,825,Kevin Magnussen,210,Haas F1 Team,9,2017,10,16,17.0,11.0,14.0,0.0,29.0,7.0,0.0,0,12
979,825,Kevin Magnussen,210,Haas F1 Team,11,2017,11,15,16.0,11.0,14.0,0.0,29.0,7.0,0.0,0,13
980,825,Kevin Magnussen,210,Haas F1 Team,13,2017,12,12,13.0,11.0,14.0,0.0,29.0,7.0,0.0,0,15
981,825,Kevin Magnussen,210,Haas F1 Team,14,2017,13,9,16.0,11.0,14.0,0.0,35.0,7.0,0.0,0,11
982,825,Kevin Magnussen,210,Haas F1 Team,15,2017,14,16,16.0,11.0,14.0,0.0,35.0,7.0,0.0,0,13
983,825,Kevin Magnussen,210,Haas F1 Team,2,2017,15,17,17.0,11.0,14.0,0.0,37.0,8.0,0.0,0,12
984,825,Kevin Magnussen,210,Haas F1 Team,22,2017,16,12,13.0,11.0,15.0,0.0,37.0,8.0,0.0,0,8
985,825,Kevin Magnussen,210,Haas F1 Team,69,2017,17,17,20.0,15.0,14.0,0.0,43.0,7.0,0.0,0,16
986,825,Kevin Magnussen,210,Haas F1 Team,32,2017,18,14,18.0,15.0,14.0,0.0,43.0,8.0,0.0,0,8
987,825,Kevin Magnussen,210,Haas F1 Team,18,2017,19,13,14.0,19.0,14.0,0.0,47.0,8.0,0.0,0,20
988,825,Kevin Magnussen,210,Haas F1 Team,24,2017,20,14,14.0,19.0,14.0,0.0,47.0,8.0,0.0,0,13
989,825,Kevin Magnussen,210,Haas F1 Team,1,2018,1,5,6.0,0.0,99.0,0.0,0.0,99.0,0.0,0,17
990,825,Kevin Magnussen,210,Haas F1 Team,3,2018,2,6,7.0,0.0,17.0,0.0,0.0,10.0,0.0,0,5
991,825,Kevin Magnussen,210,Haas F1 Team,17,2018,3,11,11.0,10.0,9.0,0.0,10.0,7.0,0.0,0,10
992,825,Kevin Magnussen,210,Haas F1 Team,73,2018,4,15,15.0,11.0,10.0,0.0,11.0,7.0,0.0,0,13
993,825,Kevin Magnussen,210,Haas F1 Team,4,2018,5,7,7.0,11.0,12.0,0.0,11.0,8.0,0.0,0,6
994,825,Kevin Magnussen,210,Haas F1 Team,6,2018,6,19,19.0,19.0,9.0,0.0,19.0,6.0,0.0,0,13
995,825,Kevin Magnussen,210,Haas F1 Team,7,2018,7,11,11.0,19.0,10.0,0.0,19.0,8.0,0.0,0,13
996,825,Kevin Magnussen,210,Haas F1 Team,34,2018,8,9,9.0,19.0,10.0,0.0,19.0,8.0,0.0,0,6
997,825,Kevin Magnussen,210,Haas F1 Team,70,2018,9,8,8.0,27.0,10.0,0.0,27.0,7.0,0.0,0,5
998,825,Kevin Magnussen,210,Haas F1 Team,9,2018,10,7,7.0,37.0,7.0,0.0,49.0,5.0,0.0,0,9
999,825,Kevin Magnussen,210,Haas F1 Team,10,2018,11,5,5.0,39.0,9.0,0.0,51.0,5.0,0.0,0,11
1000,825,Kevin Magnussen,210,Haas F1 Team,11,2018,12,9,9.0,39.0,9.0,0.0,59.0,6.0,0.0,0,7
1001,825,Kevin Magnussen,210,Haas F1 Team,13,2018,13,9,9.0,45.0,8.0,0.0,66.0,5.0,0.0,0,8
1002,825,Kevin Magnussen,210,Haas F1 Team,14,2018,14,11,11.0,49.0,8.0,0.0,76.0,5.0,0.0,0,16
1003,825,Kevin Magnussen,210,Haas F1 Team,15,2018,15,16,16.0,49.0,8.0,0.0,76.0,5.0,0.0,0,18
1004,825,Kevin Magnussen,210,Haas F1 Team,71,2018,16,5,5.0,49.0,9.0,0.0,76.0,5.0,0.0,0,8
1005,825,Kevin Magnussen,210,Haas F1 Team,22,2018,17,12,12.0,53.0,7.0,0.0,80.0,5.0,0.0,0,20
1006,825,Kevin Magnussen,210,Haas F1 Team,69,2018,18,12,12.0,53.0,8.0,0.0,84.0,5.0,0.0,0,20
1007,825,Kevin Magnussen,210,Haas F1 Team,32,2018,19,16,18.0,53.0,9.0,0.0,84.0,5.0,0.0,0,15
1008,825,Kevin Magnussen,210,Haas F1 Team,18,2018,20,10,11.0,53.0,9.0,0.0,84.0,5.0,0.0,0,9
1009,825,Kevin Magnussen,210,Haas F1 Team,24,2018,21,13,13.0,55.0,9.0,0.0,90.0,5.0,0.0,0,10
1010,825,Kevin Magnussen,210,Haas F1 Team,1,2019,1,7,7.0,0.0,99.0,0.0,0.0,99.0,0.0,0,6
1011,825,Kevin Magnussen,210,Haas F1 Team,3,2019,2,6,6.0,8.0,6.0,0.0,8.0,4.0,0.0,0,13
1012,825,Kevin Magnussen,210,Haas F1 Team,17,2019,3,9,9.0,8.0,8.0,0.0,8.0,6.0,0.0,0,13
1013,825,Kevin Magnussen,210,Haas F1 Team,73,2019,4,12,13.0,8.0,9.0,0.0,8.0,6.0,0.0,0,13
1014,825,Kevin Magnussen,210,Haas F1 Team,4,2019,5,8,8.0,8.0,10.0,0.0,8.0,8.0,0.0,0,7
1015,825,Kevin Magnussen,210,Haas F1 Team,6,2019,6,5,6.0,14.0,7.0,0.0,15.0,6.0,0.0,0,14
1016,825,Kevin Magnussen,210,Haas F1 Team,7,2019,7,0,10.0,14.0,8.0,0.0,16.0,6.0,0.0,0,17
1017,825,Kevin Magnussen,210,Haas F1 Team,34,2019,8,15,15.0,14.0,9.0,0.0,16.0,8.0,0.0,0,17
1018,825,Kevin Magnussen,210,Haas F1 Team,70,2019,9,10,5.0,14.0,11.0,0.0,16.0,9.0,0.0,0,19
1019,825,Kevin Magnussen,210,Haas F1 Team,9,2019,10,16,16.0,14.0,12.0,0.0,16.0,9.0,0.0,0,20
1020,825,Kevin Magnussen,210,Haas F1 Team,10,2019,11,12,12.0,14.0,12.0,0.0,16.0,9.0,0.0,0,8
1021,825,Kevin Magnussen,210,Haas F1 Team,11,2019,12,14,15.0,18.0,13.0,0.0,26.0,8.0,0.0,0,13
1022,825,Kevin Magnussen,210,Haas F1 Team,13,2019,13,8,10.0,18.0,13.0,0.0,26.0,9.0,0.0,0,12
1023,825,Kevin Magnussen,210,Haas F1 Team,14,2019,14,11,12.0,18.0,16.0,0.0,26.0,9.0,0.0,0,18
1024,825,Kevin Magnussen,210,Haas F1 Team,15,2019,15,13,14.0,18.0,16.0,0.0,26.0,9.0,0.0,0,17
1025,825,Kevin Magnussen,210,Haas F1 Team,71,2019,16,13,14.0,18.0,16.0,0.0,26.0,9.0,0.0,0,9
1026,825,Kevin Magnussen,210,Haas F1 Team,22,2019,17,19,19.0,20.0,15.0,0.0,28.0,9.0,0.0,0,15
1027,825,Kevin Magnussen,210,Haas F1 Team,32,2019,18,17,17.0,20.0,16.0,0.0,28.0,9.0,0.0,0,15
1028,825,Kevin Magnussen,210,Haas F1 Team,69,2019,19,12,12.0,20.0,16.0,0.0,28.0,9.0,0.0,0,18
1029,825,Kevin Magnussen,210,Haas F1 Team,18,2019,20,9,10.0,20.0,16.0,0.0,28.0,9.0,0.0,0,11
1030,825,Kevin Magnussen,210,Haas F1 Team,24,2019,21,14,15.0,20.0,16.0,0.0,28.0,9.0,0.0,0,14
1031,825,Kevin Magnussen,210,Haas F1 Team,70,2020,1,16,16.0,0.0,99.0,0.0,0.0,99.0,0.0,0,17
1032,825,Kevin Magnussen,210,Haas F1 Team,70,2020,2,15,15.0,0.0,17.0,0.0,0.0,10.0,0.0,0,12
1033,825,Kevin Magnussen,210,Haas F1 Team,11,2020,3,0,16.0,0.0,18.0,0.0,0.0,10.0,0.0,0,10
1034,825,Kevin Magnussen,210,Haas F1 Team,9,2020,4,14,16.0,1.0,16.0,0.0,1.0,9.0,0.0,0,19
1035,825,Kevin Magnussen,210,Haas F1 Team,9,2020,5,17,17.0,1.0,16.0,0.0,1.0,9.0,0.0,0,20
1036,825,Kevin Magnussen,210,Haas F1 Team,4,2020,6,16,16.0,1.0,17.0,0.0,1.0,9.0,0.0,0,15
1037,825,Kevin Magnussen,210,Haas F1 Team,13,2020,7,20,20.0,1.0,17.0,0.0,1.0,9.0,0.0,0,17
1038,825,Kevin Magnussen,210,Haas F1 Team,14,2020,8,15,15.0,1.0,17.0,0.0,1.0,9.0,0.0,0,19
1039,825,Kevin Magnussen,210,Haas F1 Team,76,2020,9,20,20.0,1.0,17.0,0.0,1.0,9.0,0.0,0,16
1040,825,Kevin Magnussen,210,Haas F1 Team,71,2020,10,18,18.0,1.0,18.0,0.0,1.0,9.0,0.0,0,12
1041,825,Kevin Magnussen,210,Haas F1 Team,20,2020,11,15,15.0,1.0,18.0,0.0,1.0,9.0,0.0,0,13
1042,825,Kevin Magnussen,210,Haas F1 Team,75,2020,12,19,19.0,1.0,19.0,0.0,3.0,9.0,0.0,0,16
1043,825,Kevin Magnussen,210,Haas F1 Team,21,2020,13,17,17.0,1.0,19.0,0.0,3.0,9.0,0.0,0,18
1044,825,Kevin Magnussen,210,Haas F1 Team,5,2020,14,13,16.0,1.0,19.0,0.0,3.0,9.0,0.0,0,17
1045,825,Kevin Magnussen,210,Haas F1 Team,3,2020,15,18,18.0,1.0,19.0,0.0,3.0,9.0,0.0,0,17
1046,825,Kevin Magnussen,210,Haas F1 Team,3,2020,16,15,16.0,1.0,19.0,0.0,3.0,9.0,0.0,0,15
1047,825,Kevin Magnussen,210,Haas F1 Team,24,2020,17,20,17.0,1.0,20.0,0.0,3.0,9.0,0.0,0,18
1074,825,Kevin Magnussen,210,Haas F1 Team,3,2022,1,7,7.0,0.0,99.0,0.0,0.0,99.0,0.0,0,5
1075,825,Kevin Magnussen,210,Haas F1 Team,77,2022,2,10,10.0,10.0,5.0,0.0,10.0,3.0,0.0,0,9
1076,825,Kevin Magnussen,210,Haas F1 Team,1,2022,3,16,17.0,12.0,8.0,0.0,12.0,5.0,0.0,0,14
1077,825,Kevin Magnussen,210,Haas F1 Team,21,2022,4,8,4.0,12.0,9.0,0.0,12.0,7.0,0.0,0,9
1078,825,Kevin Magnussen,210,Haas F1 Team,79,2022,5,16,16.0,15.0,10.0,0.0,15.0,8.0,0.0,0,16
1079,825,Kevin Magnussen,210,Haas F1 Team,4,2022,6,8,8.0,15.0,10.0,0.0,15.0,8.0,0.0,0,17
1080,825,Kevin Magnussen,210,Haas F1 Team,6,2022,7,13,13.0,15.0,10.0,0.0,15.0,8.0,0.0,0,20
1081,825,Kevin Magnussen,210,Haas F1 Team,73,2022,8,16,16.0,15.0,10.0,0.0,15.0,8.0,0.0,0,17
1082,825,Kevin Magnussen,210,Haas F1 Team,7,2022,9,5,5.0,15.0,12.0,0.0,15.0,8.0,0.0,0,17
1083,825,Kevin Magnussen,210,Haas F1 Team,9,2022,10,17,17.0,15.0,12.0,0.0,15.0,9.0,0.0,0,10
1084,825,Kevin Magnussen,210,Haas F1 Team,70,2022,11,7,6.0,16.0,12.0,0.0,20.0,8.0,0.0,0,8
1085,825,Kevin Magnussen,210,Haas F1 Team,34,2022,12,20,10.0,22.0,11.0,0.0,34.0,7.0,0.0,0,18
1086,825,Kevin Magnussen,210,Haas F1 Team,11,2022,13,13,13.0,22.0,11.0,0.0,34.0,7.0,0.0,0,16
1087,825,Kevin Magnussen,210,Haas F1 Team,13,2022,14,12,18.0,22.0,11.0,0.0,34.0,7.0,0.0,0,16
1088,825,Kevin Magnussen,210,Haas F1 Team,39,2022,15,18,18.0,22.0,11.0,0.0,34.0,7.0,0.0,0,15
1089,825,Kevin Magnussen,210,Haas F1 Team,14,2022,16,16,19.0,22.0,11.0,0.0,34.0,7.0,0.0,0,16
1091,825,Kevin Magnussen,210,Haas F1 Team,15,2022,17,9,9.0,22.0,12.0,0.0,34.0,7.0,0.0,0,12
1092,825,Kevin Magnussen,210,Haas F1 Team,22,2022,18,18,18.0,22.0,14.0,0.0,34.0,8.0,0.0,0,14
1093,825,Kevin Magnussen,210,Haas F1 Team,69,2022,19,13,16.0,22.0,14.0,0.0,34.0,8.0,0.0,0,9
1094,825,Kevin Magnussen,210,Haas F1 Team,32,2022,20,19,15.0,24.0,13.0,0.0,36.0,8.0,0.0,0,17
1095,825,Kevin Magnussen,210,Haas F1 Team,18,2022,21,8,1.0,24.0,13.0,0.0,36.0,8.0,0.0,0,19
1096,825,Kevin Magnussen,210,Haas F1 Team,24,2022,22,16,16.0,25.0,13.0,0.0,37.0,8.0,0.0,0,17
1098,825,Kevin Magnussen,210,Haas F1 Team,3,2023,1,17,17.0,0.0,99.0,0.0,0.0,99.0,0.0,0,13
1099,825,Kevin Magnussen,210,Haas F1 Team,77,2023,2,13,13.0,0.0,13.0,0.0,0.0,9.0,0.0,0,10
1100,825,Kevin Magnussen,210,Haas F1 Team,1,2023,3,14,14.0,1.0,12.0,0.0,1.0,7.0,0.0,0,17
1101,825,Kevin Magnussen,210,Haas F1 Team,73,2023,4,16,18.0,1.0,17.0,0.0,7.0,7.0,0.0,0,13
1102,825,Kevin Magnussen,210,Haas F1 Team,79,2023,5,4,4.0,1.0,18.0,0.0,7.0,7.0,0.0,0,10
1104,825,Kevin Magnussen,210,Haas F1 Team,6,2023,6,17,17.0,2.0,17.0,0.0,8.0,7.0,0.0,0,19
1105,825,Kevin Magnussen,210,Haas F1 Team,4,2023,7,17,17.0,2.0,17.0,0.0,8.0,7.0,0.0,0,18
1106,825,Kevin Magnussen,210,Haas F1 Team,7,2023,8,13,14.0,2.0,17.0,0.0,8.0,7.0,0.0,0,17
1107,825,Kevin Magnussen,210,Haas F1 Team,70,2023,9,0,19.0,2.0,18.0,0.0,8.0,8.0,0.0,0,18
1108,825,Kevin Magnussen,210,Haas F1 Team,9,2023,10,19,20.0,2.0,18.0,0.0,11.0,7.0,0.0,0,19
1109,825,Kevin Magnussen,210,Haas F1 Team,11,2023,11,19,19.0,2.0,18.0,0.0,11.0,8.0,0.0,0,17
1110,825,Kevin Magnussen,210,Haas F1 Team,13,2023,12,16,13.0,2.0,18.0,0.0,11.0,8.0,0.0,0,15
1111,825,Kevin Magnussen,210,Haas F1 Team,39,2023,13,0,18.0,2.0,18.0,0.0,11.0,8.0,0.0,0,16
1112,825,Kevin Magnussen,210,Haas F1 Team,14,2023,14,19,19.0,2.0,18.0,0.0,11.0,8.0,0.0,0,18
1113,825,Kevin Magnussen,210,Haas F1 Team,15,2023,15,6,6.0,2.0,18.0,0.0,11.0,8.0,0.0,0,10
1114,825,Kevin Magnussen,210,Haas F1 Team,22,2023,16,15,15.0,3.0,18.0,0.0,12.0,8.0,0.0,0,15
1115,825,Kevin Magnussen,210,Haas F1 Team,78,2023,17,18,19.0,3.0,18.0,0.0,12.0,8.0,0.0,0,14
1116,825,Kevin Magnussen,210,Haas F1 Team,69,2023,18,0,14.0,3.0,18.0,0.0,12.0,9.0,0.0,0,14
1117,825,Kevin Magnussen,210,Haas F1 Team,32,2023,19,16,17.0,3.0,18.0,0.0,12.0,9.0,0.0,0,19
1118,825,Kevin Magnussen,210,Haas F1 Team,18,2023,20,12,14.0,3.0,19.0,0.0,12.0,10.0,0.0,0,18
1119,825,Kevin Magnussen,210,Haas F1 Team,80,2023,21,8,9.0,3.0,19.0,0.0,12.0,10.0,0.0,0,13
1120,825,Kevin Magnussen,210,Haas F1 Team,24,2023,22,17,17.0,3.0,19.0,0.0,12.0,10.0,0.0,0,20
1121,825,Kevin Magnussen,210,Haas F1 Team,3,2024,1,15,15.0,0.0,99.0,0.0,0.0,99.0,0.0,0,12
1122,825,Kevin Magnussen,210,Haas F1 Team,77,2024,2,13,13.0,0.0,12.0,0.0,0.0,7.0,0.0,0,12
1123,825,Kevin Magnussen,210,Haas F1 Team,1,2024,3,14,14.0,0.0,15.0,0.0,1.0,6.0,0.0,0,10
1124,825,Kevin Magnussen,210,Haas F1 Team,22,2024,4,18,18.0,1.0,14.0,0.0,4.0,7.0,0.0,0,13
1125,825,Kevin Magnussen,210,Haas F1 Team,17,2024,5,17,17.0,1.0,14.0,0.0,4.0,7.0,0.0,0,16
1126,825,Kevin Magnussen,210,Haas F1 Team,79,2024,6,18,19.0,1.0,14.0,0.0,5.0,7.0,0.0,0,19
1127,825,Kevin Magnussen,210,Haas F1 Team,21,2024,7,18,18.0,1.0,16.0,0.0,7.0,7.0,0.0,0,12
1128,825,Kevin Magnussen,210,Haas F1 Team,6,2024,8,20,15.0,1.0,16.0,0.0,7.0,7.0,0.0,0,20
1129,825,Kevin Magnussen,210,Haas F1 Team,7,2024,9,14,14.0,1.0,17.0,0.0,7.0,7.0,0.0,0,12
1130,825,Kevin Magnussen,210,Haas F1 Team,4,2024,10,16,16.0,1.0,18.0,0.0,7.0,7.0,0.0,0,17
1131,825,Kevin Magnussen,210,Haas F1 Team,70,2024,11,12,12.0,1.0,18.0,0.0,7.0,8.0,0.0,0,8
1132,825,Kevin Magnussen,210,Haas F1 Team,9,2024,12,17,17.0,5.0,16.0,0.0,19.0,7.0,0.0,0,12
1133,825,Kevin Magnussen,210,Haas F1 Team,11,2024,13,15,15.0,5.0,16.0,0.0,27.0,7.0,0.0,0,15
1134,825,Kevin Magnussen,210,Haas F1 Team,13,2024,14,17,17.0,5.0,16.0,0.0,27.0,7.0,0.0,0,14
1135,825,Kevin Magnussen,210,Haas F1 Team,39,2024,15,0,14.0,5.0,16.0,0.0,27.0,7.0,0.0,0,18
1136,825,Kevin Magnussen,210,Haas F1 Team,14,2024,16,13,13.0,5.0,16.0,0.0,27.0,7.0,0.0,0,10
1138,825,Kevin Magnussen,210,Haas F1 Team,15,2024,18,14,14.0,6.0,16.0,0.0,29.0,7.0,0.0,0,19
1139,825,Kevin Magnussen,210,Haas F1 Team,69,2024,19,8,9.0,6.0,17.0,0.0,31.0,7.0,0.0,0,11
1140,825,Kevin Magnussen,210,Haas F1 Team,32,2024,20,7,7.0,8.0,15.0,0.0,38.0,6.0,0.0,0,7
1142,825,Kevin Magnussen,210,Haas F1 Team,80,2024,22,12,12.0,14.0,13.0,0.0,46.0,7.0,0.0,0,12
1143,825,Kevin Magnussen,210,Haas F1 Team,78,2024,23,10,10.0,14.0,15.0,0.0,50.0,6.0,0.0,0,9
1144,825,Kevin Magnussen,210,Haas F1 Team,24,2024,24,14,15.0,16.0,15.0,0.0,54.0,7.0,0.0,0,16
900,826,Daniil Kvyat,5,Toro Rosso,1,2014,1,8,8.0,0.0,99.0,0.0,0.0,99.0,0.0,0,9
901,826,Daniil Kvyat,5,Toro Rosso,2,2014,2,11,11.0,2.0,9.0,0.0,6.0,6.0,0.0,0,10
902,826,Daniil Kvyat,5,Toro Rosso,3,2014,3,12,13.0,3.0,12.0,0.0,7.0,7.0,0.0,0,11
903,826,Daniil Kvyat,5,Toro Rosso,17,2014,4,13,13.0,3.0,14.0,0.0,7.0,7.0,0.0,0,10
904,826,Daniil Kvyat,5,Toro Rosso,4,2014,5,12,13.0,4.0,14.0,0.0,8.0,7.0,0.0,0,14
905,826,Daniil Kvyat,5,Toro Rosso,6,2014,6,9,9.0,4.0,15.0,0.0,8.0,7.0,0.0,0,19
906,826,Daniil Kvyat,5,Toro Rosso,7,2014,7,15,15.0,4.0,15.0,0.0,8.0,8.0,0.0,0,16
907,826,Daniil Kvyat,5,Toro Rosso,70,2014,8,7,7.0,4.0,15.0,0.0,12.0,7.0,0.0,0,22
908,826,Daniil Kvyat,5,Toro Rosso,9,2014,9,9,9.0,4.0,15.0,0.0,12.0,7.0,0.0,0,9
909,826,Daniil Kvyat,5,Toro Rosso,10,2014,10,8,8.0,6.0,15.0,0.0,15.0,7.0,0.0,0,20
910,826,Daniil Kvyat,5,Toro Rosso,11,2014,11,10,11.0,6.0,15.0,0.0,15.0,7.0,0.0,0,14
911,826,Daniil Kvyat,5,Toro Rosso,13,2014,12,11,11.0,6.0,15.0,0.0,17.0,7.0,0.0,0,9
912,826,Daniil Kvyat,5,Toro Rosso,14,2014,13,21,11.0,8.0,15.0,0.0,19.0,7.0,0.0,0,11
913,826,Daniil Kvyat,5,Toro Rosso,15,2014,14,10,10.0,8.0,15.0,0.0,19.0,7.0,0.0,0,14
914,826,Daniil Kvyat,5,Toro Rosso,22,2014,15,12,13.0,8.0,15.0,0.0,27.0,7.0,0.0,0,11
915,826,Daniil Kvyat,5,Toro Rosso,71,2014,16,5,5.0,8.0,15.0,0.0,29.0,7.0,0.0,0,14
916,826,Daniil Kvyat,5,Toro Rosso,69,2014,17,17,14.0,8.0,15.0,0.0,29.0,7.0,0.0,0,15
917,826,Daniil Kvyat,5,Toro Rosso,18,2014,18,17,14.0,8.0,15.0,0.0,30.0,7.0,0.0,0,11
918,826,Daniil Kvyat,5,Toro Rosso,24,2014,19,5,5.0,8.0,15.0,0.0,30.0,7.0,0.0,0,20
926,826,Daniil Kvyat,9,Red Bull,1,2015,1,12,13.0,0.0,99.0,0.0,0.0,99.0,0.0,0,16
927,826,Daniil Kvyat,9,Red Bull,2,2015,2,5,5.0,0.0,16.0,0.0,8.0,5.0,0.0,0,9
928,826,Daniil Kvyat,9,Red Bull,17,2015,3,12,12.0,2.0,13.0,0.0,11.0,6.0,0.0,0,19
929,826,Daniil Kvyat,9,Red Bull,3,2015,4,17,17.0,2.0,14.0,0.0,13.0,5.0,0.0,0,9
930,826,Daniil Kvyat,9,Red Bull,4,2015,5,8,8.0,4.0,15.0,0.0,23.0,4.0,0.0,0,10
931,826,Daniil Kvyat,9,Red Bull,6,2015,6,5,5.0,5.0,15.0,0.0,30.0,4.0,0.0,0,4
932,826,Daniil Kvyat,9,Red Bull,7,2015,7,8,8.0,17.0,8.0,0.0,52.0,4.0,0.0,0,9
933,826,Daniil Kvyat,9,Red Bull,70,2015,8,15,8.0,19.0,8.0,0.0,54.0,4.0,0.0,0,12
934,826,Daniil Kvyat,9,Red Bull,9,2015,9,7,7.0,19.0,8.0,0.0,55.0,4.0,0.0,0,6
936,826,Daniil Kvyat,9,Red Bull,11,2015,10,7,7.0,27.0,8.0,0.0,63.0,4.0,0.0,1,2
937,826,Daniil Kvyat,9,Red Bull,13,2015,11,12,12.0,45.0,8.0,0.0,96.0,4.0,0.0,0,4
938,826,Daniil Kvyat,9,Red Bull,14,2015,12,18,14.0,57.0,7.0,0.0,108.0,4.0,0.0,0,10
939,826,Daniil Kvyat,9,Red Bull,15,2015,13,4,4.0,58.0,7.0,0.0,113.0,4.0,0.0,0,6
940,826,Daniil Kvyat,9,Red Bull,22,2015,14,20,10.0,66.0,8.0,0.0,139.0,4.0,0.0,0,13
941,826,Daniil Kvyat,9,Red Bull,71,2015,15,11,11.0,66.0,8.0,0.0,139.0,4.0,0.0,0,5
942,826,Daniil Kvyat,9,Red Bull,69,2015,16,4,4.0,76.0,7.0,0.0,149.0,4.0,0.0,0,13
943,826,Daniil Kvyat,9,Red Bull,32,2015,17,4,4.0,76.0,7.0,0.0,150.0,4.0,0.0,0,4
944,826,Daniil Kvyat,9,Red Bull,18,2015,18,6,7.0,88.0,7.0,0.0,172.0,4.0,0.0,0,7
945,826,Daniil Kvyat,9,Red Bull,24,2015,19,9,9.0,94.0,7.0,0.0,178.0,4.0,0.0,0,10
948,826,Daniil Kvyat,9,Red Bull,1,2016,1,18,18.0,0.0,99.0,0.0,0.0,99.0,0.0,0,22
949,826,Daniil Kvyat,9,Red Bull,3,2016,2,15,15.0,0.0,22.0,0.0,12.0,4.0,0.0,0,7
950,826,Daniil Kvyat,9,Red Bull,17,2016,3,6,6.0,6.0,10.0,0.0,30.0,3.0,0.0,1,3
951,826,Daniil Kvyat,9,Red Bull,71,2016,4,8,8.0,21.0,7.0,0.0,57.0,3.0,0.0,0,15
952,826,Daniil Kvyat,5,Toro Rosso,4,2016,5,13,13.0,21.0,8.0,0.0,17.0,6.0,0.0,0,10
953,826,Daniil Kvyat,5,Toro Rosso,6,2016,6,8,9.0,22.0,9.0,0.0,26.0,5.0,0.0,0,20
954,826,Daniil Kvyat,5,Toro Rosso,7,2016,7,15,13.0,22.0,10.0,0.0,30.0,6.0,0.0,0,12
955,826,Daniil Kvyat,5,Toro Rosso,73,2016,8,6,7.0,22.0,10.0,0.0,32.0,6.0,0.0,0,22
956,826,Daniil Kvyat,5,Toro Rosso,70,2016,9,0,20.0,22.0,10.0,0.0,32.0,6.0,0.0,0,22
957,826,Daniil Kvyat,5,Toro Rosso,9,2016,10,15,15.0,22.0,11.0,0.0,36.0,6.0,0.0,0,10
958,826,Daniil Kvyat,5,Toro Rosso,11,2016,11,12,12.0,23.0,13.0,0.0,41.0,6.0,0.0,0,16
959,826,Daniil Kvyat,5,Toro Rosso,10,2016,12,18,19.0,23.0,14.0,0.0,45.0,6.0,0.0,0,15
960,826,Daniil Kvyat,5,Toro Rosso,13,2016,13,19,19.0,23.0,14.0,0.0,45.0,6.0,0.0,0,14
961,826,Daniil Kvyat,5,Toro Rosso,14,2016,14,16,17.0,23.0,14.0,0.0,45.0,7.0,0.0,0,19
962,826,Daniil Kvyat,5,Toro Rosso,15,2016,15,7,7.0,23.0,14.0,0.0,45.0,7.0,0.0,0,9
963,826,Daniil Kvyat,5,Toro Rosso,2,2016,16,15,15.0,25.0,14.0,0.0,47.0,7.0,0.0,0,14
964,826,Daniil Kvyat,5,Toro Rosso,22,2016,17,13,13.0,25.0,14.0,0.0,47.0,7.0,0.0,0,13
965,826,Daniil Kvyat,5,Toro Rosso,69,2016,18,13,13.0,25.0,14.0,0.0,47.0,7.0,0.0,0,11
966,826,Daniil Kvyat,5,Toro Rosso,32,2016,19,18,18.0,25.0,14.0,0.0,55.0,7.0,0.0,0,18
967,826,Daniil Kvyat,5,Toro Rosso,18,2016,20,14,14.0,25.0,14.0,0.0,55.0,7.0,0.0,0,13
968,826,Daniil Kvyat,5,Toro Rosso,24,2016,21,17,17.0,25.0,14.0,0.0,63.0,7.0,0.0,0,19
969,826,Daniil Kvyat,5,Toro Rosso,1,2017,1,9,9.0,0.0,99.0,0.0,0.0,99.0,0.0,0,9
970,826,Daniil Kvyat,5,Toro Rosso,17,2017,2,9,9.0,2.0,9.0,0.0,6.0,6.0,0.0,0,17
971,826,Daniil Kvyat,5,Toro Rosso,3,2017,3,11,11.0,2.0,11.0,0.0,12.0,4.0,0.0,0,12
972,826,Daniil Kvyat,5,Toro Rosso,71,2017,4,12,13.0,2.0,14.0,0.0,12.0,6.0,0.0,0,12
973,826,Daniil Kvyat,5,Toro Rosso,4,2017,5,19,20.0,2.0,14.0,0.0,13.0,6.0,0.0,0,9
974,826,Daniil Kvyat,5,Toro Rosso,6,2017,6,9,11.0,4.0,15.0,0.0,21.0,5.0,0.0,0,14
975,826,Daniil Kvyat,5,Toro Rosso,7,2017,7,11,11.0,4.0,15.0,0.0,29.0,5.0,0.0,0,17
976,826,Daniil Kvyat,5,Toro Rosso,73,2017,8,11,11.0,4.0,15.0,0.0,29.0,5.0,0.0,0,19
977,826,Daniil Kvyat,5,Toro Rosso,70,2017,9,14,14.0,4.0,16.0,0.0,33.0,6.0,0.0,0,16
978,826,Daniil Kvyat,5,Toro Rosso,9,2017,10,12,12.0,4.0,16.0,0.0,33.0,6.0,0.0,0,15
979,826,Daniil Kvyat,5,Toro Rosso,11,2017,11,16,13.0,4.0,16.0,0.0,33.0,6.0,0.0,0,11
980,826,Daniil Kvyat,5,Toro Rosso,13,2017,12,19,17.0,4.0,17.0,0.0,39.0,6.0,0.0,0,12
981,826,Daniil Kvyat,5,Toro Rosso,14,2017,13,8,14.0,4.0,17.0,0.0,40.0,6.0,0.0,0,12
982,826,Daniil Kvyat,5,Toro Rosso,15,2017,14,13,13.0,4.0,17.0,0.0,40.0,6.0,0.0,0,16
985,826,Daniil Kvyat,5,Toro Rosso,69,2017,17,11,12.0,4.0,19.0,0.0,52.0,6.0,0.0,0,10
1010,826,Daniil Kvyat,5,Toro Rosso,1,2019,1,15,15.0,0.0,99.0,0.0,0.0,99.0,0.0,0,10
1011,826,Daniil Kvyat,5,Toro Rosso,3,2019,2,15,15.0,1.0,10.0,0.0,1.0,8.0,0.0,0,12
1012,826,Daniil Kvyat,5,Toro Rosso,17,2019,3,11,11.0,1.0,13.0,0.0,3.0,8.0,0.0,0,19
1013,826,Daniil Kvyat,5,Toro Rosso,73,2019,4,6,6.0,1.0,15.0,0.0,4.0,9.0,0.0,0,19
1014,826,Daniil Kvyat,5,Toro Rosso,4,2019,5,9,9.0,1.0,16.0,0.0,4.0,9.0,0.0,0,9
1015,826,Daniil Kvyat,5,Toro Rosso,6,2019,6,7,8.0,3.0,16.0,0.0,6.0,9.0,0.0,0,7
1016,826,Daniil Kvyat,5,Toro Rosso,7,2019,7,10,12.0,9.0,12.0,0.0,16.0,7.0,0.0,0,10
1017,826,Daniil Kvyat,5,Toro Rosso,34,2019,8,19,16.0,10.0,14.0,0.0,17.0,7.0,0.0,0,14
1018,826,Daniil Kvyat,5,Toro Rosso,70,2019,9,16,18.0,10.0,14.0,0.0,17.0,8.0,0.0,0,17
1019,826,Daniil Kvyat,5,Toro Rosso,9,2019,10,17,17.0,10.0,14.0,0.0,17.0,8.0,0.0,0,9
1020,826,Daniil Kvyat,5,Toro Rosso,10,2019,11,14,14.0,12.0,14.0,0.0,19.0,8.0,0.0,1,3
1021,826,Daniil Kvyat,5,Toro Rosso,11,2019,12,13,13.0,27.0,8.0,0.0,42.0,5.0,0.0,0,15
1022,826,Daniil Kvyat,5,Toro Rosso,13,2019,13,19,18.0,27.0,9.0,0.0,43.0,5.0,0.0,0,7
1023,826,Daniil Kvyat,5,Toro Rosso,14,2019,14,12,13.0,33.0,8.0,0.0,51.0,5.0,0.0,0,19
1024,826,Daniil Kvyat,5,Toro Rosso,15,2019,15,14,15.0,33.0,10.0,0.0,51.0,6.0,0.0,0,15
1025,826,Daniil Kvyat,5,Toro Rosso,71,2019,16,19,20.0,33.0,10.0,0.0,55.0,6.0,0.0,0,12
1026,826,Daniil Kvyat,5,Toro Rosso,22,2019,17,14,14.0,33.0,12.0,0.0,55.0,6.0,0.0,0,10
1027,826,Daniil Kvyat,5,Toro Rosso,32,2019,18,9,9.0,34.0,11.0,0.0,62.0,6.0,0.0,0,11
1028,826,Daniil Kvyat,5,Toro Rosso,69,2019,19,13,13.0,34.0,13.0,0.0,64.0,6.0,0.0,0,12
1029,826,Daniil Kvyat,5,Toro Rosso,18,2019,20,16,16.0,34.0,13.0,0.0,64.0,7.0,0.0,0,10
1030,826,Daniil Kvyat,5,Toro Rosso,24,2019,21,13,14.0,35.0,14.0,0.0,83.0,6.0,0.0,0,9
1031,826,Daniil Kvyat,213,AlphaTauri,70,2020,1,13,13.0,0.0,99.0,0.0,0.0,99.0,0.0,0,12
1032,826,Daniil Kvyat,213,AlphaTauri,70,2020,2,13,14.0,0.0,12.0,0.0,6.0,5.0,0.0,0,10
1033,826,Daniil Kvyat,213,AlphaTauri,11,2020,3,17,17.0,1.0,14.0,0.0,7.0,7.0,0.0,0,12
1034,826,Daniil Kvyat,213,AlphaTauri,9,2020,4,19,14.0,1.0,15.0,0.0,7.0,7.0,0.0,0,18
1035,826,Daniil Kvyat,213,AlphaTauri,9,2020,5,16,16.0,1.0,15.0,0.0,13.0,7.0,0.0,0,10
1036,826,Daniil Kvyat,213,AlphaTauri,4,2020,6,12,12.0,2.0,16.0,0.0,14.0,7.0,0.0,0,12
1037,826,Daniil Kvyat,213,AlphaTauri,13,2020,7,11,11.0,2.0,16.0,0.0,16.0,7.0,0.0,0,11
1038,826,Daniil Kvyat,213,AlphaTauri,14,2020,8,11,11.0,2.0,16.0,0.0,20.0,7.0,0.0,0,9
1039,826,Daniil Kvyat,213,AlphaTauri,76,2020,9,12,12.0,4.0,15.0,0.0,47.0,7.0,1.0,0,7
1040,826,Daniil Kvyat,213,AlphaTauri,71,2020,10,11,12.0,10.0,14.0,0.0,53.0,7.0,1.0,0,8
1041,826,Daniil Kvyat,213,AlphaTauri,20,2020,11,13,13.0,14.0,14.0,0.0,59.0,7.0,1.0,0,15
1042,826,Daniil Kvyat,213,AlphaTauri,75,2020,12,13,13.0,14.0,14.0,0.0,67.0,7.0,1.0,0,19
1043,826,Daniil Kvyat,213,AlphaTauri,21,2020,13,8,8.0,14.0,14.0,0.0,77.0,7.0,1.0,0,4
1044,826,Daniil Kvyat,213,AlphaTauri,5,2020,14,16,17.0,26.0,13.0,0.0,89.0,7.0,1.0,0,12
1045,826,Daniil Kvyat,213,AlphaTauri,3,2020,15,10,10.0,26.0,14.0,0.0,89.0,7.0,1.0,0,11
1046,826,Daniil Kvyat,213,AlphaTauri,3,2020,16,6,6.0,26.0,14.0,0.0,97.0,7.0,1.0,0,7
1047,826,Daniil Kvyat,213,AlphaTauri,24,2020,17,7,7.0,32.0,14.0,0.0,103.0,7.0,1.0,0,11
911,827,André Lotterer,207,Caterham,13,2014,12,21,21.0,0.0,99.0,0.0,0.0,11.0,0.0,0,22
900,828,Marcus Ericsson,207,Caterham,1,2014,1,19,20.0,0.0,99.0,0.0,0.0,99.0,0.0,0,17
901,828,Marcus Ericsson,207,Caterham,2,2014,2,22,22.0,0.0,17.0,0.0,0.0,10.0,0.0,0,14
902,828,Marcus Ericsson,207,Caterham,3,2014,3,20,21.0,0.0,19.0,0.0,0.0,10.0,0.0,0,20
903,828,Marcus Ericsson,207,Caterham,17,2014,4,20,20.0,0.0,21.0,0.0,0.0,11.0,0.0,0,20
904,828,Marcus Ericsson,207,Caterham,4,2014,5,19,20.0,0.0,21.0,0.0,0.0,11.0,0.0,0,20
905,828,Marcus Ericsson,207,Caterham,6,2014,6,22,22.0,0.0,21.0,0.0,0.0,11.0,0.0,0,11
906,828,Marcus Ericsson,207,Caterham,7,2014,7,20,21.0,0.0,17.0,0.0,0.0,11.0,0.0,0,20
907,828,Marcus Ericsson,207,Caterham,70,2014,8,20,22.0,0.0,18.0,0.0,0.0,11.0,0.0,0,18
908,828,Marcus Ericsson,207,Caterham,9,2014,9,21,21.0,0.0,18.0,0.0,0.0,11.0,0.0,0,19
909,828,Marcus Ericsson,207,Caterham,10,2014,10,22,22.0,0.0,18.0,0.0,0.0,11.0,0.0,0,18
910,828,Marcus Ericsson,207,Caterham,11,2014,11,19,20.0,0.0,18.0,0.0,0.0,11.0,0.0,0,22
911,828,Marcus Ericsson,207,Caterham,13,2014,12,22,22.0,0.0,18.0,0.0,0.0,11.0,0.0,0,17
912,828,Marcus Ericsson,207,Caterham,14,2014,13,22,22.0,0.0,18.0,0.0,0.0,11.0,0.0,0,20
913,828,Marcus Ericsson,207,Caterham,15,2014,14,22,22.0,0.0,18.0,0.0,0.0,11.0,0.0,0,15
914,828,Marcus Ericsson,207,Caterham,22,2014,15,17,19.0,0.0,18.0,0.0,0.0,11.0,0.0,0,17
915,828,Marcus Ericsson,207,Caterham,71,2014,16,16,17.0,0.0,18.0,0.0,0.0,11.0,0.0,0,19
926,828,Marcus Ericsson,15,Sauber,1,2015,1,15,16.0,0.0,99.0,0.0,0.0,99.0,0.0,0,8
927,828,Marcus Ericsson,15,Sauber,2,2015,2,9,10.0,4.0,8.0,0.0,14.0,3.0,0.0,0,19
928,828,Marcus Ericsson,15,Sauber,17,2015,3,10,10.0,4.0,12.0,0.0,14.0,4.0,0.0,0,10
929,828,Marcus Ericsson,15,Sauber,3,2015,4,13,13.0,5.0,13.0,0.0,19.0,4.0,0.0,0,14
930,828,Marcus Ericsson,15,Sauber,4,2015,5,16,16.0,5.0,14.0,0.0,19.0,5.0,0.0,0,14
931,828,Marcus Ericsson,15,Sauber,6,2015,6,17,18.0,5.0,14.0,0.0,19.0,5.0,0.0,0,13
932,828,Marcus Ericsson,15,Sauber,7,2015,7,12,13.0,5.0,15.0,0.0,21.0,5.0,0.0,0,14
933,828,Marcus Ericsson,15,Sauber,70,2015,8,11,12.0,5.0,16.0,0.0,21.0,6.0,0.0,0,13
934,828,Marcus Ericsson,15,Sauber,9,2015,9,15,15.0,5.0,16.0,0.0,21.0,7.0,0.0,0,11
936,828,Marcus Ericsson,15,Sauber,11,2015,10,17,17.0,5.0,16.0,0.0,21.0,7.0,0.0,0,10
937,828,Marcus Ericsson,15,Sauber,13,2015,11,13,13.0,6.0,18.0,0.0,22.0,8.0,0.0,0,10
938,828,Marcus Ericsson,15,Sauber,14,2015,12,12,10.0,7.0,17.0,0.0,23.0,8.0,0.0,0,9
939,828,Marcus Ericsson,15,Sauber,15,2015,13,17,17.0,9.0,17.0,0.0,25.0,8.0,0.0,0,11
940,828,Marcus Ericsson,15,Sauber,22,2015,14,15,17.0,9.0,17.0,0.0,26.0,8.0,0.0,0,14
941,828,Marcus Ericsson,15,Sauber,71,2015,15,17,17.0,9.0,17.0,0.0,26.0,8.0,0.0,0,20
942,828,Marcus Ericsson,15,Sauber,69,2015,16,14,16.0,9.0,17.0,0.0,34.0,8.0,0.0,0,15
943,828,Marcus Ericsson,15,Sauber,32,2015,17,14,14.0,9.0,18.0,0.0,36.0,8.0,0.0,0,12
944,828,Marcus Ericsson,15,Sauber,18,2015,18,12,14.0,9.0,18.0,0.0,36.0,8.0,0.0,0,16
945,828,Marcus Ericsson,15,Sauber,24,2015,19,17,18.0,9.0,18.0,0.0,36.0,8.0,0.0,0,14
948,828,Marcus Ericsson,15,Sauber,1,2016,1,15,16.0,0.0,99.0,0.0,0.0,99.0,0.0,0,17
949,828,Marcus Ericsson,15,Sauber,3,2016,2,17,17.0,0.0,17.0,0.0,0.0,10.0,0.0,0,12
950,828,Marcus Ericsson,15,Sauber,17,2016,3,15,15.0,0.0,16.0,0.0,0.0,10.0,0.0,0,16
951,828,Marcus Ericsson,15,Sauber,71,2016,4,22,22.0,0.0,17.0,0.0,0.0,10.0,0.0,0,14
952,828,Marcus Ericsson,15,Sauber,4,2016,5,19,19.0,0.0,19.0,0.0,0.0,10.0,0.0,0,12
953,828,Marcus Ericsson,15,Sauber,6,2016,6,17,17.0,0.0,20.0,0.0,0.0,10.0,0.0,0,16
954,828,Marcus Ericsson,15,Sauber,7,2016,7,21,19.0,0.0,20.0,0.0,0.0,10.0,0.0,0,15
955,828,Marcus Ericsson,15,Sauber,73,2016,8,20,20.0,0.0,20.0,0.0,0.0,10.0,0.0,0,17
956,828,Marcus Ericsson,15,Sauber,70,2016,9,18,21.0,0.0,20.0,0.0,0.0,10.0,0.0,0,15
958,828,Marcus Ericsson,15,Sauber,11,2016,11,22,20.0,0.0,21.0,0.0,0.0,11.0,0.0,0,20
959,828,Marcus Ericsson,15,Sauber,10,2016,12,22,22.0,0.0,21.0,0.0,0.0,11.0,0.0,0,18
960,828,Marcus Ericsson,15,Sauber,13,2016,13,20,20.0,0.0,21.0,0.0,0.0,11.0,0.0,0,19
961,828,Marcus Ericsson,15,Sauber,14,2016,14,19,19.0,0.0,21.0,0.0,0.0,11.0,0.0,0,16
962,828,Marcus Ericsson,15,Sauber,15,2016,15,14,16.0,0.0,21.0,0.0,0.0,11.0,0.0,0,17
963,828,Marcus Ericsson,15,Sauber,2,2016,16,17,17.0,0.0,21.0,0.0,0.0,11.0,0.0,0,12
964,828,Marcus Ericsson,15,Sauber,22,2016,17,18,19.0,0.0,21.0,0.0,0.0,11.0,0.0,0,15
965,828,Marcus Ericsson,15,Sauber,69,2016,18,16,16.0,0.0,21.0,0.0,0.0,11.0,0.0,0,14
966,828,Marcus Ericsson,15,Sauber,32,2016,19,15,15.0,0.0,21.0,0.0,0.0,11.0,0.0,0,11
967,828,Marcus Ericsson,15,Sauber,18,2016,20,20,21.0,0.0,21.0,0.0,0.0,11.0,0.0,0,21
968,828,Marcus Ericsson,15,Sauber,24,2016,21,22,22.0,0.0,22.0,0.0,2.0,10.0,0.0,0,15
969,828,Marcus Ericsson,15,Sauber,1,2017,1,14,15.0,0.0,99.0,0.0,0.0,99.0,0.0,0,18
970,828,Marcus Ericsson,15,Sauber,17,2017,2,14,14.0,0.0,18.0,0.0,0.0,8.0,0.0,0,15
971,828,Marcus Ericsson,15,Sauber,3,2017,3,19,19.0,0.0,18.0,0.0,0.0,9.0,0.0,0,15
972,828,Marcus Ericsson,15,Sauber,71,2017,4,18,19.0,0.0,20.0,0.0,0.0,9.0,0.0,0,15
973,828,Marcus Ericsson,15,Sauber,4,2017,5,16,16.0,0.0,21.0,0.0,0.0,9.0,0.0,0,11
974,828,Marcus Ericsson,15,Sauber,6,2017,6,19,20.0,0.0,16.0,0.0,4.0,9.0,0.0,0,17
975,828,Marcus Ericsson,15,Sauber,7,2017,7,19,19.0,0.0,17.0,0.0,4.0,9.0,0.0,0,13
976,828,Marcus Ericsson,15,Sauber,73,2017,8,17,18.0,0.0,18.0,0.0,4.0,9.0,0.0,0,11
977,828,Marcus Ericsson,15,Sauber,70,2017,9,19,19.0,0.0,19.0,0.0,5.0,9.0,0.0,0,15
978,828,Marcus Ericsson,15,Sauber,9,2017,10,18,19.0,0.0,19.0,0.0,5.0,9.0,0.0,0,14
979,828,Marcus Ericsson,15,Sauber,11,2017,11,20,20.0,0.0,19.0,0.0,5.0,9.0,0.0,0,16
980,828,Marcus Ericsson,15,Sauber,13,2017,12,17,19.0,0.0,20.0,0.0,5.0,10.0,0.0,0,16
981,828,Marcus Ericsson,15,Sauber,14,2017,13,11,18.0,0.0,20.0,0.0,5.0,10.0,0.0,0,18
982,828,Marcus Ericsson,15,Sauber,15,2017,14,20,20.0,0.0,20.0,0.0,5.0,10.0,0.0,0,15
983,828,Marcus Ericsson,15,Sauber,2,2017,15,19,19.0,0.0,20.0,0.0,5.0,10.0,0.0,0,18
984,828,Marcus Ericsson,15,Sauber,22,2017,16,16,19.0,0.0,20.0,0.0,5.0,10.0,0.0,0,18
985,828,Marcus Ericsson,15,Sauber,69,2017,17,13,16.0,0.0,20.0,0.0,5.0,10.0,0.0,0,15
986,828,Marcus Ericsson,15,Sauber,32,2017,18,12,16.0,0.0,20.0,0.0,5.0,10.0,0.0,0,17
987,828,Marcus Ericsson,15,Sauber,18,2017,19,17,19.0,0.0,20.0,0.0,5.0,10.0,0.0,0,13
988,828,Marcus Ericsson,15,Sauber,24,2017,20,19,19.0,0.0,20.0,0.0,5.0,10.0,0.0,0,17
989,828,Marcus Ericsson,15,Sauber,1,2018,1,17,17.0,0.0,99.0,0.0,0.0,99.0,0.0,0,19
990,828,Marcus Ericsson,15,Sauber,3,2018,2,17,17.0,0.0,19.0,0.0,0.0,7.0,0.0,0,9
991,828,Marcus Ericsson,15,Sauber,17,2018,3,20,20.0,2.0,12.0,0.0,2.0,8.0,0.0,0,16
992,828,Marcus Ericsson,15,Sauber,73,2018,4,18,18.0,2.0,13.0,0.0,2.0,8.0,0.0,0,11
993,828,Marcus Ericsson,15,Sauber,4,2018,5,17,17.0,2.0,16.0,0.0,10.0,9.0,0.0,0,13
994,828,Marcus Ericsson,15,Sauber,6,2018,6,16,17.0,2.0,16.0,0.0,11.0,9.0,0.0,0,11
995,828,Marcus Ericsson,15,Sauber,7,2018,7,19,19.0,2.0,17.0,0.0,11.0,9.0,0.0,0,15
996,828,Marcus Ericsson,15,Sauber,34,2018,8,15,15.0,2.0,17.0,0.0,12.0,9.0,0.0,0,13
997,828,Marcus Ericsson,15,Sauber,70,2018,9,20,20.0,2.0,17.0,0.0,13.0,9.0,0.0,0,10
998,828,Marcus Ericsson,15,Sauber,9,2018,10,15,15.0,3.0,18.0,0.0,16.0,9.0,0.0,0,18
999,828,Marcus Ericsson,15,Sauber,10,2018,11,13,13.0,3.0,18.0,0.0,16.0,9.0,0.0,0,9
1000,828,Marcus Ericsson,15,Sauber,11,2018,12,14,14.0,5.0,17.0,0.0,18.0,9.0,0.0,0,15
1001,828,Marcus Ericsson,15,Sauber,13,2018,13,13,14.0,5.0,17.0,0.0,18.0,9.0,0.0,0,10
1002,828,Marcus Ericsson,15,Sauber,14,2018,14,18,19.0,6.0,17.0,0.0,19.0,8.0,0.0,0,15
1003,828,Marcus Ericsson,15,Sauber,15,2018,15,14,14.0,6.0,18.0,0.0,19.0,9.0,0.0,0,11
1004,828,Marcus Ericsson,15,Sauber,71,2018,16,10,10.0,6.0,18.0,0.0,21.0,9.0,0.0,0,13
1005,828,Marcus Ericsson,15,Sauber,22,2018,17,20,20.0,6.0,18.0,0.0,27.0,9.0,0.0,0,12
1006,828,Marcus Ericsson,15,Sauber,69,2018,18,16,19.0,6.0,18.0,0.0,27.0,9.0,0.0,0,10
1007,828,Marcus Ericsson,15,Sauber,32,2018,19,10,10.0,7.0,17.0,0.0,28.0,9.0,0.0,0,9
1008,828,Marcus Ericsson,15,Sauber,18,2018,20,6,7.0,9.0,17.0,0.0,36.0,8.0,0.0,0,20
1009,828,Marcus Ericsson,15,Sauber,24,2018,21,12,12.0,9.0,17.0,0.0,42.0,8.0,0.0,0,18
918,829,Will Stevens,207,Caterham,24,2014,19,17,18.0,0.0,99.0,0.0,0.0,11.0,0.0,0,17
928,829,Will Stevens,209,Manor Marussia,17,2015,3,19,19.0,0.0,21.0,0.0,0.0,10.0,0.0,0,15
929,829,Will Stevens,209,Manor Marussia,3,2015,4,18,18.0,0.0,19.0,0.0,0.0,10.0,0.0,0,16
930,829,Will Stevens,209,Manor Marussia,4,2015,5,19,19.0,0.0,19.0,0.0,0.0,10.0,0.0,0,17
931,829,Will Stevens,209,Manor Marussia,6,2015,6,18,19.0,0.0,19.0,0.0,0.0,10.0,0.0,0,17
932,829,Will Stevens,209,Manor Marussia,7,2015,7,17,19.0,0.0,19.0,0.0,0.0,10.0,0.0,0,17
933,829,Will Stevens,209,Manor Marussia,70,2015,8,17,20.0,0.0,20.0,0.0,0.0,10.0,0.0,0,18
934,829,Will Stevens,209,Manor Marussia,9,2015,9,19,19.0,0.0,20.0,0.0,0.0,10.0,0.0,0,13
936,829,Will Stevens,209,Manor Marussia,11,2015,10,20,20.0,0.0,20.0,0.0,0.0,10.0,0.0,0,16
938,829,Will Stevens,209,Manor Marussia,14,2015,12,13,18.0,0.0,20.0,0.0,0.0,10.0,0.0,0,15
939,829,Will Stevens,209,Manor Marussia,15,2015,13,19,19.0,0.0,20.0,0.0,0.0,10.0,0.0,0,15
940,829,Will Stevens,209,Manor Marussia,22,2015,14,18,19.0,0.0,20.0,0.0,0.0,10.0,0.0,0,19
945,829,Will Stevens,209,Manor Marussia,24,2015,19,19,19.0,0.0,21.0,0.0,0.0,10.0,0.0,0,18
926,830,Max Verstappen,5,Toro Rosso,1,2015,1,11,12.0,0.0,99.0,0.0,0.0,99.0,0.0,0,13
927,830,Max Verstappen,5,Toro Rosso,2,2015,2,6,6.0,0.0,13.0,0.0,2.0,7.0,0.0,0,7
928,830,Max Verstappen,5,Toro Rosso,17,2015,3,13,13.0,6.0,10.0,0.0,12.0,5.0,0.0,0,17
929,830,Max Verstappen,5,Toro Rosso,3,2015,4,15,15.0,6.0,11.0,0.0,12.0,6.0,0.0,0,18
930,830,Max Verstappen,5,Toro Rosso,4,2015,5,6,6.0,6.0,11.0,0.0,12.0,7.0,0.0,0,11
931,830,Max Verstappen,5,Toro Rosso,6,2015,6,9,10.0,6.0,11.0,0.0,14.0,7.0,0.0,0,18
932,830,Max Verstappen,5,Toro Rosso,7,2015,7,19,12.0,6.0,14.0,0.0,15.0,8.0,0.0,0,15
933,830,Max Verstappen,5,Toro Rosso,70,2015,8,7,7.0,6.0,14.0,0.0,15.0,8.0,0.0,0,8
934,830,Max Verstappen,5,Toro Rosso,9,2015,9,13,13.0,10.0,14.0,0.0,19.0,8.0,0.0,0,16
936,830,Max Verstappen,5,Toro Rosso,11,2015,10,9,9.0,10.0,14.0,0.0,19.0,8.0,0.0,0,4
937,830,Max Verstappen,5,Toro Rosso,13,2015,11,18,15.0,22.0,11.0,0.0,31.0,7.0,0.0,0,8
938,830,Max Verstappen,5,Toro Rosso,14,2015,12,20,20.0,26.0,10.0,0.0,35.0,7.0,0.0,0,12
939,830,Max Verstappen,5,Toro Rosso,15,2015,13,8,8.0,26.0,12.0,0.0,35.0,7.0,0.0,0,8
940,830,Max Verstappen,5,Toro Rosso,22,2015,14,17,15.0,30.0,11.0,0.0,41.0,7.0,0.0,0,9
941,830,Max Verstappen,5,Toro Rosso,71,2015,15,9,9.0,32.0,12.0,0.0,44.0,7.0,0.0,0,10
942,830,Max Verstappen,5,Toro Rosso,69,2015,16,8,10.0,33.0,12.0,0.0,45.0,7.0,0.0,0,4
943,830,Max Verstappen,5,Toro Rosso,32,2015,17,8,8.0,45.0,10.0,0.0,63.0,7.0,0.0,0,9
944,830,Max Verstappen,5,Toro Rosso,18,2015,18,9,10.0,47.0,10.0,0.0,65.0,7.0,0.0,0,9
945,830,Max Verstappen,5,Toro Rosso,24,2015,19,11,11.0,49.0,12.0,0.0,67.0,7.0,0.0,0,16
948,830,Max Verstappen,5,Toro Rosso,1,2016,1,5,5.0,0.0,99.0,0.0,0.0,99.0,0.0,0,10
949,830,Max Verstappen,5,Toro Rosso,3,2016,2,10,10.0,1.0,10.0,0.0,3.0,7.0,0.0,0,6
950,830,Max Verstappen,5,Toro Rosso,17,2016,3,9,9.0,9.0,8.0,0.0,11.0,6.0,0.0,0,8
951,830,Max Verstappen,5,Toro Rosso,71,2016,4,9,9.0,13.0,9.0,0.0,17.0,6.0,0.0,0,19
952,830,Max Verstappen,9,Red Bull,4,2016,5,4,4.0,13.0,10.0,0.0,57.0,3.0,0.0,1,1
953,830,Max Verstappen,9,Red Bull,6,2016,6,0,21.0,38.0,6.0,1.0,94.0,3.0,1.0,0,18
954,830,Max Verstappen,9,Red Bull,7,2016,7,5,5.0,38.0,6.0,1.0,112.0,3.0,1.0,0,4
955,830,Max Verstappen,9,Red Bull,73,2016,8,9,9.0,50.0,6.0,1.0,130.0,3.0,1.0,0,8
956,830,Max Verstappen,9,Red Bull,70,2016,9,8,9.0,54.0,6.0,1.0,140.0,3.0,1.0,1,2
957,830,Max Verstappen,9,Red Bull,9,2016,10,3,3.0,72.0,6.0,1.0,168.0,3.0,1.0,1,2
958,830,Max Verstappen,9,Red Bull,11,2016,11,4,4.0,90.0,6.0,1.0,198.0,3.0,1.0,0,5
959,830,Max Verstappen,9,Red Bull,10,2016,12,4,4.0,100.0,6.0,1.0,223.0,3.0,1.0,1,3
960,830,Max Verstappen,9,Red Bull,13,2016,13,2,2.0,115.0,6.0,1.0,256.0,2.0,1.0,0,11
961,830,Max Verstappen,9,Red Bull,14,2016,14,7,7.0,115.0,6.0,1.0,274.0,2.0,1.0,0,7
962,830,Max Verstappen,9,Red Bull,15,2016,15,4,4.0,121.0,6.0,1.0,290.0,2.0,1.0,0,6
963,830,Max Verstappen,9,Red Bull,2,2016,16,3,3.0,129.0,6.0,1.0,316.0,2.0,1.0,1,2
964,830,Max Verstappen,9,Red Bull,22,2016,17,3,5.0,147.0,6.0,1.0,359.0,2.0,2.0,1,2
965,830,Max Verstappen,9,Red Bull,69,2016,18,4,4.0,165.0,5.0,1.0,385.0,2.0,2.0,0,20
966,830,Max Verstappen,9,Red Bull,32,2016,19,3,3.0,165.0,6.0,1.0,400.0,2.0,2.0,0,4
967,830,Max Verstappen,9,Red Bull,18,2016,20,4,4.0,177.0,6.0,1.0,427.0,2.0,2.0,1,3
968,830,Max Verstappen,9,Red Bull,24,2016,21,6,6.0,192.0,5.0,1.0,446.0,2.0,2.0,0,4
969,830,Max Verstappen,9,Red Bull,1,2017,1,5,5.0,0.0,99.0,0.0,0.0,99.0,0.0,0,5
970,830,Max Verstappen,9,Red Bull,17,2017,2,16,19.0,10.0,5.0,0.0,10.0,3.0,0.0,1,3
971,830,Max Verstappen,9,Red Bull,3,2017,3,6,6.0,25.0,3.0,0.0,37.0,3.0,0.0,0,18
972,830,Max Verstappen,9,Red Bull,71,2017,4,7,7.0,25.0,5.0,0.0,47.0,3.0,0.0,0,5
973,830,Max Verstappen,9,Red Bull,4,2017,5,5,5.0,35.0,5.0,0.0,57.0,3.0,0.0,0,19
974,830,Max Verstappen,9,Red Bull,6,2017,6,4,4.0,35.0,6.0,0.0,72.0,3.0,0.0,0,5
975,830,Max Verstappen,9,Red Bull,7,2017,7,5,5.0,45.0,6.0,0.0,97.0,3.0,0.0,0,18
976,830,Max Verstappen,9,Red Bull,73,2017,8,5,5.0,45.0,6.0,0.0,112.0,3.0,0.0,0,18
977,830,Max Verstappen,9,Red Bull,70,2017,9,5,6.0,45.0,6.0,0.0,137.0,3.0,1.0,0,20
978,830,Max Verstappen,9,Red Bull,9,2017,10,4,5.0,45.0,7.0,0.0,152.0,3.0,1.0,0,4
979,830,Max Verstappen,9,Red Bull,11,2017,11,5,5.0,57.0,6.0,0.0,174.0,3.0,1.0,0,5
980,830,Max Verstappen,9,Red Bull,13,2017,12,5,5.0,67.0,6.0,0.0,184.0,3.0,1.0,0,19
981,830,Max Verstappen,9,Red Bull,14,2017,13,13,2.0,67.0,6.0,0.0,199.0,3.0,1.0,0,10
982,830,Max Verstappen,9,Red Bull,15,2017,14,2,2.0,68.0,6.0,0.0,212.0,3.0,1.0,0,19
983,830,Max Verstappen,9,Red Bull,2,2017,15,3,3.0,68.0,6.0,0.0,230.0,3.0,1.0,1,1
984,830,Max Verstappen,9,Red Bull,22,2017,16,4,5.0,93.0,6.0,1.0,270.0,3.0,2.0,1,2
985,830,Max Verstappen,9,Red Bull,69,2017,17,16,6.0,111.0,6.0,1.0,303.0,3.0,2.0,0,4
986,830,Max Verstappen,9,Red Bull,32,2017,18,2,2.0,123.0,6.0,1.0,315.0,3.0,2.0,1,1
987,830,Max Verstappen,9,Red Bull,18,2017,19,4,4.0,148.0,6.0,2.0,340.0,3.0,3.0,0,5
988,830,Max Verstappen,9,Red Bull,24,2017,20,6,6.0,158.0,6.0,2.0,358.0,3.0,3.0,0,5
989,830,Max Verstappen,9,Red Bull,1,2018,1,4,4.0,0.0,99.0,0.0,0.0,99.0,0.0,0,6
990,830,Max Verstappen,9,Red Bull,3,2018,2,15,15.0,8.0,6.0,0.0,20.0,3.0,0.0,0,19
991,830,Max Verstappen,9,Red Bull,17,2018,3,5,5.0,8.0,10.0,0.0,20.0,4.0,0.0,0,5
992,830,Max Verstappen,9,Red Bull,73,2018,4,5,5.0,18.0,8.0,0.0,55.0,3.0,1.0,0,16
993,830,Max Verstappen,9,Red Bull,4,2018,5,5,5.0,18.0,8.0,0.0,55.0,3.0,1.0,1,3
994,830,Max Verstappen,9,Red Bull,6,2018,6,20,20.0,33.0,6.0,0.0,80.0,3.0,1.0,0,9
995,830,Max Verstappen,9,Red Bull,7,2018,7,3,3.0,35.0,6.0,0.0,107.0,3.0,2.0,1,3
996,830,Max Verstappen,9,Red Bull,34,2018,8,4,4.0,50.0,6.0,0.0,134.0,3.0,2.0,1,2
997,830,Max Verstappen,9,Red Bull,70,2018,9,4,5.0,68.0,6.0,0.0,164.0,3.0,2.0,1,1
998,830,Max Verstappen,9,Red Bull,9,2018,10,5,5.0,93.0,5.0,1.0,189.0,3.0,3.0,0,15
999,830,Max Verstappen,9,Red Bull,10,2018,11,4,4.0,93.0,6.0,1.0,199.0,3.0,3.0,0,4
1000,830,Max Verstappen,9,Red Bull,11,2018,12,7,7.0,105.0,6.0,1.0,211.0,3.0,3.0,0,19
1001,830,Max Verstappen,9,Red Bull,13,2018,13,7,7.0,105.0,6.0,1.0,223.0,3.0,3.0,1,3
1002,830,Max Verstappen,9,Red Bull,14,2018,14,5,5.0,120.0,5.0,1.0,238.0,3.0,3.0,0,5
1003,830,Max Verstappen,9,Red Bull,15,2018,15,2,2.0,130.0,5.0,1.0,248.0,3.0,3.0,1,2
1004,830,Max Verstappen,9,Red Bull,71,2018,16,19,11.0,148.0,5.0,1.0,274.0,3.0,3.0,0,5
1005,830,Max Verstappen,9,Red Bull,22,2018,17,3,3.0,158.0,5.0,1.0,292.0,3.0,3.0,1,3
1006,830,Max Verstappen,9,Red Bull,69,2018,18,18,15.0,173.0,5.0,1.0,319.0,3.0,3.0,1,2
1007,830,Max Verstappen,9,Red Bull,32,2018,19,2,2.0,191.0,5.0,1.0,337.0,3.0,3.0,1,1
1008,830,Max Verstappen,9,Red Bull,18,2018,20,5,5.0,216.0,5.0,2.0,362.0,3.0,4.0,1,2
1009,830,Max Verstappen,9,Red Bull,24,2018,21,6,6.0,234.0,5.0,2.0,392.0,3.0,4.0,1,3
1010,830,Max Verstappen,9,Red Bull,1,2019,1,4,4.0,0.0,99.0,0.0,0.0,99.0,0.0,1,3
1011,830,Max Verstappen,9,Red Bull,3,2019,2,5,5.0,15.0,3.0,0.0,15.0,3.0,0.0,0,4
1012,830,Max Verstappen,9,Red Bull,17,2019,3,5,5.0,27.0,3.0,0.0,31.0,3.0,0.0,0,4
1013,830,Max Verstappen,9,Red Bull,73,2019,4,4,4.0,39.0,3.0,0.0,52.0,3.0,0.0,0,4
1014,830,Max Verstappen,9,Red Bull,4,2019,5,4,4.0,51.0,4.0,0.0,64.0,3.0,0.0,1,3
1015,830,Max Verstappen,9,Red Bull,6,2019,6,3,3.0,66.0,3.0,0.0,87.0,3.0,0.0,0,4
1016,830,Max Verstappen,9,Red Bull,7,2019,7,9,11.0,78.0,4.0,0.0,110.0,3.0,0.0,0,5
1017,830,Max Verstappen,9,Red Bull,34,2019,8,4,4.0,88.0,4.0,0.0,124.0,3.0,0.0,0,4
1018,830,Max Verstappen,9,Red Bull,70,2019,9,2,3.0,100.0,4.0,0.0,137.0,3.0,0.0,1,1
1019,830,Max Verstappen,9,Red Bull,9,2019,10,4,4.0,126.0,3.0,1.0,169.0,3.0,1.0,0,5
1020,830,Max Verstappen,9,Red Bull,10,2019,11,2,2.0,136.0,3.0,1.0,191.0,3.0,1.0,1,1
1021,830,Max Verstappen,9,Red Bull,11,2019,12,1,1.0,162.0,3.0,2.0,217.0,3.0,2.0,1,2
1022,830,Max Verstappen,9,Red Bull,13,2019,13,5,5.0,181.0,3.0,2.0,244.0,3.0,2.0,0,20
1023,830,Max Verstappen,9,Red Bull,14,2019,14,19,20.0,181.0,3.0,2.0,254.0,3.0,2.0,0,8
1024,830,Max Verstappen,9,Red Bull,15,2019,15,4,4.0,185.0,3.0,2.0,266.0,3.0,2.0,1,3
1025,830,Max Verstappen,9,Red Bull,71,2019,16,9,4.0,200.0,4.0,2.0,289.0,3.0,2.0,0,4
1026,830,Max Verstappen,9,Red Bull,22,2019,17,5,5.0,212.0,4.0,2.0,311.0,3.0,2.0,0,18
1027,830,Max Verstappen,9,Red Bull,32,2019,18,4,1.0,212.0,4.0,2.0,323.0,3.0,2.0,0,6
1028,830,Max Verstappen,9,Red Bull,69,2019,19,3,3.0,220.0,5.0,2.0,341.0,3.0,2.0,1,3
1029,830,Max Verstappen,9,Red Bull,18,2019,20,1,1.0,235.0,4.0,2.0,366.0,3.0,2.0,1,1
1030,830,Max Verstappen,9,Red Bull,24,2019,21,2,3.0,260.0,3.0,3.0,391.0,3.0,3.0,1,2
1031,830,Max Verstappen,9,Red Bull,70,2020,1,2,3.0,0.0,99.0,0.0,0.0,99.0,0.0,0,20
1032,830,Max Verstappen,9,Red Bull,70,2020,2,2,2.0,0.0,20.0,0.0,0.0,9.0,0.0,1,3
1033,830,Max Verstappen,9,Red Bull,11,2020,3,7,7.0,15.0,6.0,0.0,27.0,3.0,0.0,1,2
1034,830,Max Verstappen,9,Red Bull,9,2020,4,3,3.0,33.0,3.0,0.0,55.0,2.0,0.0,1,2
1035,830,Max Verstappen,9,Red Bull,9,2020,5,4,4.0,52.0,3.0,0.0,78.0,2.0,0.0,1,1
1036,830,Max Verstappen,9,Red Bull,4,2020,6,3,3.0,77.0,2.0,1.0,113.0,2.0,1.0,1,2
1037,830,Max Verstappen,9,Red Bull,13,2020,7,3,3.0,95.0,2.0,1.0,135.0,2.0,1.0,1,3
1038,830,Max Verstappen,9,Red Bull,14,2020,8,5,5.0,110.0,2.0,1.0,158.0,2.0,1.0,0,17
1039,830,Max Verstappen,9,Red Bull,76,2020,9,3,3.0,110.0,3.0,1.0,158.0,2.0,1.0,0,19
1040,830,Max Verstappen,9,Red Bull,71,2020,10,2,2.0,110.0,3.0,1.0,173.0,2.0,1.0,1,2
1041,830,Max Verstappen,9,Red Bull,20,2020,11,3,3.0,128.0,3.0,1.0,192.0,2.0,1.0,1,2
1042,830,Max Verstappen,9,Red Bull,75,2020,12,3,3.0,147.0,3.0,1.0,211.0,2.0,1.0,1,3
1043,830,Max Verstappen,9,Red Bull,21,2020,13,3,3.0,162.0,3.0,1.0,226.0,2.0,1.0,0,17
1044,830,Max Verstappen,9,Red Bull,5,2020,14,2,2.0,162.0,3.0,1.0,226.0,2.0,1.0,0,6
1045,830,Max Verstappen,9,Red Bull,3,2020,15,3,3.0,170.0,3.0,1.0,240.0,2.0,1.0,1,2
1046,830,Max Verstappen,9,Red Bull,3,2020,16,3,3.0,189.0,3.0,1.0,274.0,2.0,1.0,0,19
1047,830,Max Verstappen,9,Red Bull,24,2020,17,1,1.0,189.0,3.0,1.0,282.0,2.0,1.0,1,1
1052,830,Max Verstappen,9,Red Bull,3,2021,1,1,1.0,0.0,99.0,0.0,0.0,99.0,0.0,1,2
1053,830,Max Verstappen,9,Red Bull,21,2021,2,3,3.0,18.0,2.0,0.0,28.0,2.0,0.0,1,1
1054,830,Max Verstappen,9,Red Bull,75,2021,3,3,3.0,43.0,2.0,1.0,53.0,2.0,1.0,1,2
1055,830,Max Verstappen,9,Red Bull,4,2021,4,2,2.0,61.0,2.0,1.0,83.0,2.0,1.0,1,2
1056,830,Max Verstappen,9,Red Bull,6,2021,5,2,2.0,80.0,2.0,1.0,112.0,2.0,1.0,1,1
1057,830,Max Verstappen,9,Red Bull,73,2021,6,3,3.0,105.0,1.0,2.0,149.0,1.0,2.0,0,18
1059,830,Max Verstappen,9,Red Bull,34,2021,7,1,1.0,105.0,1.0,2.0,174.0,1.0,3.0,1,1
1058,830,Max Verstappen,9,Red Bull,70,2021,8,1,1.0,131.0,1.0,3.0,215.0,1.0,4.0,1,1
1060,830,Max Verstappen,9,Red Bull,70,2021,9,1,1.0,156.0,1.0,4.0,252.0,1.0,5.0,1,1
1061,830,Max Verstappen,9,Red Bull,9,2021,10,1,2.0,182.0,1.0,5.0,286.0,1.0,6.0,0,20
1062,830,Max Verstappen,9,Red Bull,11,2021,11,3,3.0,185.0,1.0,5.0,289.0,1.0,6.0,0,9
1063,830,Max Verstappen,9,Red Bull,13,2021,12,1,1.0,187.0,2.0,5.0,291.0,2.0,6.0,1,1
1064,830,Max Verstappen,9,Red Bull,39,2021,13,1,1.0,199.5,2.0,6.0,303.5,2.0,7.0,1,1
1065,830,Max Verstappen,9,Red Bull,14,2021,14,1,3.0,224.5,1.0,7.0,332.5,2.0,8.0,0,18
1066,830,Max Verstappen,9,Red Bull,71,2021,15,20,20.0,226.5,1.0,7.0,344.5,2.0,8.0,1,2
1067,830,Max Verstappen,9,Red Bull,5,2021,16,2,3.0,244.5,2.0,7.0,364.5,2.0,8.0,1,2
1069,830,Max Verstappen,9,Red Bull,69,2021,17,1,1.0,262.5,1.0,7.0,397.5,2.0,8.0,1,1
1070,830,Max Verstappen,9,Red Bull,32,2021,18,3,3.0,287.5,1.0,8.0,437.5,2.0,9.0,1,1
1071,830,Max Verstappen,9,Red Bull,18,2021,19,2,2.0,312.5,1.0,9.0,477.5,2.0,10.0,1,2
1051,830,Max Verstappen,9,Red Bull,78,2021,20,7,2.0,332.5,1.0,9.0,510.5,2.0,10.0,1,2
1072,830,Max Verstappen,9,Red Bull,77,2021,21,3,3.0,351.5,1.0,9.0,541.5,2.0,10.0,1,2
1073,830,Max Verstappen,9,Red Bull,24,2021,22,1,1.0,369.5,1.0,9.0,559.5,2.0,10.0,1,1
1074,830,Max Verstappen,9,Red Bull,3,2022,1,2,2.0,0.0,99.0,0.0,0.0,99.0,0.0,0,19
1075,830,Max Verstappen,9,Red Bull,77,2022,2,4,4.0,0.0,19.0,0.0,0.0,10.0,0.0,1,1
1076,830,Max Verstappen,9,Red Bull,1,2022,3,2,2.0,25.0,3.0,1.0,37.0,3.0,1.0,0,18
1077,830,Max Verstappen,9,Red Bull,21,2022,4,1,1.0,25.0,6.0,1.0,55.0,3.0,1.0,1,1
1078,830,Max Verstappen,9,Red Bull,79,2022,5,3,3.0,59.0,2.0,2.0,113.0,2.0,2.0,1,1
1079,830,Max Verstappen,9,Red Bull,4,2022,6,2,2.0,85.0,2.0,3.0,151.0,2.0,3.0,1,1
1080,830,Max Verstappen,9,Red Bull,6,2022,7,4,4.0,110.0,1.0,4.0,195.0,1.0,4.0,1,3
1081,830,Max Verstappen,9,Red Bull,73,2022,8,3,3.0,125.0,1.0,4.0,235.0,1.0,5.0,1,1
1082,830,Max Verstappen,9,Red Bull,7,2022,9,1,1.0,150.0,1.0,5.0,279.0,1.0,6.0,1,1
1083,830,Max Verstappen,9,Red Bull,9,2022,10,2,2.0,175.0,1.0,6.0,304.0,1.0,7.0,0,7
1084,830,Max Verstappen,9,Red Bull,70,2022,11,1,1.0,181.0,1.0,6.0,328.0,1.0,7.0,1,2
1085,830,Max Verstappen,9,Red Bull,34,2022,12,2,2.0,208.0,1.0,6.0,359.0,1.0,7.0,1,1
1086,830,Max Verstappen,9,Red Bull,11,2022,13,10,10.0,233.0,1.0,7.0,396.0,1.0,8.0,1,1
1087,830,Max Verstappen,9,Red Bull,13,2022,14,14,1.0,258.0,1.0,8.0,431.0,1.0,9.0,1,1
1088,830,Max Verstappen,9,Red Bull,39,2022,15,1,1.0,284.0,1.0,9.0,475.0,1.0,10.0,1,1
1089,830,Max Verstappen,9,Red Bull,14,2022,16,7,2.0,310.0,1.0,10.0,511.0,1.0,11.0,1,1
1091,830,Max Verstappen,9,Red Bull,15,2022,17,8,8.0,335.0,1.0,11.0,545.0,1.0,12.0,0,7
1092,830,Max Verstappen,9,Red Bull,22,2022,18,1,1.0,341.0,1.0,11.0,576.0,1.0,13.0,1,1
1093,830,Max Verstappen,9,Red Bull,69,2022,19,2,3.0,366.0,1.0,12.0,619.0,1.0,14.0,1,1
1094,830,Max Verstappen,9,Red Bull,32,2022,20,1,1.0,391.0,1.0,13.0,656.0,1.0,15.0,1,1
1095,830,Max Verstappen,9,Red Bull,18,2022,21,3,2.0,416.0,1.0,14.0,696.0,1.0,16.0,0,6
1096,830,Max Verstappen,9,Red Bull,24,2022,22,1,1.0,429.0,1.0,14.0,719.0,1.0,16.0,1,1
1098,830,Max Verstappen,9,Red Bull,3,2023,1,1,1.0,0.0,99.0,0.0,0.0,99.0,0.0,1,1
1099,830,Max Verstappen,9,Red Bull,77,2023,2,15,15.0,25.0,1.0,1.0,43.0,1.0,1.0,1,2
1100,830,Max Verstappen,9,Red Bull,1,2023,3,1,1.0,44.0,1.0,1.0,87.0,1.0,2.0,1,1
1101,830,Max Verstappen,9,Red Bull,73,2023,4,2,2.0,69.0,1.0,2.0,123.0,1.0,3.0,1,2
1102,830,Max Verstappen,9,Red Bull,79,2023,5,9,9.0,93.0,1.0,2.0,180.0,1.0,4.0,1,1
1104,830,Max Verstappen,9,Red Bull,6,2023,6,1,1.0,119.0,1.0,3.0,224.0,1.0,5.0,1,1
1105,830,Max Verstappen,9,Red Bull,4,2023,7,1,1.0,144.0,1.0,4.0,249.0,1.0,6.0,1,1
1106,830,Max Verstappen,9,Red Bull,7,2023,8,1,1.0,170.0,1.0,5.0,287.0,1.0,7.0,1,1
1107,830,Max Verstappen,9,Red Bull,70,2023,9,1,1.0,195.0,1.0,6.0,321.0,1.0,8.0,1,1
1108,830,Max Verstappen,9,Red Bull,9,2023,10,1,1.0,229.0,1.0,7.0,377.0,1.0,9.0,1,1
1109,830,Max Verstappen,9,Red Bull,11,2023,11,2,2.0,255.0,1.0,8.0,411.0,1.0,10.0,1,1
1110,830,Max Verstappen,9,Red Bull,13,2023,12,6,1.0,281.0,1.0,9.0,452.0,1.0,11.0,1,1
1111,830,Max Verstappen,9,Red Bull,39,2023,13,1,1.0,314.0,1.0,10.0,503.0,1.0,12.0,1,1
1112,830,Max Verstappen,9,Red Bull,14,2023,14,2,2.0,339.0,1.0,11.0,540.0,1.0,13.0,1,1
1113,830,Max Verstappen,9,Red Bull,15,2023,15,11,11.0,364.0,1.0,12.0,583.0,1.0,14.0,0,5
1114,830,Max Verstappen,9,Red Bull,22,2023,16,1,1.0,374.0,1.0,12.0,597.0,1.0,14.0,1,1
1115,830,Max Verstappen,9,Red Bull,78,2023,17,1,1.0,400.0,1.0,13.0,623.0,1.0,15.0,1,1
1116,830,Max Verstappen,9,Red Bull,69,2023,18,6,6.0,433.0,1.0,14.0,657.0,1.0,16.0,1,1
1117,830,Max Verstappen,9,Red Bull,32,2023,19,3,3.0,466.0,1.0,15.0,706.0,1.0,17.0,1,1
1118,830,Max Verstappen,9,Red Bull,18,2023,20,1,1.0,491.0,1.0,16.0,731.0,1.0,18.0,1,1
1119,830,Max Verstappen,9,Red Bull,80,2023,21,2,3.0,524.0,1.0,17.0,782.0,1.0,19.0,1,1
1120,830,Max Verstappen,9,Red Bull,24,2023,22,1,1.0,549.0,1.0,18.0,822.0,1.0,20.0,1,1
1121,830,Max Verstappen,9,Red Bull,3,2024,1,1,1.0,0.0,99.0,0.0,0.0,99.0,0.0,1,1
1122,830,Max Verstappen,9,Red Bull,77,2024,2,1,1.0,26.0,1.0,1.0,44.0,1.0,1.0,1,1
1123,830,Max Verstappen,9,Red Bull,1,2024,3,1,1.0,51.0,1.0,2.0,87.0,1.0,2.0,0,19
1124,830,Max Verstappen,9,Red Bull,22,2024,4,1,1.0,51.0,1.0,2.0,97.0,1.0,2.0,1,1
1125,830,Max Verstappen,9,Red Bull,17,2024,5,1,1.0,77.0,1.0,3.0,141.0,1.0,3.0,1,1
1126,830,Max Verstappen,9,Red Bull,79,2024,6,1,1.0,110.0,1.0,4.0,195.0,1.0,4.0,1,2
1127,830,Max Verstappen,9,Red Bull,21,2024,7,1,1.0,136.0,1.0,4.0,239.0,1.0,4.0,1,1
1128,830,Max Verstappen,9,Red Bull,6,2024,8,6,6.0,161.0,1.0,5.0,268.0,1.0,5.0,0,6
1129,830,Max Verstappen,9,Red Bull,7,2024,9,2,2.0,169.0,1.0,5.0,276.0,1.0,5.0,1,1
1130,830,Max Verstappen,9,Red Bull,4,2024,10,2,2.0,194.0,1.0,6.0,301.0,1.0,6.0,1,1
1131,830,Max Verstappen,9,Red Bull,70,2024,11,1,1.0,219.0,1.0,7.0,330.0,1.0,7.0,0,5
1132,830,Max Verstappen,9,Red Bull,9,2024,12,4,4.0,237.0,1.0,7.0,355.0,1.0,7.0,1,2
1133,830,Max Verstappen,9,Red Bull,11,2024,13,3,3.0,255.0,1.0,7.0,373.0,1.0,7.0,0,5
1134,830,Max Verstappen,9,Red Bull,13,2024,14,11,1.0,265.0,1.0,7.0,389.0,1.0,7.0,0,4
1135,830,Max Verstappen,9,Red Bull,39,2024,15,2,2.0,277.0,1.0,7.0,408.0,1.0,7.0,1,2
1136,830,Max Verstappen,9,Red Bull,14,2024,16,7,7.0,295.0,1.0,7.0,434.0,1.0,7.0,0,6
1137,830,Max Verstappen,9,Red Bull,73,2024,17,6,6.0,303.0,1.0,7.0,446.0,1.0,7.0,0,5
1138,830,Max Verstappen,9,Red Bull,15,2024,18,2,2.0,313.0,1.0,7.0,456.0,2.0,7.0,1,2
1139,830,Max Verstappen,9,Red Bull,69,2024,19,2,2.0,331.0,1.0,7.0,475.0,2.0,7.0,1,3
1140,830,Max Verstappen,9,Red Bull,32,2024,20,2,2.0,354.0,1.0,7.0,504.0,2.0,7.0,0,6
1141,830,Max Verstappen,9,Red Bull,18,2024,21,17,12.0,362.0,1.0,7.0,512.0,3.0,7.0,1,1
1142,830,Max Verstappen,9,Red Bull,80,2024,22,5,5.0,393.0,1.0,8.0,544.0,3.0,8.0,0,5
1143,830,Max Verstappen,9,Red Bull,78,2024,23,2,1.0,403.0,1.0,8.0,555.0,3.0,8.0,1,1
1144,830,Max Verstappen,9,Red Bull,24,2024,24,4,5.0,429.0,1.0,9.0,581.0,3.0,9.0,0,6
926,831,Felipe Nasr,15,Sauber,1,2015,1,10,11.0,0.0,99.0,0.0,0.0,99.0,0.0,0,5
927,831,Felipe Nasr,15,Sauber,2,2015,2,16,16.0,10.0,5.0,0.0,14.0,3.0,0.0,0,12
928,831,Felipe Nasr,15,Sauber,17,2015,3,9,9.0,10.0,6.0,0.0,14.0,4.0,0.0,0,8
929,831,Felipe Nasr,15,Sauber,3,2015,4,12,12.0,14.0,7.0,0.0,19.0,4.0,0.0,0,12
930,831,Felipe Nasr,15,Sauber,4,2015,5,15,15.0,14.0,8.0,0.0,19.0,5.0,0.0,0,12
931,831,Felipe Nasr,15,Sauber,6,2015,6,14,16.0,14.0,9.0,0.0,19.0,5.0,0.0,0,9
932,831,Felipe Nasr,15,Sauber,7,2015,7,14,15.0,16.0,9.0,0.0,21.0,5.0,0.0,0,16
933,831,Felipe Nasr,15,Sauber,70,2015,8,8,9.0,16.0,10.0,0.0,21.0,6.0,0.0,0,11
934,831,Felipe Nasr,15,Sauber,9,2015,9,16,16.0,16.0,11.0,0.0,21.0,7.0,0.0,0,20
936,831,Felipe Nasr,15,Sauber,11,2015,10,18,18.0,16.0,11.0,0.0,21.0,7.0,0.0,0,11
937,831,Felipe Nasr,15,Sauber,13,2015,11,14,16.0,16.0,12.0,0.0,22.0,8.0,0.0,0,11
938,831,Felipe Nasr,15,Sauber,14,2015,12,17,12.0,16.0,13.0,0.0,23.0,8.0,0.0,0,13
939,831,Felipe Nasr,15,Sauber,15,2015,13,16,16.0,16.0,13.0,0.0,25.0,8.0,0.0,0,10
940,831,Felipe Nasr,15,Sauber,22,2015,14,16,18.0,17.0,13.0,0.0,26.0,8.0,0.0,0,20
941,831,Felipe Nasr,15,Sauber,71,2015,15,12,12.0,17.0,13.0,0.0,26.0,8.0,0.0,0,6
942,831,Felipe Nasr,15,Sauber,69,2015,16,15,17.0,25.0,13.0,0.0,34.0,8.0,0.0,0,9
943,831,Felipe Nasr,15,Sauber,32,2015,17,15,17.0,27.0,13.0,0.0,36.0,8.0,0.0,0,17
944,831,Felipe Nasr,15,Sauber,18,2015,18,13,11.0,27.0,13.0,0.0,36.0,8.0,0.0,0,13
945,831,Felipe Nasr,15,Sauber,24,2015,19,14,14.0,27.0,13.0,0.0,36.0,8.0,0.0,0,15
948,831,Felipe Nasr,15,Sauber,1,2016,1,17,17.0,0.0,99.0,0.0,0.0,99.0,0.0,0,15
949,831,Felipe Nasr,15,Sauber,3,2016,2,21,22.0,0.0,15.0,0.0,0.0,10.0,0.0,0,14
950,831,Felipe Nasr,15,Sauber,17,2016,3,16,16.0,0.0,19.0,0.0,0.0,10.0,0.0,0,20
951,831,Felipe Nasr,15,Sauber,71,2016,4,19,19.0,0.0,21.0,0.0,0.0,10.0,0.0,0,16
952,831,Felipe Nasr,15,Sauber,4,2016,5,20,20.0,0.0,21.0,0.0,0.0,10.0,0.0,0,15
953,831,Felipe Nasr,15,Sauber,6,2016,6,0,22.0,0.0,22.0,0.0,0.0,10.0,0.0,0,17
954,831,Felipe Nasr,15,Sauber,7,2016,7,18,20.0,0.0,22.0,0.0,0.0,10.0,0.0,0,18
955,831,Felipe Nasr,15,Sauber,73,2016,8,15,16.0,0.0,22.0,0.0,0.0,10.0,0.0,0,12
956,831,Felipe Nasr,15,Sauber,70,2016,9,21,22.0,0.0,21.0,0.0,0.0,10.0,0.0,0,13
957,831,Felipe Nasr,15,Sauber,9,2016,10,21,21.0,0.0,22.0,0.0,0.0,11.0,0.0,0,15
958,831,Felipe Nasr,15,Sauber,11,2016,11,16,16.0,0.0,22.0,0.0,0.0,11.0,0.0,0,17
959,831,Felipe Nasr,15,Sauber,10,2016,12,21,21.0,0.0,22.0,0.0,0.0,11.0,0.0,0,21
960,831,Felipe Nasr,15,Sauber,13,2016,13,16,17.0,0.0,22.0,0.0,0.0,11.0,0.0,0,17
961,831,Felipe Nasr,15,Sauber,14,2016,14,18,18.0,0.0,22.0,0.0,0.0,11.0,0.0,0,22
962,831,Felipe Nasr,15,Sauber,15,2016,15,16,18.0,0.0,22.0,0.0,0.0,11.0,0.0,0,13
963,831,Felipe Nasr,15,Sauber,2,2016,16,18,18.0,0.0,22.0,0.0,0.0,11.0,0.0,0,17
964,831,Felipe Nasr,15,Sauber,22,2016,17,19,20.0,0.0,22.0,0.0,0.0,11.0,0.0,0,19
965,831,Felipe Nasr,15,Sauber,69,2016,18,21,21.0,0.0,22.0,0.0,0.0,11.0,0.0,0,15
966,831,Felipe Nasr,15,Sauber,32,2016,19,19,19.0,0.0,22.0,0.0,0.0,11.0,0.0,0,15
967,831,Felipe Nasr,15,Sauber,18,2016,20,21,22.0,0.0,22.0,0.0,0.0,11.0,0.0,0,9
968,831,Felipe Nasr,15,Sauber,24,2016,21,19,19.0,2.0,17.0,0.0,2.0,10.0,0.0,0,16
926,832,Carlos Sainz,5,Toro Rosso,1,2015,1,7,8.0,0.0,99.0,0.0,0.0,99.0,0.0,0,9
927,832,Carlos Sainz,5,Toro Rosso,2,2015,2,15,15.0,2.0,9.0,0.0,2.0,7.0,0.0,0,8
928,832,Carlos Sainz,5,Toro Rosso,17,2015,3,14,14.0,6.0,11.0,0.0,12.0,5.0,0.0,0,13
929,832,Carlos Sainz,5,Toro Rosso,3,2015,4,9,9.0,6.0,12.0,0.0,12.0,6.0,0.0,0,19
930,832,Carlos Sainz,5,Toro Rosso,4,2015,5,5,5.0,6.0,12.0,0.0,12.0,7.0,0.0,0,9
931,832,Carlos Sainz,5,Toro Rosso,6,2015,6,0,8.0,8.0,10.0,0.0,14.0,7.0,0.0,0,10
932,832,Carlos Sainz,5,Toro Rosso,7,2015,7,11,11.0,9.0,12.0,0.0,15.0,8.0,0.0,0,12
933,832,Carlos Sainz,5,Toro Rosso,70,2015,8,12,13.0,9.0,13.0,0.0,15.0,8.0,0.0,0,16
934,832,Carlos Sainz,5,Toro Rosso,9,2015,9,8,8.0,9.0,15.0,0.0,19.0,8.0,0.0,0,14
936,832,Carlos Sainz,5,Toro Rosso,11,2015,10,12,12.0,9.0,15.0,0.0,19.0,8.0,0.0,0,17
937,832,Carlos Sainz,5,Toro Rosso,13,2015,11,10,10.0,9.0,16.0,0.0,31.0,7.0,0.0,0,17
938,832,Carlos Sainz,5,Toro Rosso,14,2015,12,17,13.0,9.0,16.0,0.0,35.0,7.0,0.0,0,11
939,832,Carlos Sainz,5,Toro Rosso,15,2015,13,14,14.0,9.0,16.0,0.0,35.0,7.0,0.0,0,9
940,832,Carlos Sainz,5,Toro Rosso,22,2015,14,10,12.0,11.0,16.0,0.0,41.0,7.0,0.0,0,10
942,832,Carlos Sainz,5,Toro Rosso,69,2015,16,20,20.0,12.0,15.0,0.0,45.0,7.0,0.0,0,7
943,832,Carlos Sainz,5,Toro Rosso,32,2015,17,11,11.0,18.0,15.0,0.0,63.0,7.0,0.0,0,13
944,832,Carlos Sainz,5,Toro Rosso,18,2015,18,10,12.0,18.0,15.0,0.0,65.0,7.0,0.0,0,19
945,832,Carlos Sainz,5,Toro Rosso,24,2015,19,10,10.0,18.0,15.0,0.0,67.0,7.0,0.0,0,11
948,832,Carlos Sainz,5,Toro Rosso,1,2016,1,7,7.0,0.0,99.0,0.0,0.0,99.0,0.0,0,9
949,832,Carlos Sainz,5,Toro Rosso,3,2016,2,11,11.0,2.0,9.0,0.0,3.0,7.0,0.0,0,18
950,832,Carlos Sainz,5,Toro Rosso,17,2016,3,8,8.0,2.0,12.0,0.0,11.0,6.0,0.0,0,9
951,832,Carlos Sainz,5,Toro Rosso,71,2016,4,11,11.0,4.0,12.0,0.0,17.0,6.0,0.0,0,12
952,832,Carlos Sainz,5,Toro Rosso,4,2016,5,8,8.0,4.0,14.0,0.0,17.0,6.0,0.0,0,6
953,832,Carlos Sainz,5,Toro Rosso,6,2016,6,6,7.0,12.0,11.0,0.0,26.0,5.0,0.0,0,8
954,832,Carlos Sainz,5,Toro Rosso,7,2016,7,20,16.0,16.0,13.0,0.0,30.0,6.0,0.0,0,9
955,832,Carlos Sainz,5,Toro Rosso,73,2016,8,18,13.0,18.0,14.0,0.0,32.0,6.0,0.0,0,21
956,832,Carlos Sainz,5,Toro Rosso,70,2016,9,15,15.0,18.0,14.0,0.0,32.0,6.0,0.0,0,8
957,832,Carlos Sainz,5,Toro Rosso,9,2016,10,7,8.0,22.0,12.0,0.0,36.0,6.0,0.0,0,8
958,832,Carlos Sainz,5,Toro Rosso,11,2016,11,6,6.0,26.0,12.0,0.0,41.0,6.0,0.0,0,8
959,832,Carlos Sainz,5,Toro Rosso,10,2016,12,15,13.0,30.0,10.0,0.0,45.0,6.0,0.0,0,14
960,832,Carlos Sainz,5,Toro Rosso,13,2016,13,14,15.0,30.0,11.0,0.0,45.0,6.0,0.0,0,20
961,832,Carlos Sainz,5,Toro Rosso,14,2016,14,15,16.0,30.0,12.0,0.0,45.0,7.0,0.0,0,15
962,832,Carlos Sainz,5,Toro Rosso,15,2016,15,6,6.0,30.0,12.0,0.0,45.0,7.0,0.0,0,14
963,832,Carlos Sainz,5,Toro Rosso,2,2016,16,16,16.0,30.0,12.0,0.0,47.0,7.0,0.0,0,11
964,832,Carlos Sainz,5,Toro Rosso,22,2016,17,14,14.0,30.0,12.0,0.0,47.0,7.0,0.0,0,17
965,832,Carlos Sainz,5,Toro Rosso,69,2016,18,10,10.0,30.0,12.0,0.0,47.0,7.0,0.0,0,6
966,832,Carlos Sainz,5,Toro Rosso,32,2016,19,10,10.0,38.0,12.0,0.0,55.0,7.0,0.0,0,16
967,832,Carlos Sainz,5,Toro Rosso,18,2016,20,15,15.0,38.0,12.0,0.0,55.0,7.0,0.0,0,6
968,832,Carlos Sainz,5,Toro Rosso,24,2016,21,21,21.0,46.0,12.0,0.0,63.0,7.0,0.0,0,18
969,832,Carlos Sainz,5,Toro Rosso,1,2017,1,8,8.0,0.0,99.0,0.0,0.0,99.0,0.0,0,8
970,832,Carlos Sainz,5,Toro Rosso,17,2017,2,11,11.0,4.0,8.0,0.0,6.0,6.0,0.0,0,7
971,832,Carlos Sainz,5,Toro Rosso,3,2017,3,16,16.0,10.0,7.0,0.0,12.0,4.0,0.0,0,16
972,832,Carlos Sainz,5,Toro Rosso,71,2017,4,14,11.0,10.0,9.0,0.0,12.0,6.0,0.0,0,10
973,832,Carlos Sainz,5,Toro Rosso,4,2017,5,12,12.0,11.0,9.0,0.0,13.0,6.0,0.0,0,7
974,832,Carlos Sainz,5,Toro Rosso,6,2017,6,6,6.0,17.0,10.0,0.0,21.0,5.0,0.0,0,6
975,832,Carlos Sainz,5,Toro Rosso,7,2017,7,13,13.0,25.0,8.0,0.0,29.0,5.0,0.0,0,20
976,832,Carlos Sainz,5,Toro Rosso,73,2017,8,15,12.0,25.0,9.0,0.0,29.0,5.0,0.0,0,8
977,832,Carlos Sainz,5,Toro Rosso,70,2017,9,10,10.0,29.0,9.0,0.0,33.0,6.0,0.0,0,17
978,832,Carlos Sainz,5,Toro Rosso,9,2017,10,13,14.0,29.0,9.0,0.0,33.0,6.0,0.0,0,19
979,832,Carlos Sainz,5,Toro Rosso,11,2017,11,9,10.0,29.0,9.0,0.0,33.0,6.0,0.0,0,7
980,832,Carlos Sainz,5,Toro Rosso,13,2017,12,13,14.0,35.0,9.0,0.0,39.0,6.0,0.0,0,10
981,832,Carlos Sainz,5,Toro Rosso,14,2017,13,15,15.0,36.0,9.0,0.0,40.0,6.0,0.0,0,14
982,832,Carlos Sainz,5,Toro Rosso,15,2017,14,10,10.0,36.0,9.0,0.0,40.0,6.0,0.0,0,4
983,832,Carlos Sainz,5,Toro Rosso,2,2017,15,14,14.0,48.0,9.0,0.0,52.0,6.0,0.0,0,19
984,832,Carlos Sainz,5,Toro Rosso,22,2017,16,19,15.0,48.0,9.0,0.0,52.0,6.0,0.0,0,20
985,832,Carlos Sainz,4,Renault,69,2017,17,7,8.0,48.0,9.0,0.0,42.0,8.0,0.0,0,7
986,832,Carlos Sainz,4,Renault,32,2017,18,8,9.0,54.0,9.0,0.0,48.0,7.0,0.0,0,16
987,832,Carlos Sainz,4,Renault,18,2017,19,8,9.0,54.0,9.0,0.0,48.0,7.0,0.0,0,11
988,832,Carlos Sainz,4,Renault,24,2017,20,12,12.0,54.0,9.0,0.0,49.0,7.0,0.0,0,19
989,832,Carlos Sainz,4,Renault,1,2018,1,9,9.0,0.0,99.0,0.0,0.0,99.0,0.0,0,10
990,832,Carlos Sainz,4,Renault,3,2018,2,10,10.0,1.0,10.0,0.0,7.0,5.0,0.0,0,11
991,832,Carlos Sainz,4,Renault,17,2018,3,9,9.0,1.0,13.0,0.0,15.0,5.0,0.0,0,9
992,832,Carlos Sainz,4,Renault,73,2018,4,9,10.0,3.0,12.0,0.0,25.0,5.0,0.0,0,5
993,832,Carlos Sainz,4,Renault,4,2018,5,9,9.0,13.0,10.0,0.0,35.0,5.0,0.0,0,7
994,832,Carlos Sainz,4,Renault,6,2018,6,8,8.0,19.0,10.0,0.0,41.0,4.0,0.0,0,10
995,832,Carlos Sainz,4,Renault,7,2018,7,9,9.0,20.0,9.0,0.0,46.0,4.0,0.0,0,8
996,832,Carlos Sainz,4,Renault,34,2018,8,7,7.0,24.0,9.0,0.0,56.0,4.0,0.0,0,8
997,832,Carlos Sainz,4,Renault,70,2018,9,9,9.0,28.0,9.0,0.0,62.0,4.0,0.0,0,12
998,832,Carlos Sainz,4,Renault,9,2018,10,16,16.0,28.0,10.0,0.0,62.0,4.0,0.0,0,17
999,832,Carlos Sainz,4,Renault,10,2018,11,8,8.0,28.0,10.0,0.0,70.0,4.0,0.0,0,12
1000,832,Carlos Sainz,4,Renault,11,2018,12,5,5.0,28.0,12.0,0.0,80.0,4.0,0.0,0,9
1001,832,Carlos Sainz,4,Renault,13,2018,13,14,16.0,30.0,11.0,0.0,82.0,4.0,0.0,0,11
1002,832,Carlos Sainz,4,Renault,14,2018,14,7,7.0,30.0,12.0,0.0,82.0,4.0,0.0,0,8
1003,832,Carlos Sainz,4,Renault,15,2018,15,12,12.0,34.0,12.0,0.0,86.0,4.0,0.0,0,8
1004,832,Carlos Sainz,4,Renault,71,2018,16,11,14.0,38.0,12.0,0.0,91.0,4.0,0.0,0,17
1005,832,Carlos Sainz,4,Renault,22,2018,17,13,13.0,38.0,12.0,0.0,91.0,4.0,0.0,0,10
1006,832,Carlos Sainz,4,Renault,69,2018,18,11,11.0,39.0,12.0,0.0,92.0,4.0,0.0,0,7
1007,832,Carlos Sainz,4,Renault,32,2018,19,8,8.0,45.0,12.0,0.0,106.0,4.0,0.0,0,19
1008,832,Carlos Sainz,4,Renault,18,2018,20,15,16.0,45.0,12.0,0.0,114.0,4.0,0.0,0,12
1009,832,Carlos Sainz,4,Renault,24,2018,21,11,11.0,45.0,12.0,0.0,114.0,4.0,0.0,0,6
1010,832,Carlos Sainz,1,McLaren,1,2019,1,18,18.0,0.0,99.0,0.0,0.0,99.0,0.0,0,20
1011,832,Carlos Sainz,1,McLaren,3,2019,2,7,7.0,0.0,20.0,0.0,0.0,9.0,0.0,0,19
1012,832,Carlos Sainz,1,McLaren,17,2019,3,14,14.0,0.0,20.0,0.0,8.0,5.0,0.0,0,14
1013,832,Carlos Sainz,1,McLaren,73,2019,4,9,10.0,0.0,18.0,0.0,8.0,7.0,0.0,0,7
1014,832,Carlos Sainz,1,McLaren,4,2019,5,12,13.0,6.0,12.0,0.0,18.0,4.0,0.0,0,8
1015,832,Carlos Sainz,1,McLaren,6,2019,6,9,9.0,10.0,11.0,0.0,22.0,4.0,0.0,0,6
1016,832,Carlos Sainz,1,McLaren,7,2019,7,11,9.0,18.0,7.0,0.0,30.0,4.0,0.0,0,11
1017,832,Carlos Sainz,1,McLaren,34,2019,8,6,6.0,18.0,7.0,0.0,30.0,4.0,0.0,0,6
1018,832,Carlos Sainz,1,McLaren,70,2019,9,19,15.0,26.0,7.0,0.0,40.0,4.0,0.0,0,8
1019,832,Carlos Sainz,1,McLaren,9,2019,10,13,13.0,30.0,7.0,0.0,52.0,4.0,0.0,0,6
1020,832,Carlos Sainz,1,McLaren,10,2019,11,7,7.0,38.0,7.0,0.0,60.0,4.0,0.0,0,5
1021,832,Carlos Sainz,1,McLaren,11,2019,12,8,8.0,48.0,7.0,0.0,70.0,4.0,0.0,0,5
1022,832,Carlos Sainz,1,McLaren,13,2019,13,15,17.0,58.0,7.0,0.0,82.0,4.0,0.0,0,19
1023,832,Carlos Sainz,1,McLaren,14,2019,14,7,7.0,58.0,7.0,0.0,82.0,4.0,0.0,0,20
1024,832,Carlos Sainz,1,McLaren,15,2019,15,7,7.0,58.0,7.0,0.0,83.0,4.0,0.0,0,12
1025,832,Carlos Sainz,1,McLaren,71,2019,16,5,6.0,58.0,7.0,0.0,89.0,4.0,0.0,0,6
1026,832,Carlos Sainz,1,McLaren,22,2019,17,7,7.0,66.0,7.0,0.0,101.0,4.0,0.0,0,5
1027,832,Carlos Sainz,1,McLaren,32,2019,18,7,7.0,76.0,6.0,0.0,111.0,4.0,0.0,0,13
1028,832,Carlos Sainz,1,McLaren,69,2019,19,7,7.0,76.0,7.0,0.0,111.0,4.0,0.0,0,8
1029,832,Carlos Sainz,1,McLaren,18,2019,20,20,20.0,80.0,7.0,0.0,121.0,4.0,0.0,1,3
1030,832,Carlos Sainz,1,McLaren,24,2019,21,8,9.0,95.0,7.0,0.0,140.0,4.0,0.0,0,10
1031,832,Carlos Sainz,1,McLaren,70,2020,1,8,8.0,0.0,99.0,0.0,0.0,99.0,0.0,0,5
1032,832,Carlos Sainz,1,McLaren,70,2020,2,3,3.0,10.0,5.0,0.0,26.0,2.0,0.0,0,9
1033,832,Carlos Sainz,1,McLaren,11,2020,3,9,9.0,13.0,7.0,0.0,39.0,2.0,0.0,0,9
1034,832,Carlos Sainz,1,McLaren,9,2020,4,7,7.0,15.0,9.0,0.0,41.0,3.0,0.0,0,13
1035,832,Carlos Sainz,1,McLaren,9,2020,5,12,13.0,15.0,10.0,0.0,51.0,3.0,0.0,0,13
1036,832,Carlos Sainz,1,McLaren,4,2020,6,7,7.0,15.0,11.0,0.0,53.0,4.0,0.0,0,6
1037,832,Carlos Sainz,1,McLaren,13,2020,7,7,7.0,23.0,9.0,0.0,62.0,4.0,0.0,0,20
1038,832,Carlos Sainz,1,McLaren,14,2020,8,3,3.0,23.0,11.0,0.0,68.0,3.0,0.0,1,2
1039,832,Carlos Sainz,1,McLaren,76,2020,9,9,9.0,41.0,9.0,0.0,98.0,3.0,0.0,0,18
1040,832,Carlos Sainz,1,McLaren,71,2020,10,6,6.0,41.0,11.0,0.0,106.0,3.0,0.0,0,19
1041,832,Carlos Sainz,1,McLaren,20,2020,11,10,10.0,41.0,11.0,0.0,106.0,3.0,0.0,0,5
1042,832,Carlos Sainz,1,McLaren,75,2020,12,7,7.0,51.0,11.0,0.0,116.0,4.0,0.0,0,6
1043,832,Carlos Sainz,1,McLaren,21,2020,13,10,10.0,59.0,10.0,0.0,124.0,4.0,0.0,0,7
1044,832,Carlos Sainz,1,McLaren,5,2020,14,15,13.0,65.0,8.0,0.0,134.0,4.0,0.0,0,5
1045,832,Carlos Sainz,1,McLaren,3,2020,15,15,15.0,75.0,7.0,0.0,149.0,4.0,0.0,0,5
1046,832,Carlos Sainz,1,McLaren,3,2020,16,8,8.0,85.0,8.0,0.0,171.0,3.0,0.0,0,4
1047,832,Carlos Sainz,1,McLaren,24,2020,17,6,6.0,97.0,7.0,0.0,184.0,4.0,0.0,0,6
1052,832,Carlos Sainz,6,Ferrari,3,2021,1,8,8.0,0.0,99.0,0.0,0.0,99.0,0.0,0,8
1053,832,Carlos Sainz,6,Ferrari,21,2021,2,11,11.0,4.0,8.0,0.0,12.0,4.0,0.0,0,5
1054,832,Carlos Sainz,6,Ferrari,75,2021,3,5,5.0,14.0,6.0,0.0,34.0,4.0,0.0,0,11
1055,832,Carlos Sainz,6,Ferrari,4,2021,4,6,6.0,14.0,8.0,0.0,42.0,4.0,0.0,0,7
1056,832,Carlos Sainz,6,Ferrari,6,2021,5,4,4.0,20.0,8.0,0.0,60.0,4.0,0.0,1,2
1057,832,Carlos Sainz,6,Ferrari,73,2021,6,5,5.0,38.0,7.0,0.0,78.0,4.0,0.0,0,8
1059,832,Carlos Sainz,6,Ferrari,34,2021,7,5,5.0,42.0,7.0,0.0,94.0,3.0,0.0,0,11
1058,832,Carlos Sainz,6,Ferrari,70,2021,8,12,12.0,42.0,7.0,0.0,94.0,4.0,0.0,0,6
1060,832,Carlos Sainz,6,Ferrari,70,2021,9,10,11.0,50.0,7.0,0.0,108.0,4.0,0.0,0,5
1061,832,Carlos Sainz,6,Ferrari,9,2021,10,10,9.0,60.0,7.0,0.0,122.0,4.0,0.0,0,6
1062,832,Carlos Sainz,6,Ferrari,11,2021,11,15,15.0,68.0,7.0,0.0,148.0,4.0,0.0,1,3
1063,832,Carlos Sainz,6,Ferrari,13,2021,12,11,13.0,83.0,6.0,0.0,163.0,3.0,0.0,0,10
1064,832,Carlos Sainz,6,Ferrari,39,2021,13,6,6.0,83.5,6.0,0.0,165.5,4.0,0.0,0,7
1065,832,Carlos Sainz,6,Ferrari,14,2021,14,6,7.0,89.5,7.0,0.0,181.5,3.0,0.0,0,6
1066,832,Carlos Sainz,6,Ferrari,71,2021,15,2,2.0,97.5,7.0,0.0,201.5,4.0,0.0,1,3
1067,832,Carlos Sainz,6,Ferrari,5,2021,16,19,15.0,112.5,6.0,0.0,216.5,4.0,0.0,0,8
1069,832,Carlos Sainz,6,Ferrari,69,2021,17,5,6.0,116.5,6.0,0.0,232.5,4.0,0.0,0,7
1070,832,Carlos Sainz,6,Ferrari,32,2021,18,6,6.0,122.5,7.0,0.0,250.5,4.0,0.0,0,6
1071,832,Carlos Sainz,6,Ferrari,18,2021,19,3,6.0,130.5,7.0,0.0,268.5,3.0,0.0,0,6
1051,832,Carlos Sainz,6,Ferrari,78,2021,20,5,7.0,139.5,7.0,0.0,287.5,3.0,0.0,0,7
1072,832,Carlos Sainz,6,Ferrari,77,2021,21,15,15.0,145.5,7.0,0.0,297.5,3.0,0.0,0,8
1073,832,Carlos Sainz,6,Ferrari,24,2021,22,5,5.0,149.5,7.0,0.0,307.5,3.0,0.0,1,3
1074,832,Carlos Sainz,6,Ferrari,3,2022,1,3,3.0,0.0,99.0,0.0,0.0,99.0,0.0,1,2
1075,832,Carlos Sainz,6,Ferrari,77,2022,2,3,3.0,18.0,2.0,0.0,44.0,1.0,1.0,1,3
1076,832,Carlos Sainz,6,Ferrari,1,2022,3,9,9.0,33.0,2.0,0.0,78.0,1.0,1.0,0,20
1077,832,Carlos Sainz,6,Ferrari,21,2022,4,4,10.0,33.0,3.0,0.0,104.0,1.0,2.0,0,20
1078,832,Carlos Sainz,6,Ferrari,79,2022,5,2,2.0,38.0,5.0,0.0,124.0,1.0,2.0,1,3
1079,832,Carlos Sainz,6,Ferrari,4,2022,6,3,3.0,53.0,5.0,0.0,157.0,1.0,2.0,0,4
1080,832,Carlos Sainz,6,Ferrari,6,2022,7,2,2.0,65.0,5.0,0.0,169.0,2.0,2.0,1,2
1081,832,Carlos Sainz,6,Ferrari,73,2022,8,4,4.0,83.0,5.0,0.0,199.0,2.0,2.0,0,20
1082,832,Carlos Sainz,6,Ferrari,7,2022,9,3,3.0,83.0,5.0,0.0,199.0,2.0,2.0,1,2
1083,832,Carlos Sainz,6,Ferrari,9,2022,10,1,1.0,102.0,5.0,0.0,228.0,2.0,2.0,1,1
1084,832,Carlos Sainz,6,Ferrari,70,2022,11,3,3.0,127.0,4.0,1.0,265.0,2.0,3.0,0,18
1085,832,Carlos Sainz,6,Ferrari,34,2022,12,19,9.0,133.0,4.0,1.0,303.0,2.0,4.0,0,5
1086,832,Carlos Sainz,6,Ferrari,11,2022,13,2,2.0,144.0,4.0,1.0,314.0,2.0,4.0,0,4
1087,832,Carlos Sainz,6,Ferrari,13,2022,14,1,2.0,156.0,5.0,1.0,334.0,2.0,4.0,1,3
1088,832,Carlos Sainz,6,Ferrari,39,2022,15,3,3.0,171.0,4.0,1.0,357.0,2.0,4.0,0,8
1089,832,Carlos Sainz,6,Ferrari,14,2022,16,18,3.0,175.0,5.0,1.0,376.0,2.0,4.0,0,4
1091,832,Carlos Sainz,6,Ferrari,15,2022,17,4,4.0,187.0,5.0,1.0,406.0,2.0,4.0,1,3
1092,832,Carlos Sainz,6,Ferrari,22,2022,18,3,3.0,202.0,5.0,1.0,439.0,2.0,4.0,0,19
1093,832,Carlos Sainz,6,Ferrari,69,2022,19,1,1.0,202.0,5.0,1.0,454.0,2.0,4.0,0,20
1094,832,Carlos Sainz,6,Ferrari,32,2022,20,5,5.0,202.0,5.0,1.0,469.0,2.0,4.0,0,5
1095,832,Carlos Sainz,6,Ferrari,18,2022,21,7,5.0,212.0,6.0,1.0,487.0,2.0,4.0,1,3
1096,832,Carlos Sainz,6,Ferrari,24,2022,22,4,4.0,234.0,6.0,1.0,524.0,2.0,4.0,0,4
1098,832,Carlos Sainz,6,Ferrari,3,2023,1,4,4.0,0.0,99.0,0.0,0.0,99.0,0.0,0,4
1099,832,Carlos Sainz,6,Ferrari,77,2023,2,4,5.0,12.0,4.0,0.0,12.0,4.0,0.0,0,6
1100,832,Carlos Sainz,6,Ferrari,1,2023,3,5,5.0,20.0,4.0,0.0,26.0,4.0,0.0,0,12
1101,832,Carlos Sainz,6,Ferrari,73,2023,4,4,4.0,20.0,5.0,0.0,26.0,4.0,0.0,0,5
1102,832,Carlos Sainz,6,Ferrari,79,2023,5,3,3.0,34.0,5.0,0.0,62.0,4.0,0.0,0,5
1104,832,Carlos Sainz,6,Ferrari,6,2023,6,4,5.0,44.0,5.0,0.0,78.0,4.0,0.0,0,8
1105,832,Carlos Sainz,6,Ferrari,4,2023,7,2,2.0,48.0,6.0,0.0,90.0,4.0,0.0,0,5
1106,832,Carlos Sainz,6,Ferrari,7,2023,8,11,8.0,58.0,6.0,0.0,100.0,4.0,0.0,0,5
1107,832,Carlos Sainz,6,Ferrari,70,2023,9,3,3.0,68.0,5.0,0.0,122.0,4.0,0.0,0,6
1108,832,Carlos Sainz,6,Ferrari,9,2023,10,5,5.0,82.0,5.0,0.0,154.0,4.0,0.0,0,10
1109,832,Carlos Sainz,6,Ferrari,11,2023,11,11,11.0,83.0,5.0,0.0,157.0,4.0,0.0,0,8
1110,832,Carlos Sainz,6,Ferrari,13,2023,12,4,5.0,87.0,6.0,0.0,167.0,4.0,0.0,0,19
1111,832,Carlos Sainz,6,Ferrari,39,2023,13,6,6.0,92.0,7.0,0.0,191.0,4.0,0.0,0,5
1112,832,Carlos Sainz,6,Ferrari,14,2023,14,1,1.0,102.0,5.0,0.0,201.0,4.0,0.0,1,3
1113,832,Carlos Sainz,6,Ferrari,15,2023,15,1,1.0,117.0,5.0,0.0,228.0,3.0,0.0,1,1
1114,832,Carlos Sainz,6,Ferrari,22,2023,16,6,6.0,142.0,5.0,1.0,265.0,3.0,1.0,0,6
1115,832,Carlos Sainz,6,Ferrari,78,2023,17,12,12.0,150.0,5.0,1.0,285.0,3.0,1.0,0,20
1116,832,Carlos Sainz,6,Ferrari,69,2023,18,4,4.0,153.0,5.0,1.0,298.0,3.0,1.0,1,3
1117,832,Carlos Sainz,6,Ferrari,32,2023,19,2,2.0,171.0,5.0,1.0,322.0,3.0,1.0,0,4
1118,832,Carlos Sainz,6,Ferrari,18,2023,20,7,8.0,183.0,4.0,1.0,349.0,3.0,1.0,0,6
1119,832,Carlos Sainz,6,Ferrari,80,2023,21,12,2.0,192.0,6.0,1.0,362.0,3.0,1.0,0,6
1120,832,Carlos Sainz,6,Ferrari,24,2023,22,16,16.0,200.0,4.0,1.0,388.0,3.0,1.0,0,18
1121,832,Carlos Sainz,6,Ferrari,3,2024,1,4,4.0,0.0,99.0,0.0,0.0,99.0,0.0,1,3
1123,832,Carlos Sainz,6,Ferrari,1,2024,3,2,2.0,15.0,3.0,0.0,49.0,2.0,0.0,1,1
1124,832,Carlos Sainz,6,Ferrari,22,2024,4,4,4.0,40.0,4.0,1.0,93.0,2.0,1.0,1,3
1125,832,Carlos Sainz,6,Ferrari,17,2024,5,7,7.0,55.0,4.0,1.0,120.0,2.0,1.0,0,5
1126,832,Carlos Sainz,6,Ferrari,79,2024,6,3,3.0,69.0,4.0,1.0,151.0,2.0,1.0,0,5
1127,832,Carlos Sainz,6,Ferrari,21,2024,7,4,5.0,83.0,5.0,1.0,187.0,2.0,1.0,0,5
1128,832,Carlos Sainz,6,Ferrari,6,2024,8,3,3.0,93.0,5.0,1.0,212.0,2.0,1.0,1,3
1129,832,Carlos Sainz,6,Ferrari,7,2024,9,12,12.0,108.0,4.0,1.0,252.0,2.0,2.0,0,16
1130,832,Carlos Sainz,6,Ferrari,4,2024,10,6,6.0,108.0,4.0,1.0,252.0,2.0,2.0,0,6
1131,832,Carlos Sainz,6,Ferrari,70,2024,11,4,4.0,116.0,4.0,1.0,270.0,2.0,2.0,1,3
1132,832,Carlos Sainz,6,Ferrari,9,2024,12,7,7.0,135.0,4.0,1.0,291.0,2.0,2.0,0,5
1133,832,Carlos Sainz,6,Ferrari,11,2024,13,4,4.0,146.0,4.0,1.0,302.0,2.0,2.0,0,6
1134,832,Carlos Sainz,6,Ferrari,13,2024,14,7,8.0,154.0,4.0,1.0,322.0,3.0,2.0,0,6
1135,832,Carlos Sainz,6,Ferrari,39,2024,15,10,10.0,162.0,5.0,1.0,345.0,3.0,2.0,0,5
1136,832,Carlos Sainz,6,Ferrari,14,2024,16,5,5.0,172.0,5.0,1.0,370.0,3.0,2.0,0,4
1137,832,Carlos Sainz,6,Ferrari,73,2024,17,3,3.0,184.0,5.0,1.0,407.0,3.0,3.0,0,18
1138,832,Carlos Sainz,6,Ferrari,15,2024,18,10,10.0,184.0,5.0,1.0,425.0,3.0,3.0,0,7
1139,832,Carlos Sainz,6,Ferrari,69,2024,19,3,3.0,190.0,5.0,1.0,441.0,3.0,3.0,1,2
1140,832,Carlos Sainz,6,Ferrari,32,2024,20,1,1.0,215.0,5.0,1.0,496.0,3.0,4.0,1,1
1141,832,Carlos Sainz,6,Ferrari,18,2024,21,0,14.0,240.0,5.0,2.0,537.0,2.0,5.0,0,16
1142,832,Carlos Sainz,6,Ferrari,80,2024,22,2,2.0,244.0,5.0,2.0,557.0,2.0,5.0,1,3
1143,832,Carlos Sainz,6,Ferrari,78,2024,23,7,7.0,259.0,5.0,2.0,584.0,2.0,5.0,0,6
1144,832,Carlos Sainz,6,Ferrari,24,2024,24,3,3.0,272.0,5.0,2.0,619.0,2.0,5.0,1,2
927,833,Roberto Merhi,209,Manor Marussia,2,2015,2,19,19.0,0.0,99.0,0.0,0.0,99.0,0.0,0,15
928,833,Roberto Merhi,209,Manor Marussia,17,2015,3,20,20.0,0.0,17.0,0.0,0.0,10.0,0.0,0,16
929,833,Roberto Merhi,209,Manor Marussia,3,2015,4,19,19.0,0.0,18.0,0.0,0.0,10.0,0.0,0,17
930,833,Roberto Merhi,209,Manor Marussia,4,2015,5,20,20.0,0.0,18.0,0.0,0.0,10.0,0.0,0,18
931,833,Roberto Merhi,209,Manor Marussia,6,2015,6,19,20.0,0.0,18.0,0.0,0.0,10.0,0.0,0,16
932,833,Roberto Merhi,209,Manor Marussia,7,2015,7,16,18.0,0.0,18.0,0.0,0.0,10.0,0.0,0,18
933,833,Roberto Merhi,209,Manor Marussia,70,2015,8,16,19.0,0.0,19.0,0.0,0.0,10.0,0.0,0,14
934,833,Roberto Merhi,209,Manor Marussia,9,2015,9,20,20.0,0.0,19.0,0.0,0.0,10.0,0.0,0,12
936,833,Roberto Merhi,209,Manor Marussia,11,2015,10,19,19.0,0.0,19.0,0.0,0.0,10.0,0.0,0,15
938,833,Roberto Merhi,209,Manor Marussia,14,2015,12,14,19.0,0.0,19.0,0.0,0.0,10.0,0.0,0,16
945,833,Roberto Merhi,209,Manor Marussia,24,2015,19,20,20.0,0.0,19.0,0.0,0.0,10.0,0.0,0,19
939,834,Alexander Rossi,209,Manor Marussia,15,2015,13,20,20.0,0.0,99.0,0.0,0.0,10.0,0.0,0,14
940,834,Alexander Rossi,209,Manor Marussia,22,2015,14,19,20.0,0.0,21.0,0.0,0.0,10.0,0.0,0,18
948,835,Jolyon Palmer,4,Renault,1,2016,1,13,14.0,0.0,99.0,0.0,0.0,99.0,0.0,0,11
949,835,Jolyon Palmer,4,Renault,3,2016,2,19,20.0,0.0,11.0,0.0,0.0,8.0,0.0,0,22
950,835,Jolyon Palmer,4,Renault,17,2016,3,19,19.0,0.0,15.0,0.0,0.0,9.0,0.0,0,22
951,835,Jolyon Palmer,4,Renault,71,2016,4,18,18.0,0.0,16.0,0.0,0.0,9.0,0.0,0,13
952,835,Jolyon Palmer,4,Renault,4,2016,5,17,17.0,0.0,18.0,0.0,6.0,9.0,0.0,0,13
953,835,Jolyon Palmer,4,Renault,6,2016,6,18,18.0,0.0,18.0,0.0,6.0,9.0,0.0,0,22
954,835,Jolyon Palmer,4,Renault,7,2016,7,16,17.0,0.0,19.0,0.0,6.0,9.0,0.0,0,21
955,835,Jolyon Palmer,4,Renault,73,2016,8,21,22.0,0.0,19.0,0.0,6.0,9.0,0.0,0,15
956,835,Jolyon Palmer,4,Renault,70,2016,9,19,18.0,0.0,19.0,0.0,6.0,9.0,0.0,0,12
957,835,Jolyon Palmer,4,Renault,9,2016,10,18,18.0,0.0,20.0,0.0,6.0,9.0,0.0,0,18
958,835,Jolyon Palmer,4,Renault,11,2016,11,17,17.0,0.0,20.0,0.0,6.0,9.0,0.0,0,12
959,835,Jolyon Palmer,4,Renault,10,2016,12,14,16.0,0.0,20.0,0.0,6.0,9.0,0.0,0,19
960,835,Jolyon Palmer,4,Renault,13,2016,13,13,14.0,0.0,20.0,0.0,6.0,9.0,0.0,0,15
961,835,Jolyon Palmer,4,Renault,14,2016,14,20,20.0,0.0,20.0,0.0,6.0,9.0,0.0,0,21
962,835,Jolyon Palmer,4,Renault,15,2016,15,18,19.0,0.0,20.0,0.0,6.0,9.0,0.0,0,15
963,835,Jolyon Palmer,4,Renault,2,2016,16,19,19.0,0.0,20.0,0.0,7.0,9.0,0.0,0,10
964,835,Jolyon Palmer,4,Renault,22,2016,17,16,16.0,1.0,17.0,0.0,8.0,9.0,0.0,0,12
965,835,Jolyon Palmer,4,Renault,69,2016,18,15,15.0,1.0,17.0,0.0,8.0,9.0,0.0,0,13
967,835,Jolyon Palmer,4,Renault,18,2016,20,16,16.0,1.0,17.0,0.0,8.0,9.0,0.0,0,19
968,835,Jolyon Palmer,4,Renault,24,2016,21,15,15.0,1.0,18.0,0.0,8.0,9.0,0.0,0,17
969,835,Jolyon Palmer,4,Renault,1,2017,1,19,20.0,0.0,99.0,0.0,0.0,99.0,0.0,0,19
970,835,Jolyon Palmer,4,Renault,17,2017,2,20,18.0,0.0,19.0,0.0,0.0,7.0,0.0,0,13
971,835,Jolyon Palmer,4,Renault,3,2017,3,10,10.0,0.0,17.0,0.0,0.0,8.0,0.0,0,13
972,835,Jolyon Palmer,4,Renault,71,2017,4,16,16.0,0.0,17.0,0.0,2.0,8.0,0.0,0,18
973,835,Jolyon Palmer,4,Renault,4,2017,5,17,17.0,0.0,18.0,0.0,6.0,8.0,0.0,0,15
974,835,Jolyon Palmer,4,Renault,6,2017,6,16,17.0,0.0,20.0,0.0,14.0,7.0,0.0,0,11
975,835,Jolyon Palmer,4,Renault,7,2017,7,15,15.0,0.0,16.0,0.0,14.0,7.0,0.0,0,11
977,835,Jolyon Palmer,4,Renault,70,2017,9,16,16.0,0.0,18.0,0.0,18.0,8.0,0.0,0,11
978,835,Jolyon Palmer,4,Renault,9,2017,10,11,11.0,0.0,18.0,0.0,18.0,8.0,0.0,0,20
979,835,Jolyon Palmer,4,Renault,11,2017,11,10,11.0,0.0,18.0,0.0,26.0,8.0,0.0,0,12
980,835,Jolyon Palmer,4,Renault,13,2017,12,14,10.0,0.0,19.0,0.0,26.0,8.0,0.0,0,13
981,835,Jolyon Palmer,4,Renault,14,2017,13,17,17.0,0.0,19.0,0.0,34.0,8.0,0.0,0,20
982,835,Jolyon Palmer,4,Renault,15,2017,14,11,11.0,0.0,19.0,0.0,34.0,8.0,0.0,0,6
983,835,Jolyon Palmer,4,Renault,2,2017,15,12,12.0,8.0,16.0,0.0,42.0,7.0,0.0,0,15
984,835,Jolyon Palmer,4,Renault,22,2017,16,18,14.0,8.0,17.0,0.0,42.0,7.0,0.0,0,12
948,836,Pascal Wehrlein,209,Manor Marussia,1,2016,1,21,22.0,0.0,99.0,0.0,0.0,99.0,0.0,0,16
949,836,Pascal Wehrlein,209,Manor Marussia,3,2016,2,16,16.0,0.0,16.0,0.0,0.0,11.0,0.0,0,13
950,836,Pascal Wehrlein,209,Manor Marussia,17,2016,3,21,21.0,0.0,18.0,0.0,0.0,11.0,0.0,0,18
951,836,Pascal Wehrlein,209,Manor Marussia,71,2016,4,20,20.0,0.0,20.0,0.0,0.0,11.0,0.0,0,18
952,836,Pascal Wehrlein,209,Manor Marussia,4,2016,5,21,21.0,0.0,20.0,0.0,0.0,11.0,0.0,0,16
953,836,Pascal Wehrlein,209,Manor Marussia,6,2016,6,20,20.0,0.0,21.0,0.0,0.0,11.0,0.0,0,14
954,836,Pascal Wehrlein,209,Manor Marussia,7,2016,7,17,18.0,0.0,21.0,0.0,0.0,11.0,0.0,0,17
955,836,Pascal Wehrlein,209,Manor Marussia,73,2016,8,17,18.0,0.0,21.0,0.0,0.0,11.0,0.0,0,20
956,836,Pascal Wehrlein,209,Manor Marussia,70,2016,9,12,12.0,0.0,22.0,0.0,0.0,11.0,0.0,0,10
957,836,Pascal Wehrlein,209,Manor Marussia,9,2016,10,20,20.0,1.0,17.0,0.0,1.0,10.0,0.0,0,22
958,836,Pascal Wehrlein,209,Manor Marussia,11,2016,11,20,21.0,1.0,17.0,0.0,1.0,10.0,0.0,0,19
959,836,Pascal Wehrlein,209,Manor Marussia,10,2016,12,17,18.0,1.0,17.0,0.0,1.0,10.0,0.0,0,17
960,836,Pascal Wehrlein,209,Manor Marussia,13,2016,13,15,16.0,1.0,17.0,0.0,1.0,10.0,0.0,0,22
961,836,Pascal Wehrlein,209,Manor Marussia,14,2016,14,13,14.0,1.0,17.0,0.0,1.0,10.0,0.0,0,20
962,836,Pascal Wehrlein,209,Manor Marussia,15,2016,15,19,20.0,1.0,17.0,0.0,1.0,10.0,0.0,0,16
963,836,Pascal Wehrlein,209,Manor Marussia,2,2016,16,21,21.0,1.0,17.0,0.0,1.0,10.0,0.0,0,15
964,836,Pascal Wehrlein,209,Manor Marussia,22,2016,17,21,22.0,1.0,18.0,0.0,1.0,10.0,0.0,0,22
965,836,Pascal Wehrlein,209,Manor Marussia,69,2016,18,20,20.0,1.0,18.0,0.0,1.0,10.0,0.0,0,17
966,836,Pascal Wehrlein,209,Manor Marussia,32,2016,19,16,16.0,1.0,18.0,0.0,1.0,10.0,0.0,0,22
967,836,Pascal Wehrlein,209,Manor Marussia,18,2016,20,19,19.0,1.0,18.0,0.0,1.0,10.0,0.0,0,15
968,836,Pascal Wehrlein,209,Manor Marussia,24,2016,21,16,16.0,1.0,19.0,0.0,1.0,11.0,0.0,0,14
971,836,Pascal Wehrlein,15,Sauber,3,2017,3,13,13.0,0.0,99.0,0.0,0.0,9.0,0.0,0,11
972,836,Pascal Wehrlein,15,Sauber,71,2017,4,17,18.0,0.0,15.0,0.0,0.0,9.0,0.0,0,16
973,836,Pascal Wehrlein,15,Sauber,4,2017,5,15,15.0,0.0,15.0,0.0,0.0,9.0,0.0,0,8
974,836,Pascal Wehrlein,15,Sauber,6,2017,6,18,19.0,4.0,13.0,0.0,4.0,9.0,0.0,0,19
975,836,Pascal Wehrlein,15,Sauber,7,2017,7,20,20.0,4.0,14.0,0.0,4.0,9.0,0.0,0,15
976,836,Pascal Wehrlein,15,Sauber,73,2017,8,14,15.0,4.0,14.0,0.0,4.0,9.0,0.0,0,10
977,836,Pascal Wehrlein,15,Sauber,70,2017,9,20,20.0,5.0,15.0,0.0,5.0,9.0,0.0,0,14
978,836,Pascal Wehrlein,15,Sauber,9,2017,10,17,18.0,5.0,15.0,0.0,5.0,9.0,0.0,0,17
979,836,Pascal Wehrlein,15,Sauber,11,2017,11,18,18.0,5.0,15.0,0.0,5.0,9.0,0.0,0,15
980,836,Pascal Wehrlein,15,Sauber,13,2017,12,18,20.0,5.0,16.0,0.0,5.0,10.0,0.0,0,20
981,836,Pascal Wehrlein,15,Sauber,14,2017,13,12,19.0,5.0,16.0,0.0,5.0,10.0,0.0,0,16
982,836,Pascal Wehrlein,15,Sauber,15,2017,14,19,19.0,5.0,16.0,0.0,5.0,10.0,0.0,0,12
983,836,Pascal Wehrlein,15,Sauber,2,2017,15,18,18.0,5.0,18.0,0.0,5.0,10.0,0.0,0,17
984,836,Pascal Wehrlein,15,Sauber,22,2017,16,17,20.0,5.0,18.0,0.0,5.0,10.0,0.0,0,15
985,836,Pascal Wehrlein,15,Sauber,69,2017,17,14,19.0,5.0,18.0,0.0,5.0,10.0,0.0,0,19
986,836,Pascal Wehrlein,15,Sauber,32,2017,18,13,17.0,5.0,18.0,0.0,5.0,10.0,0.0,0,14
987,836,Pascal Wehrlein,15,Sauber,18,2017,19,15,16.0,5.0,18.0,0.0,5.0,10.0,0.0,0,14
988,836,Pascal Wehrlein,15,Sauber,24,2017,20,18,18.0,5.0,18.0,0.0,5.0,10.0,0.0,0,14
948,837,Rio Haryanto,209,Manor Marussia,1,2016,1,22,21.0,0.0,99.0,0.0,0.0,99.0,0.0,0,19
949,837,Rio Haryanto,209,Manor Marussia,3,2016,2,20,21.0,0.0,19.0,0.0,0.0,11.0,0.0,0,17
950,837,Rio Haryanto,209,Manor Marussia,17,2016,3,20,20.0,0.0,21.0,0.0,0.0,11.0,0.0,0,21
951,837,Rio Haryanto,209,Manor Marussia,71,2016,4,21,21.0,0.0,23.0,0.0,0.0,11.0,0.0,0,22
952,837,Rio Haryanto,209,Manor Marussia,4,2016,5,22,22.0,0.0,23.0,0.0,0.0,11.0,0.0,0,17
953,837,Rio Haryanto,209,Manor Marussia,6,2016,6,19,19.0,0.0,23.0,0.0,0.0,11.0,0.0,0,15
954,837,Rio Haryanto,209,Manor Marussia,7,2016,7,19,21.0,0.0,23.0,0.0,0.0,11.0,0.0,0,19
955,837,Rio Haryanto,209,Manor Marussia,73,2016,8,16,17.0,0.0,23.0,0.0,0.0,11.0,0.0,0,18
956,837,Rio Haryanto,209,Manor Marussia,70,2016,9,20,19.0,0.0,23.0,0.0,0.0,11.0,0.0,0,16
957,837,Rio Haryanto,209,Manor Marussia,9,2016,10,19,19.0,0.0,23.0,0.0,1.0,10.0,0.0,0,19
958,837,Rio Haryanto,209,Manor Marussia,11,2016,11,21,22.0,0.0,23.0,0.0,1.0,10.0,0.0,0,21
959,837,Rio Haryanto,209,Manor Marussia,10,2016,12,19,20.0,0.0,23.0,0.0,1.0,10.0,0.0,0,20
949,838,Stoffel Vandoorne,1,McLaren,3,2016,2,12,12.0,0.0,99.0,0.0,0.0,9.0,0.0,0,10
969,838,Stoffel Vandoorne,1,McLaren,1,2017,1,18,18.0,0.0,99.0,0.0,0.0,99.0,0.0,0,13
970,838,Stoffel Vandoorne,1,McLaren,17,2017,2,15,16.0,0.0,13.0,0.0,0.0,9.0,0.0,0,18
971,838,Stoffel Vandoorne,1,McLaren,3,2017,3,17,17.0,0.0,16.0,0.0,0.0,10.0,0.0,0,20
972,838,Stoffel Vandoorne,1,McLaren,71,2017,4,20,17.0,0.0,18.0,0.0,0.0,10.0,0.0,0,14
973,838,Stoffel Vandoorne,1,McLaren,4,2017,5,20,19.0,0.0,19.0,0.0,0.0,10.0,0.0,0,18
974,838,Stoffel Vandoorne,1,McLaren,6,2017,6,12,10.0,0.0,21.0,0.0,0.0,10.0,0.0,0,16
975,838,Stoffel Vandoorne,1,McLaren,7,2017,7,16,16.0,0.0,21.0,0.0,0.0,10.0,0.0,0,14
976,838,Stoffel Vandoorne,1,McLaren,73,2017,8,18,19.0,0.0,21.0,0.0,0.0,10.0,0.0,0,12
977,838,Stoffel Vandoorne,1,McLaren,70,2017,9,13,13.0,0.0,20.0,0.0,2.0,10.0,0.0,0,12
978,838,Stoffel Vandoorne,1,McLaren,9,2017,10,8,9.0,0.0,20.0,0.0,2.0,10.0,0.0,0,11
979,838,Stoffel Vandoorne,1,McLaren,11,2017,11,8,9.0,0.0,20.0,0.0,2.0,10.0,0.0,0,10
980,838,Stoffel Vandoorne,1,McLaren,13,2017,12,20,15.0,1.0,18.0,0.0,11.0,9.0,0.0,0,14
981,838,Stoffel Vandoorne,1,McLaren,14,2017,13,18,10.0,1.0,18.0,0.0,11.0,9.0,0.0,0,19
982,838,Stoffel Vandoorne,1,McLaren,15,2017,14,9,9.0,1.0,18.0,0.0,11.0,9.0,0.0,0,7
983,838,Stoffel Vandoorne,1,McLaren,2,2017,15,7,7.0,7.0,17.0,0.0,17.0,9.0,0.0,0,7
984,838,Stoffel Vandoorne,1,McLaren,22,2017,16,9,11.0,13.0,14.0,0.0,23.0,9.0,0.0,0,14
985,838,Stoffel Vandoorne,1,McLaren,69,2017,17,20,13.0,13.0,15.0,0.0,23.0,9.0,0.0,0,12
986,838,Stoffel Vandoorne,1,McLaren,32,2017,18,19,15.0,13.0,15.0,0.0,23.0,9.0,0.0,0,12
987,838,Stoffel Vandoorne,1,McLaren,18,2017,19,12,13.0,13.0,15.0,0.0,24.0,9.0,0.0,0,19
988,838,Stoffel Vandoorne,1,McLaren,24,2017,20,13,13.0,13.0,16.0,0.0,28.0,9.0,0.0,0,12
989,838,Stoffel Vandoorne,1,McLaren,1,2018,1,11,12.0,0.0,99.0,0.0,0.0,99.0,0.0,0,9
990,838,Stoffel Vandoorne,1,McLaren,3,2018,2,14,14.0,2.0,9.0,0.0,12.0,4.0,0.0,0,8
991,838,Stoffel Vandoorne,1,McLaren,17,2018,3,14,14.0,6.0,11.0,0.0,22.0,3.0,0.0,0,13
992,838,Stoffel Vandoorne,1,McLaren,73,2018,4,16,16.0,6.0,11.0,0.0,28.0,4.0,0.0,0,9
993,838,Stoffel Vandoorne,1,McLaren,4,2018,5,11,11.0,8.0,14.0,0.0,36.0,4.0,0.0,0,15
994,838,Stoffel Vandoorne,1,McLaren,6,2018,6,12,12.0,8.0,14.0,0.0,40.0,5.0,0.0,0,14
995,838,Stoffel Vandoorne,1,McLaren,7,2018,7,15,15.0,8.0,15.0,0.0,40.0,5.0,0.0,0,16
996,838,Stoffel Vandoorne,1,McLaren,34,2018,8,17,18.0,8.0,15.0,0.0,40.0,5.0,0.0,0,12
997,838,Stoffel Vandoorne,1,McLaren,70,2018,9,15,16.0,8.0,15.0,0.0,40.0,5.0,0.0,0,15
998,838,Stoffel Vandoorne,1,McLaren,9,2018,10,17,17.0,8.0,16.0,0.0,44.0,6.0,0.0,0,11
999,838,Stoffel Vandoorne,1,McLaren,10,2018,11,19,20.0,8.0,16.0,0.0,48.0,7.0,0.0,0,13
1000,838,Stoffel Vandoorne,1,McLaren,11,2018,12,16,16.0,8.0,16.0,0.0,48.0,7.0,0.0,0,18
1001,838,Stoffel Vandoorne,1,McLaren,13,2018,13,18,20.0,8.0,16.0,0.0,52.0,7.0,0.0,0,15
1002,838,Stoffel Vandoorne,1,McLaren,14,2018,14,17,20.0,8.0,16.0,0.0,52.0,6.0,0.0,0,12
1003,838,Stoffel Vandoorne,1,McLaren,15,2018,15,18,18.0,8.0,16.0,0.0,52.0,6.0,0.0,0,12
1004,838,Stoffel Vandoorne,1,McLaren,71,2018,16,15,19.0,8.0,16.0,0.0,58.0,6.0,0.0,0,16
1005,838,Stoffel Vandoorne,1,McLaren,22,2018,17,19,19.0,8.0,16.0,0.0,58.0,6.0,0.0,0,15
1006,838,Stoffel Vandoorne,1,McLaren,69,2018,18,17,20.0,8.0,16.0,0.0,58.0,6.0,0.0,0,11
1007,838,Stoffel Vandoorne,1,McLaren,32,2018,19,15,17.0,8.0,16.0,0.0,58.0,6.0,0.0,0,8
1008,838,Stoffel Vandoorne,1,McLaren,18,2018,20,20,20.0,12.0,16.0,0.0,62.0,6.0,0.0,0,14
1009,838,Stoffel Vandoorne,1,McLaren,24,2018,21,18,18.0,12.0,16.0,0.0,62.0,6.0,0.0,0,14
960,839,Esteban Ocon,209,Manor Marussia,13,2016,13,17,18.0,0.0,99.0,0.0,1.0,10.0,0.0,0,16
962,839,Esteban Ocon,209,Manor Marussia,15,2016,15,21,21.0,0.0,24.0,0.0,1.0,10.0,0.0,0,18
963,839,Esteban Ocon,209,Manor Marussia,2,2016,16,20,20.0,0.0,24.0,0.0,1.0,10.0,0.0,0,16
964,839,Esteban Ocon,209,Manor Marussia,22,2016,17,20,21.0,0.0,24.0,0.0,1.0,10.0,0.0,0,21
965,839,Esteban Ocon,209,Manor Marussia,69,2016,18,22,22.0,0.0,24.0,0.0,1.0,10.0,0.0,0,18
966,839,Esteban Ocon,209,Manor Marussia,32,2016,19,20,20.0,0.0,24.0,0.0,1.0,10.0,0.0,0,21
967,839,Esteban Ocon,209,Manor Marussia,18,2016,20,22,20.0,0.0,24.0,0.0,1.0,10.0,0.0,0,12
968,839,Esteban Ocon,209,Manor Marussia,24,2016,21,20,20.0,0.0,23.0,0.0,1.0,11.0,0.0,0,13
969,839,Esteban Ocon,10,Force India,1,2017,1,13,14.0,0.0,99.0,0.0,0.0,99.0,0.0,0,10
970,839,Esteban Ocon,10,Force India,17,2017,2,17,20.0,1.0,10.0,0.0,7.0,5.0,0.0,0,10
971,839,Esteban Ocon,10,Force India,3,2017,3,14,14.0,2.0,12.0,0.0,10.0,5.0,0.0,0,10
972,839,Esteban Ocon,10,Force India,71,2017,4,10,10.0,3.0,12.0,0.0,17.0,4.0,0.0,0,7
973,839,Esteban Ocon,10,Force India,4,2017,5,10,10.0,9.0,10.0,0.0,31.0,4.0,0.0,0,5
974,839,Esteban Ocon,10,Force India,6,2017,6,15,16.0,19.0,8.0,0.0,53.0,4.0,0.0,0,12
975,839,Esteban Ocon,10,Force India,7,2017,7,9,9.0,19.0,10.0,0.0,53.0,4.0,0.0,0,6
976,839,Esteban Ocon,10,Force India,73,2017,8,7,7.0,27.0,8.0,0.0,71.0,4.0,0.0,0,6
977,839,Esteban Ocon,10,Force India,70,2017,9,9,9.0,35.0,8.0,0.0,79.0,4.0,0.0,0,8
978,839,Esteban Ocon,10,Force India,9,2017,10,7,8.0,39.0,8.0,0.0,89.0,4.0,0.0,0,8
979,839,Esteban Ocon,10,Force India,11,2017,11,11,12.0,43.0,8.0,0.0,95.0,4.0,0.0,0,9
980,839,Esteban Ocon,10,Force India,13,2017,12,9,9.0,45.0,8.0,0.0,101.0,4.0,0.0,0,9
981,839,Esteban Ocon,10,Force India,14,2017,13,3,5.0,47.0,8.0,0.0,103.0,4.0,0.0,0,6
982,839,Esteban Ocon,10,Force India,15,2017,14,14,14.0,55.0,8.0,0.0,113.0,4.0,0.0,0,10
983,839,Esteban Ocon,10,Force India,2,2017,15,6,6.0,56.0,8.0,0.0,124.0,4.0,0.0,0,10
984,839,Esteban Ocon,10,Force India,22,2017,16,5,7.0,57.0,8.0,0.0,133.0,4.0,0.0,0,6
985,839,Esteban Ocon,10,Force India,69,2017,17,6,7.0,65.0,8.0,0.0,147.0,4.0,0.0,0,6
986,839,Esteban Ocon,10,Force India,32,2017,18,6,6.0,73.0,8.0,0.0,159.0,4.0,0.0,0,5
987,839,Esteban Ocon,10,Force India,18,2017,19,10,11.0,83.0,8.0,0.0,175.0,4.0,0.0,0,18
988,839,Esteban Ocon,10,Force India,24,2017,20,9,9.0,83.0,8.0,0.0,177.0,4.0,0.0,0,8
989,839,Esteban Ocon,10,Force India,1,2018,1,14,15.0,0.0,99.0,0.0,0.0,99.0,0.0,0,12
990,839,Esteban Ocon,10,Force India,3,2018,2,8,9.0,0.0,12.0,0.0,0.0,6.0,0.0,0,10
991,839,Esteban Ocon,10,Force India,17,2018,3,12,12.0,1.0,14.0,0.0,1.0,9.0,0.0,0,11
992,839,Esteban Ocon,10,Force India,73,2018,4,7,7.0,1.0,14.0,0.0,1.0,9.0,0.0,0,19
993,839,Esteban Ocon,10,Force India,4,2018,5,13,13.0,1.0,17.0,0.0,16.0,6.0,0.0,0,16
994,839,Esteban Ocon,10,Force India,6,2018,6,6,6.0,1.0,17.0,0.0,18.0,7.0,0.0,0,6
995,839,Esteban Ocon,10,Force India,7,2018,7,8,8.0,9.0,13.0,0.0,26.0,6.0,0.0,0,9
996,839,Esteban Ocon,10,Force India,34,2018,8,11,11.0,11.0,13.0,0.0,28.0,6.0,0.0,0,19
997,839,Esteban Ocon,10,Force India,70,2018,9,11,11.0,11.0,13.0,0.0,28.0,6.0,0.0,0,6
998,839,Esteban Ocon,10,Force India,9,2018,10,10,10.0,19.0,12.0,0.0,42.0,7.0,0.0,0,7
999,839,Esteban Ocon,10,Force India,10,2018,11,15,16.0,25.0,11.0,0.0,49.0,6.0,0.0,0,8
1000,839,Esteban Ocon,10,Force India,11,2018,12,18,18.0,29.0,11.0,0.0,59.0,5.0,0.0,0,13
1001,839,Esteban Ocon,10,Force India,13,2018,13,3,3.0,29.0,12.0,0.0,59.0,6.0,0.0,0,6
1002,839,Esteban Ocon,10,Force India,14,2018,14,8,8.0,37.0,11.0,0.0,18.0,9.0,0.0,0,6
1003,839,Esteban Ocon,10,Force India,15,2018,15,9,9.0,45.0,10.0,0.0,32.0,7.0,0.0,0,20
1004,839,Esteban Ocon,10,Force India,71,2018,16,6,6.0,45.0,11.0,0.0,32.0,7.0,0.0,0,9
1005,839,Esteban Ocon,10,Force India,22,2018,17,11,8.0,47.0,11.0,0.0,35.0,7.0,0.0,0,9
1006,839,Esteban Ocon,10,Force India,69,2018,18,6,6.0,49.0,11.0,0.0,43.0,7.0,0.0,0,19
1007,839,Esteban Ocon,10,Force India,32,2018,19,11,11.0,49.0,11.0,0.0,47.0,7.0,0.0,0,11
1008,839,Esteban Ocon,10,Force India,18,2018,20,18,13.0,49.0,11.0,0.0,47.0,7.0,0.0,0,15
1009,839,Esteban Ocon,10,Force India,24,2018,21,9,9.0,49.0,11.0,0.0,48.0,7.0,0.0,0,17
1031,839,Esteban Ocon,4,Renault,70,2020,1,14,14.0,0.0,99.0,0.0,0.0,99.0,0.0,0,8
1032,839,Esteban Ocon,4,Renault,70,2020,2,5,5.0,4.0,8.0,0.0,4.0,6.0,0.0,0,18
1033,839,Esteban Ocon,4,Renault,11,2020,3,14,14.0,4.0,11.0,0.0,8.0,6.0,0.0,0,14
1034,839,Esteban Ocon,4,Renault,9,2020,4,9,9.0,4.0,13.0,0.0,12.0,6.0,0.0,0,6
1035,839,Esteban Ocon,4,Renault,9,2020,5,14,11.0,12.0,11.0,0.0,32.0,6.0,0.0,0,8
1036,839,Esteban Ocon,4,Renault,4,2020,6,15,15.0,16.0,10.0,0.0,36.0,6.0,0.0,0,13
1037,839,Esteban Ocon,4,Renault,13,2020,7,6,6.0,16.0,12.0,0.0,36.0,6.0,0.0,0,5
1038,839,Esteban Ocon,4,Renault,14,2020,8,12,12.0,26.0,10.0,0.0,59.0,6.0,0.0,0,8
1039,839,Esteban Ocon,4,Renault,76,2020,9,10,10.0,30.0,12.0,0.0,71.0,5.0,0.0,0,14
1040,839,Esteban Ocon,4,Renault,71,2020,10,7,7.0,30.0,12.0,0.0,83.0,5.0,0.0,0,7
1041,839,Esteban Ocon,4,Renault,20,2020,11,7,7.0,36.0,12.0,0.0,99.0,5.0,0.0,0,18
1042,839,Esteban Ocon,4,Renault,75,2020,12,11,11.0,36.0,12.0,0.0,114.0,5.0,0.0,0,8
1043,839,Esteban Ocon,4,Renault,21,2020,13,12,12.0,40.0,12.0,0.0,120.0,5.0,0.0,0,19
1044,839,Esteban Ocon,4,Renault,5,2020,14,7,7.0,40.0,12.0,0.0,135.0,3.0,0.0,0,11
1045,839,Esteban Ocon,4,Renault,3,2020,15,7,7.0,40.0,12.0,0.0,136.0,5.0,0.0,0,9
1046,839,Esteban Ocon,4,Renault,3,2020,16,11,11.0,42.0,12.0,0.0,144.0,5.0,0.0,1,2
1047,839,Esteban Ocon,4,Renault,24,2020,17,10,11.0,60.0,12.0,0.0,172.0,5.0,0.0,0,9
1052,839,Esteban Ocon,214,Alpine F1 Team,3,2021,1,16,16.0,0.0,99.0,0.0,0.0,99.0,0.0,0,13
1053,839,Esteban Ocon,214,Alpine F1 Team,21,2021,2,9,9.0,0.0,13.0,0.0,0.0,8.0,0.0,0,9
1054,839,Esteban Ocon,214,Alpine F1 Team,75,2021,3,6,6.0,2.0,12.0,0.0,3.0,7.0,0.0,0,7
1055,839,Esteban Ocon,214,Alpine F1 Team,4,2021,4,5,5.0,8.0,9.0,0.0,13.0,5.0,0.0,0,9
1056,839,Esteban Ocon,214,Alpine F1 Team,6,2021,5,11,11.0,10.0,9.0,0.0,15.0,5.0,0.0,0,9
1057,839,Esteban Ocon,214,Alpine F1 Team,73,2021,6,12,12.0,12.0,10.0,0.0,17.0,7.0,0.0,0,20
1059,839,Esteban Ocon,214,Alpine F1 Team,34,2021,7,11,11.0,12.0,12.0,0.0,25.0,7.0,0.0,0,14
1058,839,Esteban Ocon,214,Alpine F1 Team,70,2021,8,17,17.0,12.0,12.0,0.0,29.0,7.0,0.0,0,14
1060,839,Esteban Ocon,214,Alpine F1 Team,70,2021,9,17,17.0,12.0,13.0,0.0,31.0,7.0,0.0,0,20
1061,839,Esteban Ocon,214,Alpine F1 Team,9,2021,10,9,13.0,12.0,13.0,0.0,32.0,7.0,0.0,0,9
1062,839,Esteban Ocon,214,Alpine F1 Team,11,2021,11,8,8.0,14.0,13.0,0.0,40.0,7.0,0.0,1,1
1063,839,Esteban Ocon,214,Alpine F1 Team,13,2021,12,8,9.0,39.0,10.0,1.0,77.0,5.0,1.0,0,7
1064,839,Esteban Ocon,214,Alpine F1 Team,39,2021,13,8,8.0,42.0,10.0,1.0,80.0,5.0,1.0,0,9
1065,839,Esteban Ocon,214,Alpine F1 Team,14,2021,14,12,14.0,44.0,11.0,1.0,90.0,5.0,1.0,0,10
1066,839,Esteban Ocon,214,Alpine F1 Team,71,2021,15,9,10.0,45.0,11.0,1.0,95.0,5.0,1.0,0,14
1067,839,Esteban Ocon,214,Alpine F1 Team,5,2021,16,12,12.0,45.0,11.0,1.0,103.0,5.0,1.0,0,10
1069,839,Esteban Ocon,214,Alpine F1 Team,69,2021,17,11,11.0,46.0,11.0,1.0,104.0,5.0,1.0,0,19
1070,839,Esteban Ocon,214,Alpine F1 Team,32,2021,18,19,15.0,46.0,11.0,1.0,104.0,5.0,1.0,0,13
1071,839,Esteban Ocon,214,Alpine F1 Team,18,2021,19,8,11.0,46.0,11.0,1.0,106.0,5.0,1.0,0,8
1051,839,Esteban Ocon,214,Alpine F1 Team,78,2021,20,9,9.0,50.0,11.0,1.0,112.0,5.0,1.0,0,5
1072,839,Esteban Ocon,214,Alpine F1 Team,77,2021,21,9,9.0,60.0,11.0,1.0,137.0,5.0,1.0,0,4
1073,839,Esteban Ocon,214,Alpine F1 Team,24,2021,22,9,9.0,72.0,11.0,1.0,149.0,5.0,1.0,0,9
1074,839,Esteban Ocon,214,Alpine F1 Team,3,2022,1,11,11.0,0.0,99.0,0.0,0.0,99.0,0.0,0,7
1075,839,Esteban Ocon,214,Alpine F1 Team,77,2022,2,5,5.0,6.0,7.0,0.0,8.0,5.0,0.0,0,6
1076,839,Esteban Ocon,214,Alpine F1 Team,1,2022,3,8,8.0,14.0,6.0,0.0,16.0,4.0,0.0,0,7
1077,839,Esteban Ocon,214,Alpine F1 Team,21,2022,4,16,19.0,20.0,7.0,0.0,22.0,5.0,0.0,0,14
1078,839,Esteban Ocon,214,Alpine F1 Team,79,2022,5,20,20.0,20.0,9.0,0.0,22.0,6.0,0.0,0,8
1079,839,Esteban Ocon,214,Alpine F1 Team,4,2022,6,12,12.0,24.0,9.0,0.0,26.0,6.0,0.0,0,7
1080,839,Esteban Ocon,214,Alpine F1 Team,6,2022,7,10,10.0,30.0,9.0,0.0,34.0,6.0,0.0,0,12
1081,839,Esteban Ocon,214,Alpine F1 Team,73,2022,8,13,13.0,30.0,9.0,0.0,40.0,6.0,0.0,0,10
1082,839,Esteban Ocon,214,Alpine F1 Team,7,2022,9,7,7.0,31.0,9.0,0.0,47.0,5.0,0.0,0,6
1083,839,Esteban Ocon,214,Alpine F1 Team,9,2022,10,15,15.0,39.0,9.0,0.0,57.0,5.0,0.0,0,15
1084,839,Esteban Ocon,214,Alpine F1 Team,70,2022,11,6,5.0,39.0,9.0,0.0,67.0,5.0,0.0,0,5
1085,839,Esteban Ocon,214,Alpine F1 Team,34,2022,12,10,12.0,52.0,8.0,0.0,81.0,5.0,0.0,0,8
1086,839,Esteban Ocon,214,Alpine F1 Team,11,2022,13,5,5.0,56.0,8.0,0.0,93.0,4.0,0.0,0,9
1087,839,Esteban Ocon,214,Alpine F1 Team,13,2022,14,16,5.0,58.0,8.0,0.0,99.0,4.0,0.0,0,7
1088,839,Esteban Ocon,214,Alpine F1 Team,39,2022,15,12,12.0,64.0,8.0,0.0,115.0,4.0,0.0,0,9
1089,839,Esteban Ocon,214,Alpine F1 Team,14,2022,16,14,11.0,66.0,8.0,0.0,125.0,4.0,0.0,0,11
1091,839,Esteban Ocon,214,Alpine F1 Team,15,2022,17,17,18.0,66.0,8.0,0.0,125.0,4.0,0.0,0,16
1092,839,Esteban Ocon,214,Alpine F1 Team,22,2022,18,5,5.0,66.0,8.0,0.0,125.0,5.0,0.0,0,4
1093,839,Esteban Ocon,214,Alpine F1 Team,69,2022,19,0,18.0,78.0,8.0,0.0,143.0,4.0,0.0,0,11
1094,839,Esteban Ocon,214,Alpine F1 Team,32,2022,20,10,10.0,78.0,8.0,0.0,149.0,4.0,0.0,0,8
1095,839,Esteban Ocon,214,Alpine F1 Team,18,2022,21,16,6.0,82.0,8.0,0.0,153.0,4.0,0.0,0,8
1096,839,Esteban Ocon,214,Alpine F1 Team,24,2022,22,8,8.0,86.0,8.0,0.0,167.0,4.0,0.0,0,7
1098,839,Esteban Ocon,214,Alpine F1 Team,3,2023,1,9,9.0,0.0,99.0,0.0,0.0,99.0,0.0,0,18
1099,839,Esteban Ocon,214,Alpine F1 Team,77,2023,2,6,7.0,0.0,18.0,0.0,2.0,6.0,0.0,0,8
1100,839,Esteban Ocon,214,Alpine F1 Team,1,2023,3,11,11.0,4.0,10.0,0.0,8.0,5.0,0.0,0,14
1101,839,Esteban Ocon,214,Alpine F1 Team,73,2023,4,0,12.0,4.0,12.0,0.0,8.0,6.0,0.0,0,15
1102,839,Esteban Ocon,214,Alpine F1 Team,79,2023,5,8,8.0,4.0,13.0,0.0,8.0,6.0,0.0,0,9
1104,839,Esteban Ocon,214,Alpine F1 Team,6,2023,6,3,4.0,6.0,12.0,0.0,14.0,6.0,0.0,1,3
1105,839,Esteban Ocon,214,Alpine F1 Team,4,2023,7,6,7.0,21.0,9.0,0.0,35.0,5.0,0.0,0,8
1106,839,Esteban Ocon,214,Alpine F1 Team,7,2023,8,6,6.0,25.0,9.0,0.0,40.0,5.0,0.0,0,8
1107,839,Esteban Ocon,214,Alpine F1 Team,70,2023,9,12,12.0,29.0,9.0,0.0,44.0,5.0,0.0,0,14
1108,839,Esteban Ocon,214,Alpine F1 Team,9,2023,10,13,13.0,31.0,9.0,0.0,47.0,5.0,0.0,0,20
1109,839,Esteban Ocon,214,Alpine F1 Team,11,2023,11,12,12.0,31.0,10.0,0.0,47.0,6.0,0.0,0,19
1110,839,Esteban Ocon,214,Alpine F1 Team,13,2023,12,14,15.0,31.0,10.0,0.0,47.0,6.0,0.0,0,8
1111,839,Esteban Ocon,214,Alpine F1 Team,39,2023,13,16,17.0,35.0,10.0,0.0,57.0,6.0,0.0,0,10
1112,839,Esteban Ocon,214,Alpine F1 Team,14,2023,14,18,18.0,36.0,11.0,0.0,73.0,6.0,0.0,0,19
1113,839,Esteban Ocon,214,Alpine F1 Team,15,2023,15,8,8.0,36.0,11.0,0.0,73.0,6.0,0.0,0,18
1114,839,Esteban Ocon,214,Alpine F1 Team,22,2023,16,14,14.0,36.0,12.0,0.0,81.0,6.0,0.0,0,9
1115,839,Esteban Ocon,214,Alpine F1 Team,78,2023,17,8,8.0,38.0,12.0,0.0,84.0,6.0,0.0,0,7
1116,839,Esteban Ocon,214,Alpine F1 Team,69,2023,18,8,8.0,44.0,12.0,0.0,90.0,6.0,0.0,0,18
1117,839,Esteban Ocon,214,Alpine F1 Team,32,2023,19,15,16.0,44.0,12.0,0.0,100.0,6.0,0.0,0,10
1118,839,Esteban Ocon,214,Alpine F1 Team,18,2023,20,14,12.0,45.0,12.0,0.0,101.0,6.0,0.0,0,10
1119,839,Esteban Ocon,214,Alpine F1 Team,80,2023,21,16,17.0,46.0,12.0,0.0,108.0,6.0,0.0,0,4
1120,839,Esteban Ocon,214,Alpine F1 Team,24,2023,22,12,12.0,58.0,12.0,0.0,120.0,6.0,0.0,0,12
1121,839,Esteban Ocon,214,Alpine F1 Team,3,2024,1,19,19.0,0.0,99.0,0.0,0.0,99.0,0.0,0,17
1122,839,Esteban Ocon,214,Alpine F1 Team,77,2024,2,17,17.0,0.0,17.0,0.0,0.0,10.0,0.0,0,13
1123,839,Esteban Ocon,214,Alpine F1 Team,1,2024,3,15,15.0,0.0,17.0,0.0,0.0,10.0,0.0,0,16
1124,839,Esteban Ocon,214,Alpine F1 Team,22,2024,4,15,15.0,0.0,18.0,0.0,0.0,10.0,0.0,0,15
1125,839,Esteban Ocon,214,Alpine F1 Team,17,2024,5,13,13.0,0.0,18.0,0.0,0.0,10.0,0.0,0,11
1126,839,Esteban Ocon,214,Alpine F1 Team,79,2024,6,13,13.0,0.0,16.0,0.0,0.0,9.0,0.0,0,10
1127,839,Esteban Ocon,214,Alpine F1 Team,21,2024,7,12,12.0,1.0,15.0,0.0,1.0,8.0,0.0,0,14
1128,839,Esteban Ocon,214,Alpine F1 Team,6,2024,8,11,11.0,1.0,15.0,0.0,1.0,8.0,0.0,0,17
1129,839,Esteban Ocon,214,Alpine F1 Team,7,2024,9,18,18.0,1.0,16.0,0.0,2.0,9.0,0.0,0,10
1130,839,Esteban Ocon,214,Alpine F1 Team,4,2024,10,8,9.0,2.0,17.0,0.0,5.0,8.0,0.0,0,10
1131,839,Esteban Ocon,214,Alpine F1 Team,70,2024,11,10,10.0,3.0,16.0,0.0,8.0,7.0,0.0,0,12
1132,839,Esteban Ocon,214,Alpine F1 Team,9,2024,12,18,18.0,3.0,17.0,0.0,9.0,8.0,0.0,0,16
1133,839,Esteban Ocon,214,Alpine F1 Team,11,2024,13,19,19.0,3.0,18.0,0.0,9.0,8.0,0.0,0,18
1134,839,Esteban Ocon,214,Alpine F1 Team,13,2024,14,9,10.0,3.0,18.0,0.0,9.0,8.0,0.0,0,9
1135,839,Esteban Ocon,214,Alpine F1 Team,39,2024,15,15,16.0,5.0,17.0,0.0,11.0,8.0,0.0,0,15
1136,839,Esteban Ocon,214,Alpine F1 Team,14,2024,16,15,15.0,5.0,17.0,0.0,13.0,8.0,0.0,0,14
1137,839,Esteban Ocon,214,Alpine F1 Team,73,2024,17,0,19.0,5.0,18.0,0.0,13.0,8.0,0.0,0,15
1138,839,Esteban Ocon,214,Alpine F1 Team,15,2024,18,15,15.0,5.0,18.0,0.0,13.0,9.0,0.0,0,13
1139,839,Esteban Ocon,214,Alpine F1 Team,69,2024,19,12,13.0,5.0,18.0,0.0,13.0,9.0,0.0,0,18
1140,839,Esteban Ocon,214,Alpine F1 Team,32,2024,20,0,19.0,5.0,19.0,0.0,13.0,9.0,0.0,0,13
1141,839,Esteban Ocon,214,Alpine F1 Team,18,2024,21,4,4.0,5.0,19.0,0.0,14.0,9.0,0.0,1,2
1142,839,Esteban Ocon,214,Alpine F1 Team,80,2024,22,11,11.0,23.0,14.0,0.0,49.0,6.0,0.0,0,17
1143,839,Esteban Ocon,214,Alpine F1 Team,78,2024,23,20,20.0,23.0,14.0,0.0,49.0,7.0,0.0,0,20
969,840,Lance Stroll,3,Williams,1,2017,1,20,19.0,0.0,99.0,0.0,0.0,99.0,0.0,0,16
970,840,Lance Stroll,3,Williams,17,2017,2,10,10.0,0.0,16.0,0.0,8.0,4.0,0.0,0,20
971,840,Lance Stroll,3,Williams,3,2017,3,12,12.0,0.0,20.0,0.0,8.0,6.0,0.0,0,17
972,840,Lance Stroll,3,Williams,71,2017,4,11,12.0,0.0,21.0,0.0,16.0,5.0,0.0,0,11
973,840,Lance Stroll,3,Williams,4,2017,5,18,18.0,0.0,16.0,0.0,18.0,5.0,0.0,0,16
974,840,Lance Stroll,3,Williams,6,2017,6,17,18.0,0.0,17.0,0.0,18.0,6.0,0.0,0,15
975,840,Lance Stroll,3,Williams,7,2017,7,17,17.0,0.0,18.0,0.0,20.0,6.0,0.0,0,9
976,840,Lance Stroll,3,Williams,73,2017,8,8,8.0,2.0,16.0,0.0,22.0,6.0,0.0,1,3
977,840,Lance Stroll,3,Williams,70,2017,9,18,18.0,17.0,12.0,0.0,37.0,5.0,0.0,0,10
978,840,Lance Stroll,3,Williams,9,2017,10,15,16.0,18.0,11.0,0.0,40.0,5.0,0.0,0,16
979,840,Lance Stroll,3,Williams,11,2017,11,17,17.0,18.0,12.0,0.0,41.0,5.0,0.0,0,14
980,840,Lance Stroll,3,Williams,13,2017,12,15,18.0,18.0,12.0,0.0,41.0,5.0,0.0,0,11
981,840,Lance Stroll,3,Williams,14,2017,13,2,4.0,18.0,13.0,0.0,45.0,5.0,0.0,0,7
982,840,Lance Stroll,3,Williams,15,2017,14,18,18.0,24.0,12.0,0.0,55.0,5.0,0.0,0,8
983,840,Lance Stroll,3,Williams,2,2017,15,13,13.0,28.0,12.0,0.0,59.0,5.0,0.0,0,8
984,840,Lance Stroll,3,Williams,22,2017,16,15,18.0,32.0,12.0,0.0,65.0,5.0,0.0,0,16
985,840,Lance Stroll,3,Williams,69,2017,17,15,17.0,32.0,12.0,0.0,66.0,5.0,0.0,0,11
986,840,Lance Stroll,3,Williams,32,2017,18,11,12.0,32.0,12.0,0.0,68.0,5.0,0.0,0,6
987,840,Lance Stroll,3,Williams,18,2017,19,16,18.0,40.0,10.0,0.0,76.0,5.0,0.0,0,16
988,840,Lance Stroll,3,Williams,24,2017,20,15,15.0,40.0,11.0,0.0,82.0,5.0,0.0,0,18
989,840,Lance Stroll,3,Williams,1,2018,1,13,14.0,0.0,99.0,0.0,0.0,99.0,0.0,0,14
990,840,Lance Stroll,3,Williams,3,2018,2,20,20.0,0.0,14.0,0.0,0.0,8.0,0.0,0,14
991,840,Lance Stroll,3,Williams,17,2018,3,18,18.0,0.0,18.0,0.0,0.0,10.0,0.0,0,14
992,840,Lance Stroll,3,Williams,73,2018,4,10,11.0,0.0,18.0,0.0,0.0,10.0,0.0,0,8
993,840,Lance Stroll,3,Williams,4,2018,5,18,19.0,4.0,15.0,0.0,4.0,10.0,0.0,0,11
994,840,Lance Stroll,3,Williams,6,2018,6,17,18.0,4.0,15.0,0.0,4.0,10.0,0.0,0,17
995,840,Lance Stroll,3,Williams,7,2018,7,17,17.0,4.0,16.0,0.0,4.0,10.0,0.0,0,20
996,840,Lance Stroll,3,Williams,34,2018,8,19,20.0,4.0,16.0,0.0,4.0,10.0,0.0,0,17
997,840,Lance Stroll,3,Williams,70,2018,9,14,15.0,4.0,16.0,0.0,4.0,10.0,0.0,0,14
998,840,Lance Stroll,3,Williams,9,2018,10,19,19.0,4.0,17.0,0.0,4.0,10.0,0.0,0,12
999,840,Lance Stroll,3,Williams,10,2018,11,18,19.0,4.0,17.0,0.0,4.0,10.0,0.0,0,17
1000,840,Lance Stroll,3,Williams,11,2018,12,15,15.0,4.0,18.0,0.0,4.0,10.0,0.0,0,17
1001,840,Lance Stroll,3,Williams,13,2018,13,17,19.0,4.0,18.0,0.0,4.0,10.0,0.0,0,13
1002,840,Lance Stroll,3,Williams,14,2018,14,10,10.0,4.0,18.0,0.0,4.0,10.0,0.0,0,9
1003,840,Lance Stroll,3,Williams,15,2018,15,20,20.0,6.0,17.0,0.0,7.0,10.0,0.0,0,14
1004,840,Lance Stroll,3,Williams,71,2018,16,14,20.0,6.0,17.0,0.0,7.0,10.0,0.0,0,15
1005,840,Lance Stroll,3,Williams,22,2018,17,14,14.0,6.0,17.0,0.0,7.0,10.0,0.0,0,17
1006,840,Lance Stroll,3,Williams,69,2018,18,15,18.0,6.0,17.0,0.0,7.0,10.0,0.0,0,14
1007,840,Lance Stroll,3,Williams,32,2018,19,17,19.0,6.0,18.0,0.0,7.0,10.0,0.0,0,12
1008,840,Lance Stroll,3,Williams,18,2018,20,19,19.0,6.0,18.0,0.0,7.0,10.0,0.0,0,18
1009,840,Lance Stroll,3,Williams,24,2018,21,20,20.0,6.0,18.0,0.0,7.0,10.0,0.0,0,13
1010,840,Lance Stroll,211,Racing Point,1,2019,1,16,16.0,0.0,99.0,0.0,0.0,99.0,0.0,0,9
1011,840,Lance Stroll,211,Racing Point,3,2019,2,18,18.0,2.0,9.0,0.0,2.0,7.0,0.0,0,14
1012,840,Lance Stroll,211,Racing Point,17,2019,3,16,16.0,2.0,12.0,0.0,3.0,9.0,0.0,0,12
1013,840,Lance Stroll,211,Racing Point,73,2019,4,13,14.0,2.0,14.0,0.0,7.0,8.0,0.0,0,9
1014,840,Lance Stroll,211,Racing Point,4,2019,5,16,17.0,4.0,14.0,0.0,17.0,5.0,0.0,0,19
1015,840,Lance Stroll,211,Racing Point,6,2019,6,17,18.0,4.0,14.0,0.0,17.0,5.0,0.0,0,16
1016,840,Lance Stroll,211,Racing Point,7,2019,7,17,18.0,4.0,16.0,0.0,17.0,5.0,0.0,0,9
1017,840,Lance Stroll,211,Racing Point,34,2019,8,17,18.0,6.0,16.0,0.0,19.0,6.0,0.0,0,13
1018,840,Lance Stroll,211,Racing Point,70,2019,9,14,17.0,6.0,16.0,0.0,19.0,6.0,0.0,0,14
1019,840,Lance Stroll,211,Racing Point,9,2019,10,18,18.0,6.0,16.0,0.0,19.0,7.0,0.0,0,13
1020,840,Lance Stroll,211,Racing Point,10,2019,11,15,15.0,6.0,16.0,0.0,19.0,7.0,0.0,0,4
1021,840,Lance Stroll,211,Racing Point,11,2019,12,18,19.0,18.0,12.0,0.0,31.0,7.0,0.0,0,17
1022,840,Lance Stroll,211,Racing Point,13,2019,13,16,13.0,18.0,12.0,0.0,31.0,8.0,0.0,0,10
1023,840,Lance Stroll,211,Racing Point,14,2019,14,9,9.0,19.0,15.0,0.0,40.0,7.0,0.0,0,12
1024,840,Lance Stroll,211,Racing Point,15,2019,15,16,16.0,19.0,15.0,0.0,46.0,7.0,0.0,0,13
1025,840,Lance Stroll,211,Racing Point,71,2019,16,14,15.0,19.0,15.0,0.0,46.0,7.0,0.0,0,11
1026,840,Lance Stroll,211,Racing Point,22,2019,17,12,12.0,19.0,16.0,0.0,52.0,7.0,0.0,0,9
1027,840,Lance Stroll,211,Racing Point,32,2019,18,16,16.0,21.0,15.0,0.0,58.0,7.0,0.0,0,12
1028,840,Lance Stroll,211,Racing Point,69,2019,19,14,14.0,21.0,15.0,0.0,64.0,7.0,0.0,0,13
1029,840,Lance Stroll,211,Racing Point,18,2019,20,17,17.0,21.0,15.0,0.0,65.0,6.0,0.0,0,19
1030,840,Lance Stroll,211,Racing Point,24,2019,21,12,13.0,21.0,15.0,0.0,67.0,7.0,0.0,0,20
1031,840,Lance Stroll,211,Racing Point,70,2020,1,9,9.0,0.0,99.0,0.0,0.0,99.0,0.0,0,18
1032,840,Lance Stroll,211,Racing Point,70,2020,2,12,13.0,0.0,18.0,0.0,8.0,4.0,0.0,0,7
1033,840,Lance Stroll,211,Racing Point,11,2020,3,3,3.0,6.0,10.0,0.0,22.0,4.0,0.0,0,4
1034,840,Lance Stroll,211,Racing Point,9,2020,4,6,6.0,18.0,8.0,0.0,40.0,4.0,0.0,0,9
1035,840,Lance Stroll,211,Racing Point,9,2020,5,6,6.0,20.0,8.0,0.0,42.0,5.0,0.0,0,6
1036,840,Lance Stroll,211,Racing Point,4,2020,6,5,5.0,28.0,7.0,0.0,41.0,5.0,0.0,0,4
1037,840,Lance Stroll,211,Racing Point,13,2020,7,9,9.0,40.0,5.0,0.0,63.0,3.0,0.0,0,9
1038,840,Lance Stroll,211,Racing Point,14,2020,8,8,8.0,42.0,7.0,0.0,66.0,4.0,0.0,1,3
1039,840,Lance Stroll,211,Racing Point,76,2020,9,6,7.0,57.0,4.0,0.0,82.0,4.0,0.0,0,13
1040,840,Lance Stroll,211,Racing Point,71,2020,10,12,13.0,57.0,6.0,0.0,92.0,4.0,0.0,0,20
1042,840,Lance Stroll,211,Racing Point,75,2020,12,12,12.0,57.0,8.0,0.0,120.0,3.0,0.0,0,20
1043,840,Lance Stroll,211,Racing Point,21,2020,13,15,15.0,57.0,11.0,0.0,126.0,3.0,0.0,0,13
1044,840,Lance Stroll,211,Racing Point,5,2020,14,1,1.0,57.0,11.0,0.0,134.0,5.0,0.0,0,9
1045,840,Lance Stroll,211,Racing Point,3,2020,15,13,13.0,59.0,11.0,0.0,154.0,3.0,0.0,0,19
1046,840,Lance Stroll,211,Racing Point,3,2020,16,10,10.0,59.0,11.0,0.0,154.0,4.0,0.0,1,3
1047,840,Lance Stroll,211,Racing Point,24,2020,17,8,8.0,74.0,10.0,0.0,194.0,3.0,1.0,0,10
1052,840,Lance Stroll,117,Aston Martin,3,2021,1,10,10.0,0.0,99.0,0.0,0.0,99.0,0.0,0,10
1053,840,Lance Stroll,117,Aston Martin,21,2021,2,10,10.0,1.0,10.0,0.0,1.0,6.0,0.0,0,8
1054,840,Lance Stroll,117,Aston Martin,75,2021,3,17,17.0,5.0,10.0,0.0,5.0,6.0,0.0,0,14
1055,840,Lance Stroll,117,Aston Martin,4,2021,4,11,11.0,5.0,11.0,0.0,5.0,7.0,0.0,0,11
1056,840,Lance Stroll,117,Aston Martin,6,2021,5,13,13.0,5.0,11.0,0.0,5.0,7.0,0.0,0,8
1057,840,Lance Stroll,117,Aston Martin,73,2021,6,19,19.0,9.0,12.0,0.0,19.0,5.0,0.0,0,19
1059,840,Lance Stroll,117,Aston Martin,34,2021,7,19,19.0,9.0,13.0,0.0,37.0,6.0,0.0,0,10
1058,840,Lance Stroll,117,Aston Martin,70,2021,8,9,10.0,10.0,13.0,0.0,40.0,6.0,0.0,0,8
1060,840,Lance Stroll,117,Aston Martin,70,2021,9,9,10.0,14.0,12.0,0.0,44.0,6.0,0.0,0,13
1061,840,Lance Stroll,117,Aston Martin,9,2021,10,14,15.0,14.0,12.0,0.0,44.0,6.0,0.0,0,8
1062,840,Lance Stroll,117,Aston Martin,11,2021,11,12,12.0,18.0,12.0,0.0,48.0,6.0,0.0,0,19
1063,840,Lance Stroll,117,Aston Martin,13,2021,12,19,15.0,18.0,14.0,0.0,48.0,7.0,0.0,0,20
1064,840,Lance Stroll,117,Aston Martin,39,2021,13,12,12.0,18.0,14.0,0.0,53.0,7.0,0.0,0,12
1065,840,Lance Stroll,117,Aston Martin,14,2021,14,9,12.0,18.0,14.0,0.0,53.0,7.0,0.0,0,7
1066,840,Lance Stroll,117,Aston Martin,71,2021,15,7,8.0,24.0,13.0,0.0,59.0,7.0,0.0,0,11
1067,840,Lance Stroll,117,Aston Martin,5,2021,16,8,9.0,24.0,13.0,0.0,59.0,7.0,0.0,0,9
1069,840,Lance Stroll,117,Aston Martin,69,2021,17,13,16.0,26.0,13.0,0.0,61.0,7.0,0.0,0,12
1070,840,Lance Stroll,117,Aston Martin,32,2021,18,20,20.0,26.0,13.0,0.0,62.0,7.0,0.0,0,14
1071,840,Lance Stroll,117,Aston Martin,18,2021,19,14,16.0,26.0,13.0,0.0,68.0,7.0,0.0,0,20
1051,840,Lance Stroll,117,Aston Martin,78,2021,20,12,12.0,26.0,13.0,0.0,68.0,7.0,0.0,0,6
1072,840,Lance Stroll,117,Aston Martin,77,2021,21,18,18.0,34.0,13.0,0.0,77.0,7.0,0.0,0,11
1073,840,Lance Stroll,117,Aston Martin,24,2021,22,13,13.0,34.0,13.0,0.0,77.0,7.0,0.0,0,13
1074,840,Lance Stroll,117,Aston Martin,3,2022,1,19,19.0,0.0,99.0,0.0,0.0,99.0,0.0,0,12
1075,840,Lance Stroll,117,Aston Martin,77,2022,2,13,15.0,0.0,12.0,0.0,0.0,7.0,0.0,0,13
1076,840,Lance Stroll,117,Aston Martin,1,2022,3,19,20.0,0.0,16.0,0.0,0.0,9.0,0.0,0,12
1077,840,Lance Stroll,117,Aston Martin,21,2022,4,15,15.0,0.0,18.0,0.0,0.0,10.0,0.0,0,10
1078,840,Lance Stroll,117,Aston Martin,79,2022,5,0,10.0,1.0,18.0,0.0,5.0,9.0,0.0,0,10
1079,840,Lance Stroll,117,Aston Martin,4,2022,6,17,18.0,2.0,17.0,0.0,6.0,9.0,0.0,0,15
1080,840,Lance Stroll,117,Aston Martin,6,2022,7,18,18.0,2.0,17.0,0.0,6.0,9.0,0.0,0,14
1081,840,Lance Stroll,117,Aston Martin,73,2022,8,19,19.0,2.0,17.0,0.0,7.0,9.0,0.0,0,16
1082,840,Lance Stroll,117,Aston Martin,7,2022,9,17,18.0,2.0,17.0,0.0,15.0,9.0,0.0,0,10
1083,840,Lance Stroll,117,Aston Martin,9,2022,10,20,20.0,3.0,18.0,0.0,16.0,8.0,0.0,0,11
1084,840,Lance Stroll,117,Aston Martin,70,2022,11,12,17.0,3.0,19.0,0.0,18.0,9.0,0.0,0,13
1085,840,Lance Stroll,117,Aston Martin,34,2022,12,15,17.0,3.0,19.0,0.0,18.0,9.0,0.0,0,10
1086,840,Lance Stroll,117,Aston Martin,11,2022,13,14,14.0,4.0,18.0,0.0,19.0,9.0,0.0,0,11
1087,840,Lance Stroll,117,Aston Martin,13,2022,14,9,14.0,4.0,18.0,0.0,20.0,9.0,0.0,0,11
1088,840,Lance Stroll,117,Aston Martin,39,2022,15,10,10.0,4.0,19.0,0.0,24.0,9.0,0.0,0,10
1089,840,Lance Stroll,117,Aston Martin,14,2022,16,12,18.0,5.0,18.0,0.0,25.0,9.0,0.0,0,18
1091,840,Lance Stroll,117,Aston Martin,15,2022,17,11,12.0,5.0,18.0,0.0,25.0,9.0,0.0,0,6
1092,840,Lance Stroll,117,Aston Martin,22,2022,18,19,19.0,13.0,15.0,0.0,37.0,7.0,0.0,0,12
1093,840,Lance Stroll,117,Aston Martin,69,2022,19,5,7.0,13.0,15.0,0.0,45.0,7.0,0.0,0,18
1094,840,Lance Stroll,117,Aston Martin,32,2022,20,20,18.0,13.0,15.0,0.0,49.0,7.0,0.0,0,15
1095,840,Lance Stroll,117,Aston Martin,18,2022,21,15,15.0,13.0,15.0,0.0,49.0,7.0,0.0,0,10
1096,840,Lance Stroll,117,Aston Martin,24,2022,22,14,14.0,14.0,15.0,0.0,50.0,7.0,0.0,0,8
1098,840,Lance Stroll,117,Aston Martin,3,2023,1,8,8.0,0.0,99.0,0.0,0.0,99.0,0.0,0,6
1099,840,Lance Stroll,117,Aston Martin,77,2023,2,5,6.0,8.0,6.0,0.0,23.0,2.0,0.0,0,20
1100,840,Lance Stroll,117,Aston Martin,1,2023,3,6,6.0,8.0,7.0,0.0,38.0,2.0,0.0,0,4
1101,840,Lance Stroll,117,Aston Martin,73,2023,4,9,9.0,20.0,6.0,0.0,65.0,2.0,0.0,0,7
1102,840,Lance Stroll,117,Aston Martin,79,2023,5,18,18.0,27.0,8.0,0.0,87.0,2.0,0.0,0,12
1104,840,Lance Stroll,117,Aston Martin,6,2023,6,14,14.0,27.0,8.0,0.0,102.0,2.0,0.0,0,20
1105,840,Lance Stroll,117,Aston Martin,4,2023,7,5,6.0,27.0,8.0,0.0,120.0,2.0,0.0,0,6
1106,840,Lance Stroll,117,Aston Martin,7,2023,8,16,13.0,35.0,8.0,0.0,134.0,3.0,0.0,0,9
1107,840,Lance Stroll,117,Aston Martin,70,2023,9,6,6.0,37.0,8.0,0.0,154.0,3.0,0.0,0,9
1108,840,Lance Stroll,117,Aston Martin,9,2023,10,12,12.0,44.0,8.0,0.0,175.0,3.0,0.0,0,14
1109,840,Lance Stroll,117,Aston Martin,11,2023,11,14,14.0,44.0,8.0,0.0,181.0,3.0,0.0,0,10
1110,840,Lance Stroll,117,Aston Martin,13,2023,12,10,10.0,45.0,9.0,0.0,184.0,3.0,0.0,0,9
1111,840,Lance Stroll,117,Aston Martin,39,2023,13,11,11.0,47.0,9.0,0.0,196.0,3.0,0.0,0,11
1112,840,Lance Stroll,117,Aston Martin,14,2023,14,20,20.0,47.0,9.0,0.0,215.0,3.0,0.0,0,16
1113,840,Lance Stroll,117,Aston Martin,15,2023,15,0,20.0,47.0,9.0,0.0,217.0,4.0,0.0,0,20
1114,840,Lance Stroll,117,Aston Martin,22,2023,16,17,17.0,47.0,9.0,0.0,217.0,4.0,0.0,0,18
1115,840,Lance Stroll,117,Aston Martin,78,2023,17,16,17.0,47.0,10.0,0.0,221.0,4.0,0.0,0,11
1116,840,Lance Stroll,117,Aston Martin,69,2023,18,0,19.0,47.0,10.0,0.0,230.0,4.0,0.0,0,7
1117,840,Lance Stroll,117,Aston Martin,32,2023,19,0,18.0,53.0,11.0,0.0,236.0,5.0,0.0,0,17
1118,840,Lance Stroll,117,Aston Martin,18,2023,20,3,3.0,53.0,11.0,0.0,236.0,5.0,0.0,0,5
1119,840,Lance Stroll,117,Aston Martin,80,2023,21,19,14.0,63.0,10.0,0.0,261.0,5.0,0.0,0,5
1120,840,Lance Stroll,117,Aston Martin,24,2023,22,13,13.0,73.0,10.0,0.0,273.0,5.0,0.0,0,10
1121,840,Lance Stroll,117,Aston Martin,3,2024,1,12,12.0,0.0,99.0,0.0,0.0,99.0,0.0,0,10
1122,840,Lance Stroll,117,Aston Martin,77,2024,2,10,10.0,1.0,10.0,0.0,3.0,5.0,0.0,0,19
1123,840,Lance Stroll,117,Aston Martin,1,2024,3,9,9.0,1.0,12.0,0.0,13.0,5.0,0.0,0,6
1124,840,Lance Stroll,117,Aston Martin,22,2024,4,16,16.0,9.0,9.0,0.0,25.0,5.0,0.0,0,12
1125,840,Lance Stroll,117,Aston Martin,17,2024,5,11,11.0,9.0,10.0,0.0,33.0,5.0,0.0,0,15
1126,840,Lance Stroll,117,Aston Martin,79,2024,6,11,11.0,9.0,10.0,0.0,40.0,5.0,0.0,0,17
1127,840,Lance Stroll,117,Aston Martin,21,2024,7,13,13.0,9.0,11.0,0.0,42.0,5.0,0.0,0,9
1128,840,Lance Stroll,117,Aston Martin,6,2024,8,13,14.0,11.0,11.0,0.0,44.0,5.0,0.0,0,14
1129,840,Lance Stroll,117,Aston Martin,7,2024,9,9,9.0,11.0,11.0,0.0,44.0,5.0,0.0,0,7
1130,840,Lance Stroll,117,Aston Martin,4,2024,10,14,14.0,17.0,11.0,0.0,58.0,5.0,0.0,0,14
1131,840,Lance Stroll,117,Aston Martin,70,2024,11,17,17.0,17.0,11.0,0.0,58.0,5.0,0.0,0,13
1132,840,Lance Stroll,117,Aston Martin,9,2024,12,8,8.0,17.0,11.0,0.0,58.0,5.0,0.0,0,7
1133,840,Lance Stroll,117,Aston Martin,11,2024,13,8,8.0,23.0,10.0,0.0,68.0,5.0,0.0,0,10
1134,840,Lance Stroll,117,Aston Martin,13,2024,14,15,15.0,24.0,10.0,0.0,69.0,5.0,0.0,0,11
1135,840,Lance Stroll,117,Aston Martin,39,2024,15,8,8.0,24.0,10.0,0.0,73.0,5.0,0.0,0,13
1136,840,Lance Stroll,117,Aston Martin,14,2024,16,17,17.0,24.0,10.0,0.0,74.0,5.0,0.0,0,19
1137,840,Lance Stroll,117,Aston Martin,73,2024,17,13,14.0,24.0,10.0,0.0,74.0,5.0,0.0,0,19
1138,840,Lance Stroll,117,Aston Martin,15,2024,18,17,17.0,24.0,10.0,0.0,82.0,5.0,0.0,0,14
1139,840,Lance Stroll,117,Aston Martin,69,2024,19,13,14.0,24.0,11.0,0.0,86.0,5.0,0.0,0,15
1140,840,Lance Stroll,117,Aston Martin,32,2024,20,14,14.0,24.0,11.0,0.0,86.0,5.0,0.0,0,11
1141,840,Lance Stroll,117,Aston Martin,18,2024,21,10,10.0,24.0,11.0,0.0,86.0,5.0,0.0,0,19
1142,840,Lance Stroll,117,Aston Martin,80,2024,22,18,20.0,24.0,13.0,0.0,86.0,5.0,0.0,0,15
1143,840,Lance Stroll,117,Aston Martin,78,2024,23,15,15.0,24.0,13.0,0.0,86.0,5.0,0.0,0,18
1144,840,Lance Stroll,117,Aston Martin,24,2024,24,13,13.0,24.0,13.0,0.0,92.0,5.0,0.0,0,14
969,841,Antonio Giovinazzi,15,Sauber,1,2017,1,16,16.0,0.0,99.0,0.0,0.0,99.0,0.0,0,12
970,841,Antonio Giovinazzi,15,Sauber,17,2017,2,18,15.0,0.0,12.0,0.0,0.0,8.0,0.0,0,19
1010,841,Antonio Giovinazzi,51,Alfa Romeo,1,2019,1,14,14.0,0.0,99.0,0.0,0.0,99.0,0.0,0,15
1011,841,Antonio Giovinazzi,51,Alfa Romeo,3,2019,2,16,16.0,0.0,15.0,0.0,4.0,6.0,0.0,0,11
1013,841,Antonio Giovinazzi,51,Alfa Romeo,73,2019,4,17,8.0,0.0,16.0,0.0,12.0,5.0,0.0,0,12
1014,841,Antonio Giovinazzi,51,Alfa Romeo,4,2019,5,18,18.0,0.0,17.0,0.0,13.0,6.0,0.0,0,16
1015,841,Antonio Giovinazzi,51,Alfa Romeo,6,2019,6,18,15.0,0.0,18.0,0.0,13.0,7.0,0.0,0,19
1016,841,Antonio Giovinazzi,51,Alfa Romeo,7,2019,7,12,13.0,0.0,18.0,0.0,13.0,9.0,0.0,0,13
1017,841,Antonio Giovinazzi,51,Alfa Romeo,34,2019,8,10,10.0,0.0,18.0,0.0,13.0,9.0,0.0,0,16
1018,841,Antonio Giovinazzi,51,Alfa Romeo,70,2019,9,7,8.0,0.0,18.0,0.0,19.0,7.0,0.0,0,10
1019,841,Antonio Giovinazzi,51,Alfa Romeo,9,2019,10,11,11.0,1.0,18.0,0.0,22.0,6.0,0.0,0,18
1020,841,Antonio Giovinazzi,51,Alfa Romeo,10,2019,11,11,11.0,1.0,18.0,0.0,26.0,6.0,0.0,0,13
1021,841,Antonio Giovinazzi,51,Alfa Romeo,11,2019,12,17,14.0,1.0,18.0,0.0,26.0,9.0,0.0,0,18
1022,841,Antonio Giovinazzi,51,Alfa Romeo,13,2019,13,18,15.0,1.0,18.0,0.0,32.0,7.0,0.0,0,18
1023,841,Antonio Giovinazzi,51,Alfa Romeo,14,2019,14,10,11.0,1.0,18.0,0.0,32.0,8.0,0.0,0,9
1024,841,Antonio Giovinazzi,51,Alfa Romeo,15,2019,15,10,11.0,3.0,18.0,0.0,34.0,8.0,0.0,0,10
1025,841,Antonio Giovinazzi,51,Alfa Romeo,71,2019,16,12,13.0,4.0,18.0,0.0,35.0,8.0,0.0,0,15
1026,841,Antonio Giovinazzi,51,Alfa Romeo,22,2019,17,11,11.0,4.0,18.0,0.0,35.0,8.0,0.0,0,14
1027,841,Antonio Giovinazzi,51,Alfa Romeo,32,2019,18,15,15.0,4.0,18.0,0.0,35.0,8.0,0.0,0,14
1028,841,Antonio Giovinazzi,51,Alfa Romeo,69,2019,19,16,16.0,4.0,18.0,0.0,35.0,8.0,0.0,0,14
1029,841,Antonio Giovinazzi,51,Alfa Romeo,18,2019,20,12,13.0,4.0,18.0,0.0,35.0,8.0,0.0,0,5
1030,841,Antonio Giovinazzi,51,Alfa Romeo,24,2019,21,16,17.0,14.0,17.0,0.0,57.0,8.0,0.0,0,16
1031,841,Antonio Giovinazzi,51,Alfa Romeo,70,2020,1,18,18.0,0.0,99.0,0.0,0.0,99.0,0.0,0,9
1032,841,Antonio Giovinazzi,51,Alfa Romeo,70,2020,2,19,19.0,2.0,9.0,0.0,2.0,7.0,0.0,0,14
1033,841,Antonio Giovinazzi,51,Alfa Romeo,11,2020,3,19,19.0,2.0,13.0,0.0,2.0,8.0,0.0,0,17
1034,841,Antonio Giovinazzi,51,Alfa Romeo,9,2020,4,15,17.0,2.0,14.0,0.0,2.0,8.0,0.0,0,14
1035,841,Antonio Giovinazzi,51,Alfa Romeo,9,2020,5,19,19.0,2.0,14.0,0.0,2.0,8.0,0.0,0,17
1036,841,Antonio Giovinazzi,51,Alfa Romeo,4,2020,6,20,20.0,2.0,15.0,0.0,2.0,8.0,0.0,0,16
1037,841,Antonio Giovinazzi,51,Alfa Romeo,13,2020,7,18,18.0,2.0,15.0,0.0,2.0,8.0,0.0,0,18
1038,841,Antonio Giovinazzi,51,Alfa Romeo,14,2020,8,18,18.0,2.0,15.0,0.0,2.0,8.0,0.0,0,16
1039,841,Antonio Giovinazzi,51,Alfa Romeo,76,2020,9,17,17.0,2.0,16.0,0.0,2.0,8.0,0.0,0,17
1040,841,Antonio Giovinazzi,51,Alfa Romeo,71,2020,10,17,17.0,2.0,17.0,0.0,4.0,8.0,0.0,0,11
1041,841,Antonio Giovinazzi,51,Alfa Romeo,20,2020,11,14,14.0,2.0,17.0,0.0,4.0,8.0,0.0,0,10
1042,841,Antonio Giovinazzi,51,Alfa Romeo,75,2020,12,17,17.0,3.0,16.0,0.0,5.0,8.0,0.0,0,15
1043,841,Antonio Giovinazzi,51,Alfa Romeo,21,2020,13,20,20.0,3.0,16.0,0.0,5.0,8.0,0.0,0,10
1044,841,Antonio Giovinazzi,51,Alfa Romeo,5,2020,14,10,10.0,4.0,17.0,0.0,8.0,8.0,0.0,0,20
1045,841,Antonio Giovinazzi,51,Alfa Romeo,3,2020,15,16,16.0,4.0,17.0,0.0,8.0,8.0,0.0,0,16
1046,841,Antonio Giovinazzi,51,Alfa Romeo,3,2020,16,14,14.0,4.0,17.0,0.0,8.0,8.0,0.0,0,13
1047,841,Antonio Giovinazzi,51,Alfa Romeo,24,2020,17,14,14.0,4.0,17.0,0.0,8.0,8.0,0.0,0,16
1052,841,Antonio Giovinazzi,51,Alfa Romeo,3,2021,1,12,12.0,0.0,99.0,0.0,0.0,99.0,0.0,0,12
1053,841,Antonio Giovinazzi,51,Alfa Romeo,21,2021,2,17,17.0,0.0,12.0,0.0,0.0,7.0,0.0,0,14
1054,841,Antonio Giovinazzi,51,Alfa Romeo,75,2021,3,12,12.0,0.0,15.0,0.0,0.0,8.0,0.0,0,12
1055,841,Antonio Giovinazzi,51,Alfa Romeo,4,2021,4,14,14.0,0.0,15.0,0.0,0.0,8.0,0.0,0,15
1056,841,Antonio Giovinazzi,51,Alfa Romeo,6,2021,5,10,10.0,0.0,15.0,0.0,0.0,8.0,0.0,0,10
1057,841,Antonio Giovinazzi,51,Alfa Romeo,73,2021,6,20,20.0,1.0,15.0,0.0,1.0,8.0,0.0,0,11
1059,841,Antonio Giovinazzi,51,Alfa Romeo,34,2021,7,13,13.0,1.0,16.0,0.0,2.0,8.0,0.0,0,15
1058,841,Antonio Giovinazzi,51,Alfa Romeo,70,2021,8,15,15.0,1.0,16.0,0.0,2.0,8.0,0.0,0,15
1060,841,Antonio Giovinazzi,51,Alfa Romeo,70,2021,9,15,15.0,1.0,16.0,0.0,2.0,8.0,0.0,0,14
1061,841,Antonio Giovinazzi,51,Alfa Romeo,9,2021,10,15,14.0,1.0,16.0,0.0,2.0,8.0,0.0,0,13
1062,841,Antonio Giovinazzi,51,Alfa Romeo,11,2021,11,0,14.0,1.0,16.0,0.0,2.0,8.0,0.0,0,13
1063,841,Antonio Giovinazzi,51,Alfa Romeo,13,2021,12,14,16.0,1.0,18.0,0.0,3.0,9.0,0.0,0,13
1064,841,Antonio Giovinazzi,51,Alfa Romeo,39,2021,13,7,7.0,1.0,18.0,0.0,3.0,9.0,0.0,0,14
1065,841,Antonio Giovinazzi,51,Alfa Romeo,14,2021,14,7,10.0,1.0,18.0,0.0,3.0,9.0,0.0,0,13
1066,841,Antonio Giovinazzi,51,Alfa Romeo,71,2021,15,17,18.0,1.0,18.0,0.0,3.0,9.0,0.0,0,16
1067,841,Antonio Giovinazzi,51,Alfa Romeo,5,2021,16,16,18.0,1.0,18.0,0.0,7.0,9.0,0.0,0,11
1069,841,Antonio Giovinazzi,51,Alfa Romeo,69,2021,17,12,13.0,1.0,18.0,0.0,7.0,9.0,0.0,0,11
1070,841,Antonio Giovinazzi,51,Alfa Romeo,32,2021,18,11,14.0,1.0,18.0,0.0,7.0,9.0,0.0,0,11
1071,841,Antonio Giovinazzi,51,Alfa Romeo,18,2021,19,13,15.0,1.0,18.0,0.0,11.0,9.0,0.0,0,14
1051,841,Antonio Giovinazzi,51,Alfa Romeo,78,2021,20,18,18.0,1.0,18.0,0.0,11.0,9.0,0.0,0,15
1072,841,Antonio Giovinazzi,51,Alfa Romeo,77,2021,21,10,10.0,1.0,18.0,0.0,11.0,9.0,0.0,0,9
1073,841,Antonio Giovinazzi,51,Alfa Romeo,24,2021,22,14,14.0,3.0,18.0,0.0,13.0,9.0,0.0,0,17
983,842,Pierre Gasly,5,Toro Rosso,2,2017,15,15,15.0,0.0,99.0,0.0,52.0,6.0,0.0,0,14
984,842,Pierre Gasly,5,Toro Rosso,22,2017,16,14,17.0,0.0,22.0,0.0,52.0,6.0,0.0,0,13
987,842,Pierre Gasly,5,Toro Rosso,18,2017,19,19,17.0,0.0,22.0,0.0,53.0,6.0,0.0,0,12
988,842,Pierre Gasly,5,Toro Rosso,24,2017,20,17,17.0,0.0,21.0,0.0,53.0,6.0,0.0,0,16
989,842,Pierre Gasly,5,Toro Rosso,1,2018,1,20,20.0,0.0,99.0,0.0,0.0,99.0,0.0,0,18
990,842,Pierre Gasly,5,Toro Rosso,3,2018,2,5,6.0,0.0,18.0,0.0,0.0,9.0,0.0,0,4
991,842,Pierre Gasly,5,Toro Rosso,17,2018,3,17,17.0,12.0,7.0,0.0,12.0,6.0,0.0,0,18
992,842,Pierre Gasly,5,Toro Rosso,73,2018,4,17,17.0,12.0,9.0,0.0,12.0,6.0,0.0,0,12
993,842,Pierre Gasly,5,Toro Rosso,4,2018,5,12,12.0,12.0,11.0,0.0,13.0,7.0,0.0,0,19
994,842,Pierre Gasly,5,Toro Rosso,6,2018,6,10,10.0,12.0,12.0,0.0,13.0,8.0,0.0,0,7
995,842,Pierre Gasly,5,Toro Rosso,7,2018,7,16,16.0,18.0,11.0,0.0,19.0,7.0,0.0,0,11
996,842,Pierre Gasly,5,Toro Rosso,34,2018,8,14,14.0,18.0,11.0,0.0,19.0,7.0,0.0,0,20
997,842,Pierre Gasly,5,Toro Rosso,70,2018,9,12,12.0,18.0,11.0,0.0,19.0,8.0,0.0,0,11
998,842,Pierre Gasly,5,Toro Rosso,9,2018,10,14,14.0,18.0,13.0,0.0,19.0,8.0,0.0,0,13
999,842,Pierre Gasly,5,Toro Rosso,10,2018,11,16,17.0,18.0,13.0,0.0,19.0,8.0,0.0,0,14
1000,842,Pierre Gasly,5,Toro Rosso,11,2018,12,6,6.0,18.0,14.0,0.0,20.0,8.0,0.0,0,6
1001,842,Pierre Gasly,5,Toro Rosso,13,2018,13,10,11.0,26.0,13.0,0.0,28.0,8.0,0.0,0,9
1002,842,Pierre Gasly,5,Toro Rosso,14,2018,14,9,9.0,28.0,13.0,0.0,30.0,7.0,0.0,0,14
1003,842,Pierre Gasly,5,Toro Rosso,15,2018,15,15,15.0,28.0,13.0,0.0,30.0,8.0,0.0,0,13
1004,842,Pierre Gasly,5,Toro Rosso,71,2018,16,17,13.0,28.0,13.0,0.0,30.0,8.0,0.0,0,19
1005,842,Pierre Gasly,5,Toro Rosso,22,2018,17,7,7.0,28.0,13.0,0.0,30.0,8.0,0.0,0,11
1006,842,Pierre Gasly,5,Toro Rosso,69,2018,18,19,13.0,28.0,14.0,0.0,30.0,8.0,0.0,0,12
1007,842,Pierre Gasly,5,Toro Rosso,32,2018,19,20,15.0,28.0,14.0,0.0,32.0,8.0,0.0,0,10
1008,842,Pierre Gasly,5,Toro Rosso,18,2018,20,9,10.0,29.0,14.0,0.0,33.0,9.0,0.0,0,13
1009,842,Pierre Gasly,5,Toro Rosso,24,2018,21,17,17.0,29.0,15.0,0.0,33.0,9.0,0.0,0,16
1010,842,Pierre Gasly,9,Red Bull,1,2019,1,17,17.0,0.0,99.0,0.0,0.0,99.0,0.0,0,11
1011,842,Pierre Gasly,9,Red Bull,3,2019,2,13,13.0,0.0,11.0,0.0,15.0,3.0,0.0,0,8
1012,842,Pierre Gasly,9,Red Bull,17,2019,3,6,6.0,4.0,10.0,0.0,31.0,3.0,0.0,0,6
1013,842,Pierre Gasly,9,Red Bull,73,2019,4,0,20.0,13.0,6.0,0.0,52.0,3.0,0.0,0,17
1014,842,Pierre Gasly,9,Red Bull,4,2019,5,6,6.0,13.0,7.0,0.0,64.0,3.0,0.0,0,6
1015,842,Pierre Gasly,9,Red Bull,6,2019,6,8,5.0,21.0,6.0,0.0,87.0,3.0,0.0,0,5
1016,842,Pierre Gasly,9,Red Bull,7,2019,7,5,5.0,32.0,6.0,0.0,110.0,3.0,0.0,0,8
1017,842,Pierre Gasly,9,Red Bull,34,2019,8,9,9.0,36.0,6.0,0.0,124.0,3.0,0.0,0,10
1018,842,Pierre Gasly,9,Red Bull,70,2019,9,8,9.0,37.0,6.0,0.0,137.0,3.0,0.0,0,7
1019,842,Pierre Gasly,9,Red Bull,9,2019,10,5,5.0,43.0,6.0,0.0,169.0,3.0,1.0,0,4
1020,842,Pierre Gasly,9,Red Bull,10,2019,11,4,4.0,55.0,6.0,0.0,191.0,3.0,1.0,0,14
1021,842,Pierre Gasly,9,Red Bull,11,2019,12,6,6.0,55.0,6.0,0.0,217.0,3.0,2.0,0,6
1022,842,Pierre Gasly,5,Toro Rosso,13,2019,13,13,16.0,63.0,6.0,0.0,43.0,5.0,0.0,0,9
1023,842,Pierre Gasly,5,Toro Rosso,14,2019,14,17,15.0,65.0,6.0,0.0,51.0,5.0,0.0,0,11
1024,842,Pierre Gasly,5,Toro Rosso,15,2019,15,11,12.0,65.0,6.0,0.0,51.0,6.0,0.0,0,8
1025,842,Pierre Gasly,5,Toro Rosso,71,2019,16,16,11.0,69.0,6.0,0.0,55.0,6.0,0.0,0,14
1026,842,Pierre Gasly,5,Toro Rosso,22,2019,17,9,9.0,69.0,6.0,0.0,55.0,6.0,0.0,0,7
1027,842,Pierre Gasly,5,Toro Rosso,32,2019,18,10,10.0,75.0,7.0,0.0,62.0,6.0,0.0,0,9
1028,842,Pierre Gasly,5,Toro Rosso,69,2019,19,10,10.0,77.0,6.0,0.0,64.0,6.0,0.0,0,16
1029,842,Pierre Gasly,5,Toro Rosso,18,2019,20,6,7.0,77.0,8.0,0.0,64.0,7.0,0.0,1,2
1030,842,Pierre Gasly,5,Toro Rosso,24,2019,21,11,12.0,95.0,6.0,0.0,83.0,6.0,0.0,0,18
1031,842,Pierre Gasly,213,AlphaTauri,70,2020,1,12,12.0,0.0,99.0,0.0,0.0,99.0,0.0,0,7
1032,842,Pierre Gasly,213,AlphaTauri,70,2020,2,7,8.0,6.0,7.0,0.0,6.0,5.0,0.0,0,15
1033,842,Pierre Gasly,213,AlphaTauri,11,2020,3,10,10.0,6.0,9.0,0.0,7.0,7.0,0.0,0,20
1034,842,Pierre Gasly,213,AlphaTauri,9,2020,4,11,11.0,6.0,12.0,0.0,7.0,7.0,0.0,0,7
1035,842,Pierre Gasly,213,AlphaTauri,9,2020,5,7,7.0,12.0,12.0,0.0,13.0,7.0,0.0,0,11
1036,842,Pierre Gasly,213,AlphaTauri,4,2020,6,10,10.0,12.0,12.0,0.0,14.0,7.0,0.0,0,9
1037,842,Pierre Gasly,213,AlphaTauri,13,2020,7,12,12.0,14.0,13.0,0.0,16.0,7.0,0.0,0,8
1038,842,Pierre Gasly,213,AlphaTauri,14,2020,8,10,10.0,18.0,12.0,0.0,20.0,7.0,0.0,1,1
1039,842,Pierre Gasly,213,AlphaTauri,76,2020,9,16,16.0,43.0,8.0,1.0,47.0,7.0,1.0,0,20
1040,842,Pierre Gasly,213,AlphaTauri,71,2020,10,9,9.0,43.0,10.0,1.0,53.0,7.0,1.0,0,9
1041,842,Pierre Gasly,213,AlphaTauri,20,2020,11,12,12.0,45.0,10.0,1.0,59.0,7.0,1.0,0,6
1042,842,Pierre Gasly,213,AlphaTauri,75,2020,12,9,9.0,53.0,10.0,1.0,67.0,7.0,1.0,0,5
1043,842,Pierre Gasly,213,AlphaTauri,21,2020,13,4,4.0,63.0,9.0,1.0,77.0,7.0,1.0,0,20
1044,842,Pierre Gasly,213,AlphaTauri,5,2020,14,19,15.0,63.0,10.0,1.0,89.0,7.0,1.0,0,13
1045,842,Pierre Gasly,213,AlphaTauri,3,2020,15,8,8.0,63.0,10.0,1.0,89.0,7.0,1.0,0,6
1046,842,Pierre Gasly,213,AlphaTauri,3,2020,16,9,9.0,71.0,10.0,1.0,97.0,7.0,1.0,0,11
1047,842,Pierre Gasly,213,AlphaTauri,24,2020,17,9,10.0,71.0,11.0,1.0,103.0,7.0,1.0,0,8
1052,842,Pierre Gasly,213,AlphaTauri,3,2021,1,5,5.0,0.0,99.0,0.0,0.0,99.0,0.0,0,17
1053,842,Pierre Gasly,213,AlphaTauri,21,2021,2,5,5.0,0.0,17.0,0.0,2.0,5.0,0.0,0,7
1054,842,Pierre Gasly,213,AlphaTauri,75,2021,3,9,9.0,6.0,9.0,0.0,8.0,5.0,0.0,0,10
1055,842,Pierre Gasly,213,AlphaTauri,4,2021,4,12,12.0,7.0,10.0,0.0,9.0,6.0,0.0,0,10
1056,842,Pierre Gasly,213,AlphaTauri,6,2021,5,6,6.0,8.0,10.0,0.0,10.0,6.0,0.0,0,6
1057,842,Pierre Gasly,213,AlphaTauri,73,2021,6,4,4.0,16.0,9.0,0.0,18.0,6.0,0.0,1,3
1059,842,Pierre Gasly,213,AlphaTauri,34,2021,7,6,6.0,31.0,8.0,0.0,39.0,5.0,0.0,0,7
1058,842,Pierre Gasly,213,AlphaTauri,70,2021,8,6,6.0,37.0,8.0,0.0,45.0,5.0,0.0,0,20
1060,842,Pierre Gasly,213,AlphaTauri,70,2021,9,6,6.0,37.0,8.0,0.0,46.0,5.0,0.0,0,9
1061,842,Pierre Gasly,213,AlphaTauri,9,2021,10,11,12.0,39.0,9.0,0.0,48.0,5.0,0.0,0,11
1062,842,Pierre Gasly,213,AlphaTauri,11,2021,11,5,5.0,39.0,9.0,0.0,49.0,5.0,0.0,0,5
1063,842,Pierre Gasly,213,AlphaTauri,13,2021,12,6,6.0,50.0,8.0,0.0,68.0,6.0,0.0,0,6
1064,842,Pierre Gasly,213,AlphaTauri,39,2021,13,4,4.0,54.0,9.0,0.0,72.0,6.0,0.0,0,4
1065,842,Pierre Gasly,213,AlphaTauri,14,2021,14,0,6.0,66.0,8.0,0.0,84.0,6.0,0.0,0,19
1066,842,Pierre Gasly,213,AlphaTauri,71,2021,15,11,12.0,66.0,9.0,0.0,84.0,6.0,0.0,0,13
1067,842,Pierre Gasly,213,AlphaTauri,5,2021,16,4,5.0,66.0,9.0,0.0,84.0,6.0,0.0,0,6
1069,842,Pierre Gasly,213,AlphaTauri,69,2021,17,8,9.0,74.0,9.0,0.0,92.0,6.0,0.0,0,20
1070,842,Pierre Gasly,213,AlphaTauri,32,2021,18,5,5.0,74.0,9.0,0.0,94.0,6.0,0.0,0,4
1071,842,Pierre Gasly,213,AlphaTauri,18,2021,19,7,5.0,86.0,9.0,0.0,106.0,6.0,0.0,0,7
1051,842,Pierre Gasly,213,AlphaTauri,78,2021,20,2,4.0,92.0,9.0,0.0,112.0,6.0,0.0,0,11
1072,842,Pierre Gasly,213,AlphaTauri,77,2021,21,6,6.0,92.0,9.0,0.0,112.0,6.0,0.0,0,6
1073,842,Pierre Gasly,213,AlphaTauri,24,2021,22,12,12.0,100.0,9.0,0.0,120.0,6.0,0.0,0,5
1074,842,Pierre Gasly,213,AlphaTauri,3,2022,1,10,10.0,0.0,99.0,0.0,0.0,99.0,0.0,0,20
1075,842,Pierre Gasly,213,AlphaTauri,77,2022,2,9,9.0,0.0,20.0,0.0,4.0,6.0,0.0,0,8
1076,842,Pierre Gasly,213,AlphaTauri,1,2022,3,11,11.0,4.0,12.0,0.0,8.0,7.0,0.0,0,9
1077,842,Pierre Gasly,213,AlphaTauri,21,2022,4,17,17.0,6.0,12.0,0.0,10.0,8.0,0.0,0,12
1078,842,Pierre Gasly,213,AlphaTauri,79,2022,5,7,7.0,6.0,13.0,0.0,16.0,7.0,0.0,0,18
1079,842,Pierre Gasly,213,AlphaTauri,4,2022,6,14,14.0,6.0,13.0,0.0,16.0,7.0,0.0,0,13
1080,842,Pierre Gasly,213,AlphaTauri,6,2022,7,17,17.0,6.0,13.0,0.0,17.0,7.0,0.0,0,11
1081,842,Pierre Gasly,213,AlphaTauri,73,2022,8,6,6.0,6.0,14.0,0.0,17.0,7.0,0.0,0,5
1082,842,Pierre Gasly,213,AlphaTauri,7,2022,9,15,16.0,16.0,10.0,0.0,27.0,7.0,0.0,0,14
1083,842,Pierre Gasly,213,AlphaTauri,9,2022,10,11,11.0,16.0,11.0,0.0,27.0,7.0,0.0,0,16
1084,842,Pierre Gasly,213,AlphaTauri,70,2022,11,14,10.0,16.0,11.0,0.0,27.0,7.0,0.0,0,15
1085,842,Pierre Gasly,213,AlphaTauri,34,2022,12,14,16.0,16.0,13.0,0.0,27.0,8.0,0.0,0,12
1086,842,Pierre Gasly,213,AlphaTauri,11,2022,13,0,19.0,16.0,13.0,0.0,27.0,8.0,0.0,0,12
1087,842,Pierre Gasly,213,AlphaTauri,13,2022,14,0,12.0,16.0,13.0,0.0,27.0,8.0,0.0,0,9
1088,842,Pierre Gasly,213,AlphaTauri,39,2022,15,11,11.0,18.0,14.0,0.0,29.0,8.0,0.0,0,11
1089,842,Pierre Gasly,213,AlphaTauri,14,2022,16,5,9.0,18.0,14.0,0.0,29.0,8.0,0.0,0,8
1091,842,Pierre Gasly,213,AlphaTauri,15,2022,17,7,7.0,22.0,11.0,0.0,33.0,8.0,0.0,0,10
1092,842,Pierre Gasly,213,AlphaTauri,22,2022,18,17,17.0,23.0,13.0,0.0,34.0,9.0,0.0,0,18
1093,842,Pierre Gasly,213,AlphaTauri,69,2022,19,11,13.0,23.0,13.0,0.0,34.0,9.0,0.0,0,14
1094,842,Pierre Gasly,213,AlphaTauri,32,2022,20,14,14.0,23.0,14.0,0.0,35.0,9.0,0.0,0,11
1095,842,Pierre Gasly,213,AlphaTauri,18,2022,21,10,12.0,23.0,14.0,0.0,35.0,9.0,0.0,0,14
1096,842,Pierre Gasly,213,AlphaTauri,24,2022,22,17,17.0,23.0,14.0,0.0,35.0,9.0,0.0,0,14
1098,842,Pierre Gasly,214,Alpine F1 Team,3,2023,1,20,20.0,0.0,99.0,0.0,0.0,99.0,0.0,0,9
1099,842,Pierre Gasly,214,Alpine F1 Team,77,2023,2,9,10.0,2.0,9.0,0.0,2.0,6.0,0.0,0,9
1100,842,Pierre Gasly,214,Alpine F1 Team,1,2023,3,9,9.0,4.0,11.0,0.0,8.0,5.0,0.0,0,13
1101,842,Pierre Gasly,214,Alpine F1 Team,73,2023,4,17,19.0,4.0,14.0,0.0,8.0,6.0,0.0,0,14
1102,842,Pierre Gasly,214,Alpine F1 Team,79,2023,5,5,5.0,4.0,14.0,0.0,8.0,6.0,0.0,0,8
1104,842,Pierre Gasly,214,Alpine F1 Team,6,2023,6,7,7.0,8.0,10.0,0.0,14.0,6.0,0.0,0,7
1105,842,Pierre Gasly,214,Alpine F1 Team,4,2023,7,10,4.0,14.0,10.0,0.0,35.0,5.0,0.0,0,10
1106,842,Pierre Gasly,214,Alpine F1 Team,7,2023,8,15,17.0,15.0,10.0,0.0,40.0,5.0,0.0,0,12
1107,842,Pierre Gasly,214,Alpine F1 Team,70,2023,9,9,9.0,15.0,10.0,0.0,44.0,5.0,0.0,0,10
1108,842,Pierre Gasly,214,Alpine F1 Team,9,2023,10,10,10.0,16.0,11.0,0.0,47.0,5.0,0.0,0,18
1109,842,Pierre Gasly,214,Alpine F1 Team,11,2023,11,15,15.0,16.0,12.0,0.0,47.0,6.0,0.0,0,20
1110,842,Pierre Gasly,214,Alpine F1 Team,13,2023,12,12,12.0,16.0,12.0,0.0,47.0,6.0,0.0,0,11
1111,842,Pierre Gasly,214,Alpine F1 Team,39,2023,13,12,12.0,22.0,12.0,0.0,57.0,6.0,0.0,1,3
1112,842,Pierre Gasly,214,Alpine F1 Team,14,2023,14,17,17.0,37.0,10.0,0.0,73.0,6.0,0.0,0,15
1113,842,Pierre Gasly,214,Alpine F1 Team,15,2023,15,12,12.0,37.0,10.0,0.0,73.0,6.0,0.0,0,6
1114,842,Pierre Gasly,214,Alpine F1 Team,22,2023,16,12,12.0,45.0,10.0,0.0,81.0,6.0,0.0,0,10
1115,842,Pierre Gasly,214,Alpine F1 Team,78,2023,17,7,7.0,46.0,11.0,0.0,84.0,6.0,0.0,0,12
1116,842,Pierre Gasly,214,Alpine F1 Team,69,2023,18,7,7.0,46.0,11.0,0.0,90.0,6.0,0.0,0,6
1117,842,Pierre Gasly,214,Alpine F1 Team,32,2023,19,11,11.0,56.0,10.0,0.0,100.0,6.0,0.0,0,11
1118,842,Pierre Gasly,214,Alpine F1 Team,18,2023,20,15,13.0,56.0,10.0,0.0,101.0,6.0,0.0,0,7
1119,842,Pierre Gasly,214,Alpine F1 Team,80,2023,21,4,5.0,62.0,11.0,0.0,108.0,6.0,0.0,0,11
1120,842,Pierre Gasly,214,Alpine F1 Team,24,2023,22,10,10.0,62.0,11.0,0.0,120.0,6.0,0.0,0,13
1121,842,Pierre Gasly,214,Alpine F1 Team,3,2024,1,20,20.0,0.0,99.0,0.0,0.0,99.0,0.0,0,18
1122,842,Pierre Gasly,214,Alpine F1 Team,77,2024,2,18,18.0,0.0,18.0,0.0,0.0,10.0,0.0,0,20
1123,842,Pierre Gasly,214,Alpine F1 Team,1,2024,3,17,17.0,0.0,21.0,0.0,0.0,10.0,0.0,0,13
1124,842,Pierre Gasly,214,Alpine F1 Team,22,2024,4,17,17.0,0.0,19.0,0.0,0.0,10.0,0.0,0,16
1125,842,Pierre Gasly,214,Alpine F1 Team,17,2024,5,15,15.0,0.0,19.0,0.0,0.0,10.0,0.0,0,13
1126,842,Pierre Gasly,214,Alpine F1 Team,79,2024,6,12,12.0,0.0,19.0,0.0,0.0,9.0,0.0,0,12
1127,842,Pierre Gasly,214,Alpine F1 Team,21,2024,7,15,15.0,0.0,19.0,0.0,1.0,8.0,0.0,0,16
1128,842,Pierre Gasly,214,Alpine F1 Team,6,2024,8,10,10.0,0.0,19.0,0.0,1.0,8.0,0.0,0,10
1129,842,Pierre Gasly,214,Alpine F1 Team,7,2024,9,15,15.0,1.0,18.0,0.0,2.0,9.0,0.0,0,9
1130,842,Pierre Gasly,214,Alpine F1 Team,4,2024,10,7,7.0,3.0,15.0,0.0,5.0,8.0,0.0,0,9
1131,842,Pierre Gasly,214,Alpine F1 Team,70,2024,11,13,13.0,5.0,15.0,0.0,8.0,7.0,0.0,0,10
1132,842,Pierre Gasly,214,Alpine F1 Team,9,2024,12,19,20.0,6.0,15.0,0.0,9.0,8.0,0.0,0,20
1133,842,Pierre Gasly,214,Alpine F1 Team,11,2024,13,0,20.0,6.0,15.0,0.0,9.0,8.0,0.0,0,20
1134,842,Pierre Gasly,214,Alpine F1 Team,13,2024,14,12,12.0,6.0,15.0,0.0,9.0,8.0,0.0,0,13
1135,842,Pierre Gasly,214,Alpine F1 Team,39,2024,15,9,9.0,6.0,15.0,0.0,11.0,8.0,0.0,0,9
1136,842,Pierre Gasly,214,Alpine F1 Team,14,2024,16,14,14.0,8.0,14.0,0.0,13.0,8.0,0.0,0,15
1137,842,Pierre Gasly,214,Alpine F1 Team,73,2024,17,18,20.0,8.0,14.0,0.0,13.0,8.0,0.0,0,12
1138,842,Pierre Gasly,214,Alpine F1 Team,15,2024,18,18,18.0,8.0,15.0,0.0,13.0,9.0,0.0,0,17
1139,842,Pierre Gasly,214,Alpine F1 Team,69,2024,19,6,7.0,8.0,15.0,0.0,13.0,9.0,0.0,0,12
1140,842,Pierre Gasly,214,Alpine F1 Team,32,2024,20,8,8.0,8.0,16.0,0.0,13.0,9.0,0.0,0,10
1141,842,Pierre Gasly,214,Alpine F1 Team,18,2024,21,13,15.0,9.0,16.0,0.0,14.0,9.0,0.0,1,3
1142,842,Pierre Gasly,214,Alpine F1 Team,80,2024,22,3,3.0,26.0,12.0,0.0,49.0,6.0,0.0,0,20
1143,842,Pierre Gasly,214,Alpine F1 Team,78,2024,23,11,11.0,26.0,12.0,0.0,49.0,7.0,0.0,0,5
1144,842,Pierre Gasly,214,Alpine F1 Team,24,2024,24,5,6.0,36.0,11.0,0.0,59.0,6.0,0.0,0,7
985,843,Brendon Hartley,5,Toro Rosso,69,2017,17,19,18.0,0.0,99.0,0.0,52.0,6.0,0.0,0,13
986,843,Brendon Hartley,5,Toro Rosso,32,2017,18,17,13.0,0.0,23.0,0.0,53.0,6.0,0.0,0,18
987,843,Brendon Hartley,5,Toro Rosso,18,2017,19,18,15.0,0.0,23.0,0.0,53.0,6.0,0.0,0,17
988,843,Brendon Hartley,5,Toro Rosso,24,2017,20,20,20.0,0.0,23.0,0.0,53.0,6.0,0.0,0,15
989,843,Brendon Hartley,5,Toro Rosso,1,2018,1,16,16.0,0.0,99.0,0.0,0.0,99.0,0.0,0,15
990,843,Brendon Hartley,5,Toro Rosso,3,2018,2,11,11.0,0.0,15.0,0.0,0.0,9.0,0.0,0,17
991,843,Brendon Hartley,5,Toro Rosso,17,2018,3,15,15.0,0.0,19.0,0.0,12.0,6.0,0.0,0,20
992,843,Brendon Hartley,5,Toro Rosso,73,2018,4,19,19.0,0.0,20.0,0.0,12.0,6.0,0.0,0,10
993,843,Brendon Hartley,5,Toro Rosso,4,2018,5,20,20.0,1.0,18.0,0.0,13.0,7.0,0.0,0,12
994,843,Brendon Hartley,5,Toro Rosso,6,2018,6,15,16.0,1.0,18.0,0.0,13.0,8.0,0.0,0,19
995,843,Brendon Hartley,5,Toro Rosso,7,2018,7,12,12.0,1.0,18.0,0.0,19.0,7.0,0.0,0,19
996,843,Brendon Hartley,5,Toro Rosso,34,2018,8,20,17.0,1.0,18.0,0.0,19.0,7.0,0.0,0,14
997,843,Brendon Hartley,5,Toro Rosso,70,2018,9,19,19.0,1.0,18.0,0.0,19.0,8.0,0.0,0,17
998,843,Brendon Hartley,5,Toro Rosso,9,2018,10,0,20.0,1.0,19.0,0.0,19.0,8.0,0.0,0,20
999,843,Brendon Hartley,5,Toro Rosso,10,2018,11,17,18.0,1.0,19.0,0.0,19.0,8.0,0.0,0,10
1000,843,Brendon Hartley,5,Toro Rosso,11,2018,12,8,8.0,2.0,19.0,0.0,20.0,8.0,0.0,0,11
1001,843,Brendon Hartley,5,Toro Rosso,13,2018,13,11,12.0,2.0,19.0,0.0,28.0,8.0,0.0,0,14
1002,843,Brendon Hartley,5,Toro Rosso,14,2018,14,16,18.0,2.0,19.0,0.0,30.0,7.0,0.0,0,19
1003,843,Brendon Hartley,5,Toro Rosso,15,2018,15,17,17.0,2.0,19.0,0.0,30.0,8.0,0.0,0,17
1004,843,Brendon Hartley,5,Toro Rosso,71,2018,16,20,16.0,2.0,19.0,0.0,30.0,8.0,0.0,0,20
1005,843,Brendon Hartley,5,Toro Rosso,22,2018,17,6,6.0,2.0,19.0,0.0,30.0,8.0,0.0,0,13
1006,843,Brendon Hartley,5,Toro Rosso,69,2018,18,20,14.0,2.0,19.0,0.0,30.0,8.0,0.0,0,9
1007,843,Brendon Hartley,5,Toro Rosso,32,2018,19,14,14.0,4.0,19.0,0.0,32.0,8.0,0.0,0,14
1008,843,Brendon Hartley,5,Toro Rosso,18,2018,20,16,17.0,4.0,19.0,0.0,33.0,9.0,0.0,0,11
1009,843,Brendon Hartley,5,Toro Rosso,24,2018,21,16,16.0,4.0,19.0,0.0,33.0,9.0,0.0,0,12
989,844,Charles Leclerc,15,Sauber,1,2018,1,18,18.0,0.0,99.0,0.0,0.0,99.0,0.0,0,13
990,844,Charles Leclerc,15,Sauber,3,2018,2,19,19.0,0.0,13.0,0.0,0.0,7.0,0.0,0,12
991,844,Charles Leclerc,15,Sauber,17,2018,3,19,19.0,0.0,16.0,0.0,2.0,8.0,0.0,0,19
992,844,Charles Leclerc,15,Sauber,73,2018,4,13,14.0,0.0,16.0,0.0,2.0,8.0,0.0,0,6
993,844,Charles Leclerc,15,Sauber,4,2018,5,14,14.0,8.0,13.0,0.0,10.0,9.0,0.0,0,10
994,844,Charles Leclerc,15,Sauber,6,2018,6,14,14.0,9.0,13.0,0.0,11.0,9.0,0.0,0,18
995,844,Charles Leclerc,15,Sauber,7,2018,7,13,13.0,9.0,14.0,0.0,11.0,9.0,0.0,0,10
996,844,Charles Leclerc,15,Sauber,34,2018,8,8,8.0,10.0,14.0,0.0,12.0,9.0,0.0,0,10
997,844,Charles Leclerc,15,Sauber,70,2018,9,18,13.0,11.0,14.0,0.0,13.0,9.0,0.0,0,9
998,844,Charles Leclerc,15,Sauber,9,2018,10,9,9.0,13.0,14.0,0.0,16.0,9.0,0.0,0,19
999,844,Charles Leclerc,15,Sauber,10,2018,11,9,9.0,13.0,14.0,0.0,16.0,9.0,0.0,0,15
1000,844,Charles Leclerc,15,Sauber,11,2018,12,17,17.0,13.0,15.0,0.0,18.0,9.0,0.0,0,20
1001,844,Charles Leclerc,15,Sauber,13,2018,13,12,13.0,13.0,15.0,0.0,18.0,9.0,0.0,0,18
1002,844,Charles Leclerc,15,Sauber,14,2018,14,15,17.0,13.0,15.0,0.0,19.0,8.0,0.0,0,11
1003,844,Charles Leclerc,15,Sauber,15,2018,15,13,13.0,13.0,15.0,0.0,19.0,9.0,0.0,0,9
1004,844,Charles Leclerc,15,Sauber,71,2018,16,7,7.0,15.0,15.0,0.0,21.0,9.0,0.0,0,7
1005,844,Charles Leclerc,15,Sauber,22,2018,17,10,11.0,21.0,15.0,0.0,27.0,9.0,0.0,0,18
1006,844,Charles Leclerc,15,Sauber,69,2018,18,9,9.0,21.0,15.0,0.0,27.0,9.0,0.0,0,15
1007,844,Charles Leclerc,15,Sauber,32,2018,19,9,9.0,21.0,15.0,0.0,28.0,9.0,0.0,0,7
1008,844,Charles Leclerc,15,Sauber,18,2018,20,7,8.0,27.0,15.0,0.0,36.0,8.0,0.0,0,7
1009,844,Charles Leclerc,15,Sauber,24,2018,21,8,8.0,33.0,14.0,0.0,42.0,8.0,0.0,0,7
1010,844,Charles Leclerc,6,Ferrari,1,2019,1,5,5.0,0.0,99.0,0.0,0.0,99.0,0.0,0,5
1011,844,Charles Leclerc,6,Ferrari,3,2019,2,1,1.0,10.0,5.0,0.0,22.0,2.0,0.0,1,3
1012,844,Charles Leclerc,6,Ferrari,17,2019,3,4,4.0,26.0,4.0,0.0,48.0,2.0,0.0,0,5
1013,844,Charles Leclerc,6,Ferrari,73,2019,4,8,9.0,36.0,5.0,0.0,73.0,2.0,0.0,0,5
1014,844,Charles Leclerc,6,Ferrari,4,2019,5,5,5.0,47.0,5.0,0.0,99.0,2.0,0.0,0,5
1015,844,Charles Leclerc,6,Ferrari,6,2019,6,15,16.0,57.0,5.0,0.0,121.0,2.0,0.0,0,20
1016,844,Charles Leclerc,6,Ferrari,7,2019,7,3,3.0,57.0,5.0,0.0,139.0,2.0,0.0,1,3
1017,844,Charles Leclerc,6,Ferrari,34,2019,8,3,3.0,72.0,5.0,0.0,172.0,2.0,0.0,1,3
1018,844,Charles Leclerc,6,Ferrari,70,2019,9,1,1.0,87.0,5.0,0.0,198.0,2.0,0.0,1,2
1019,844,Charles Leclerc,6,Ferrari,9,2019,10,3,3.0,105.0,5.0,0.0,228.0,2.0,0.0,1,3
1020,844,Charles Leclerc,6,Ferrari,10,2019,11,10,10.0,120.0,5.0,0.0,243.0,2.0,0.0,0,17
1021,844,Charles Leclerc,6,Ferrari,11,2019,12,4,4.0,120.0,5.0,0.0,261.0,2.0,0.0,0,4
1022,844,Charles Leclerc,6,Ferrari,13,2019,13,1,1.0,132.0,5.0,0.0,288.0,2.0,0.0,1,1
1023,844,Charles Leclerc,6,Ferrari,14,2019,14,1,1.0,157.0,5.0,1.0,326.0,2.0,1.0,1,1
1024,844,Charles Leclerc,6,Ferrari,15,2019,15,1,1.0,182.0,4.0,2.0,351.0,2.0,2.0,1,2
1025,844,Charles Leclerc,6,Ferrari,71,2019,16,1,1.0,200.0,3.0,2.0,394.0,2.0,3.0,1,3
1026,844,Charles Leclerc,6,Ferrari,22,2019,17,2,2.0,215.0,3.0,2.0,409.0,2.0,3.0,0,6
1027,844,Charles Leclerc,6,Ferrari,32,2019,18,1,2.0,223.0,3.0,2.0,435.0,2.0,3.0,0,4
1028,844,Charles Leclerc,6,Ferrari,69,2019,19,4,4.0,236.0,3.0,2.0,466.0,2.0,3.0,0,4
1029,844,Charles Leclerc,6,Ferrari,18,2019,20,14,4.0,249.0,3.0,2.0,479.0,2.0,3.0,0,18
1030,844,Charles Leclerc,6,Ferrari,24,2019,21,3,4.0,249.0,4.0,2.0,479.0,2.0,3.0,1,3
1031,844,Charles Leclerc,6,Ferrari,70,2020,1,7,7.0,0.0,99.0,0.0,0.0,99.0,0.0,1,2
1032,844,Charles Leclerc,6,Ferrari,70,2020,2,14,11.0,18.0,2.0,0.0,19.0,3.0,0.0,0,19
1033,844,Charles Leclerc,6,Ferrari,11,2020,3,6,6.0,18.0,4.0,0.0,19.0,5.0,0.0,0,11
1034,844,Charles Leclerc,6,Ferrari,9,2020,4,4,4.0,18.0,7.0,0.0,27.0,5.0,0.0,1,3
1035,844,Charles Leclerc,6,Ferrari,9,2020,5,8,8.0,33.0,5.0,0.0,43.0,4.0,0.0,0,4
1036,844,Charles Leclerc,6,Ferrari,4,2020,6,9,9.0,45.0,4.0,0.0,55.0,3.0,0.0,0,20
1037,844,Charles Leclerc,6,Ferrari,13,2020,7,13,13.0,45.0,4.0,0.0,61.0,5.0,0.0,0,14
1038,844,Charles Leclerc,6,Ferrari,14,2020,8,13,13.0,45.0,5.0,0.0,61.0,5.0,0.0,0,18
1039,844,Charles Leclerc,6,Ferrari,76,2020,9,5,5.0,45.0,7.0,0.0,61.0,6.0,0.0,0,8
1040,844,Charles Leclerc,6,Ferrari,71,2020,10,10,11.0,49.0,8.0,0.0,66.0,6.0,0.0,0,6
1041,844,Charles Leclerc,6,Ferrari,20,2020,11,4,4.0,57.0,7.0,0.0,74.0,6.0,0.0,0,7
1042,844,Charles Leclerc,6,Ferrari,75,2020,12,4,4.0,63.0,8.0,0.0,80.0,6.0,0.0,0,4
1043,844,Charles Leclerc,6,Ferrari,21,2020,13,7,7.0,75.0,5.0,0.0,93.0,6.0,0.0,0,5
1044,844,Charles Leclerc,6,Ferrari,5,2020,14,12,14.0,85.0,5.0,0.0,103.0,6.0,0.0,0,4
1045,844,Charles Leclerc,6,Ferrari,3,2020,15,12,12.0,97.0,5.0,0.0,130.0,6.0,0.0,0,10
1046,844,Charles Leclerc,6,Ferrari,3,2020,16,4,4.0,98.0,6.0,0.0,131.0,6.0,0.0,0,20
1047,844,Charles Leclerc,6,Ferrari,24,2020,17,12,9.0,98.0,6.0,0.0,131.0,6.0,0.0,0,13
1052,844,Charles Leclerc,6,Ferrari,3,2021,1,4,4.0,0.0,99.0,0.0,0.0,99.0,0.0,0,6
1053,844,Charles Leclerc,6,Ferrari,21,2021,2,4,4.0,8.0,6.0,0.0,12.0,4.0,0.0,0,4
1054,844,Charles Leclerc,6,Ferrari,75,2021,3,8,8.0,20.0,4.0,0.0,34.0,4.0,0.0,0,6
1055,844,Charles Leclerc,6,Ferrari,4,2021,4,4,4.0,28.0,5.0,0.0,42.0,4.0,0.0,0,4
1056,844,Charles Leclerc,6,Ferrari,6,2021,5,1,1.0,40.0,5.0,0.0,60.0,4.0,0.0,0,20
1057,844,Charles Leclerc,6,Ferrari,73,2021,6,1,1.0,40.0,6.0,0.0,78.0,4.0,0.0,0,4
1059,844,Charles Leclerc,6,Ferrari,34,2021,7,7,7.0,52.0,5.0,0.0,94.0,3.0,0.0,0,16
1058,844,Charles Leclerc,6,Ferrari,70,2021,8,7,7.0,52.0,6.0,0.0,94.0,4.0,0.0,0,7
1060,844,Charles Leclerc,6,Ferrari,70,2021,9,12,12.0,58.0,6.0,0.0,108.0,4.0,0.0,0,8
1061,844,Charles Leclerc,6,Ferrari,9,2021,10,4,4.0,62.0,6.0,0.0,122.0,4.0,0.0,1,2
1062,844,Charles Leclerc,6,Ferrari,11,2021,11,7,7.0,80.0,6.0,0.0,148.0,4.0,0.0,0,18
1063,844,Charles Leclerc,6,Ferrari,13,2021,12,9,11.0,80.0,7.0,0.0,163.0,3.0,0.0,0,8
1064,844,Charles Leclerc,6,Ferrari,39,2021,13,5,5.0,82.0,7.0,0.0,165.5,4.0,0.0,0,5
1065,844,Charles Leclerc,6,Ferrari,14,2021,14,5,8.0,92.0,6.0,0.0,181.5,3.0,0.0,0,4
1066,844,Charles Leclerc,6,Ferrari,71,2021,15,19,15.0,104.0,6.0,0.0,201.5,4.0,0.0,0,15
1067,844,Charles Leclerc,6,Ferrari,5,2021,16,3,4.0,104.0,7.0,0.0,216.5,4.0,0.0,0,4
1069,844,Charles Leclerc,6,Ferrari,69,2021,17,4,5.0,116.0,7.0,0.0,232.5,4.0,0.0,0,4
1070,844,Charles Leclerc,6,Ferrari,32,2021,18,8,8.0,128.0,6.0,0.0,250.5,4.0,0.0,0,5
1071,844,Charles Leclerc,6,Ferrari,18,2021,19,6,7.0,138.0,6.0,0.0,268.5,3.0,0.0,0,5
1051,844,Charles Leclerc,6,Ferrari,78,2021,20,13,13.0,148.0,6.0,0.0,287.5,3.0,0.0,0,8
1072,844,Charles Leclerc,6,Ferrari,77,2021,21,4,4.0,152.0,6.0,0.0,297.5,3.0,0.0,0,7
1073,844,Charles Leclerc,6,Ferrari,24,2021,22,7,7.0,158.0,5.0,0.0,307.5,3.0,0.0,0,10
1074,844,Charles Leclerc,6,Ferrari,3,2022,1,1,1.0,0.0,99.0,0.0,0.0,99.0,0.0,1,1
1075,844,Charles Leclerc,6,Ferrari,77,2022,2,2,2.0,26.0,1.0,1.0,44.0,1.0,1.0,1,2
1076,844,Charles Leclerc,6,Ferrari,1,2022,3,1,1.0,45.0,1.0,1.0,78.0,1.0,1.0,1,1
1077,844,Charles Leclerc,6,Ferrari,21,2022,4,2,2.0,71.0,1.0,2.0,104.0,1.0,2.0,0,6
1078,844,Charles Leclerc,6,Ferrari,79,2022,5,1,1.0,86.0,1.0,2.0,124.0,1.0,2.0,1,2
1079,844,Charles Leclerc,6,Ferrari,4,2022,6,1,1.0,104.0,1.0,2.0,157.0,1.0,2.0,0,20
1080,844,Charles Leclerc,6,Ferrari,6,2022,7,1,1.0,104.0,2.0,2.0,169.0,2.0,2.0,0,4
1081,844,Charles Leclerc,6,Ferrari,73,2022,8,1,1.0,116.0,2.0,2.0,199.0,2.0,2.0,0,19
1082,844,Charles Leclerc,6,Ferrari,7,2022,9,19,15.0,116.0,3.0,2.0,199.0,2.0,2.0,0,5
1083,844,Charles Leclerc,6,Ferrari,9,2022,10,3,3.0,126.0,3.0,2.0,228.0,2.0,2.0,0,4
1084,844,Charles Leclerc,6,Ferrari,70,2022,11,2,2.0,138.0,3.0,2.0,265.0,2.0,3.0,1,1
1085,844,Charles Leclerc,6,Ferrari,34,2022,12,1,1.0,170.0,2.0,3.0,303.0,2.0,4.0,0,19
1086,844,Charles Leclerc,6,Ferrari,11,2022,13,3,3.0,170.0,2.0,3.0,314.0,2.0,4.0,0,6
1087,844,Charles Leclerc,6,Ferrari,13,2022,14,15,4.0,178.0,2.0,3.0,334.0,2.0,4.0,0,6
1088,844,Charles Leclerc,6,Ferrari,39,2022,15,2,2.0,186.0,3.0,3.0,357.0,2.0,4.0,1,3
1089,844,Charles Leclerc,6,Ferrari,14,2022,16,1,1.0,201.0,2.0,3.0,376.0,2.0,4.0,1,2
1091,844,Charles Leclerc,6,Ferrari,15,2022,17,1,1.0,219.0,2.0,3.0,406.0,2.0,4.0,1,2
1092,844,Charles Leclerc,6,Ferrari,22,2022,18,2,2.0,237.0,2.0,3.0,439.0,2.0,4.0,1,3
1093,844,Charles Leclerc,6,Ferrari,69,2022,19,12,2.0,252.0,3.0,3.0,454.0,2.0,4.0,1,3
1094,844,Charles Leclerc,6,Ferrari,32,2022,20,7,7.0,267.0,2.0,3.0,469.0,2.0,4.0,0,6
1095,844,Charles Leclerc,6,Ferrari,18,2022,21,5,10.0,275.0,3.0,3.0,487.0,2.0,4.0,0,4
1096,844,Charles Leclerc,6,Ferrari,24,2022,22,3,3.0,290.0,2.0,3.0,524.0,2.0,4.0,1,2
1098,844,Charles Leclerc,6,Ferrari,3,2023,1,3,3.0,0.0,99.0,0.0,0.0,99.0,0.0,0,19
1099,844,Charles Leclerc,6,Ferrari,77,2023,2,12,2.0,0.0,19.0,0.0,12.0,4.0,0.0,0,7
1100,844,Charles Leclerc,6,Ferrari,1,2023,3,7,7.0,6.0,8.0,0.0,26.0,4.0,0.0,0,20
1101,844,Charles Leclerc,6,Ferrari,73,2023,4,1,1.0,6.0,10.0,0.0,26.0,4.0,0.0,1,3
1102,844,Charles Leclerc,6,Ferrari,79,2023,5,7,7.0,28.0,6.0,0.0,62.0,4.0,0.0,0,7
1104,844,Charles Leclerc,6,Ferrari,6,2023,6,6,3.0,34.0,7.0,0.0,78.0,4.0,0.0,0,6
1105,844,Charles Leclerc,6,Ferrari,4,2023,7,19,19.0,42.0,7.0,0.0,90.0,4.0,0.0,0,11
1106,844,Charles Leclerc,6,Ferrari,7,2023,8,10,11.0,42.0,7.0,0.0,100.0,4.0,0.0,0,4
1107,844,Charles Leclerc,6,Ferrari,70,2023,9,2,2.0,54.0,7.0,0.0,122.0,4.0,0.0,1,2
1108,844,Charles Leclerc,6,Ferrari,9,2023,10,4,4.0,72.0,6.0,0.0,154.0,4.0,0.0,0,9
1109,844,Charles Leclerc,6,Ferrari,11,2023,11,6,6.0,74.0,7.0,0.0,157.0,4.0,0.0,0,7
1110,844,Charles Leclerc,6,Ferrari,13,2023,12,1,2.0,80.0,7.0,0.0,167.0,4.0,0.0,1,3
1111,844,Charles Leclerc,6,Ferrari,39,2023,13,9,9.0,99.0,5.0,0.0,191.0,4.0,0.0,0,19
1112,844,Charles Leclerc,6,Ferrari,14,2023,14,3,3.0,99.0,6.0,0.0,201.0,4.0,0.0,0,4
1113,844,Charles Leclerc,6,Ferrari,15,2023,15,3,3.0,111.0,6.0,0.0,228.0,3.0,0.0,0,4
1114,844,Charles Leclerc,6,Ferrari,22,2023,16,4,4.0,123.0,6.0,0.0,265.0,3.0,1.0,0,4
1115,844,Charles Leclerc,6,Ferrari,78,2023,17,5,5.0,135.0,6.0,0.0,285.0,3.0,1.0,0,5
1116,844,Charles Leclerc,6,Ferrari,69,2023,18,1,1.0,145.0,6.0,0.0,298.0,3.0,1.0,0,20
1117,844,Charles Leclerc,6,Ferrari,32,2023,19,1,1.0,151.0,7.0,0.0,322.0,3.0,1.0,1,3
1118,844,Charles Leclerc,6,Ferrari,18,2023,20,0,2.0,166.0,7.0,0.0,349.0,3.0,1.0,0,20
1119,844,Charles Leclerc,6,Ferrari,80,2023,21,1,1.0,170.0,7.0,0.0,362.0,3.0,1.0,1,2
1120,844,Charles Leclerc,6,Ferrari,24,2023,22,2,2.0,188.0,7.0,0.0,388.0,3.0,1.0,1,2
1121,844,Charles Leclerc,6,Ferrari,3,2024,1,2,2.0,0.0,99.0,0.0,0.0,99.0,0.0,0,4
1122,844,Charles Leclerc,6,Ferrari,77,2024,2,2,2.0,12.0,4.0,0.0,27.0,2.0,0.0,1,3
1123,844,Charles Leclerc,6,Ferrari,1,2024,3,4,5.0,28.0,3.0,0.0,49.0,2.0,0.0,1,2
1124,844,Charles Leclerc,6,Ferrari,22,2024,4,8,8.0,47.0,2.0,0.0,93.0,2.0,1.0,0,4
1125,844,Charles Leclerc,6,Ferrari,17,2024,5,6,6.0,59.0,3.0,0.0,120.0,2.0,1.0,0,4
1126,844,Charles Leclerc,6,Ferrari,79,2024,6,2,2.0,76.0,3.0,0.0,151.0,2.0,1.0,1,3
1127,844,Charles Leclerc,6,Ferrari,21,2024,7,3,4.0,98.0,3.0,0.0,187.0,2.0,1.0,1,3
1128,844,Charles Leclerc,6,Ferrari,6,2024,8,1,1.0,113.0,2.0,0.0,212.0,2.0,1.0,1,1
1129,844,Charles Leclerc,6,Ferrari,7,2024,9,11,11.0,138.0,2.0,1.0,252.0,2.0,2.0,0,19
1130,844,Charles Leclerc,6,Ferrari,4,2024,10,5,5.0,138.0,2.0,1.0,252.0,2.0,2.0,0,5
1131,844,Charles Leclerc,6,Ferrari,70,2024,11,6,6.0,148.0,3.0,1.0,270.0,2.0,2.0,0,11
1132,844,Charles Leclerc,6,Ferrari,9,2024,12,11,11.0,150.0,3.0,1.0,291.0,2.0,2.0,0,14
1133,844,Charles Leclerc,6,Ferrari,11,2024,13,6,6.0,150.0,3.0,1.0,302.0,2.0,2.0,0,4
1134,844,Charles Leclerc,6,Ferrari,13,2024,14,1,2.0,162.0,3.0,1.0,322.0,3.0,2.0,1,3
1135,844,Charles Leclerc,6,Ferrari,39,2024,15,6,6.0,177.0,3.0,1.0,345.0,3.0,2.0,1,3
1136,844,Charles Leclerc,6,Ferrari,14,2024,16,4,4.0,192.0,3.0,1.0,370.0,3.0,2.0,1,1
1137,844,Charles Leclerc,6,Ferrari,73,2024,17,1,1.0,217.0,3.0,2.0,407.0,3.0,3.0,1,2
1138,844,Charles Leclerc,6,Ferrari,15,2024,18,9,9.0,235.0,3.0,2.0,425.0,3.0,3.0,0,5
1139,844,Charles Leclerc,6,Ferrari,69,2024,19,4,4.0,245.0,3.0,2.0,441.0,3.0,3.0,1,1
1140,844,Charles Leclerc,6,Ferrari,32,2024,20,4,4.0,275.0,3.0,3.0,496.0,3.0,4.0,1,3
1141,844,Charles Leclerc,6,Ferrari,18,2024,21,6,6.0,291.0,3.0,3.0,537.0,2.0,5.0,0,5
1142,844,Charles Leclerc,6,Ferrari,80,2024,22,4,4.0,307.0,3.0,3.0,557.0,2.0,5.0,0,4
1143,844,Charles Leclerc,6,Ferrari,78,2024,23,5,5.0,319.0,3.0,3.0,584.0,2.0,5.0,1,2
1144,844,Charles Leclerc,6,Ferrari,24,2024,24,19,14.0,341.0,3.0,3.0,619.0,2.0,5.0,1,3
989,845,Sergey Sirotkin,3,Williams,1,2018,1,19,19.0,0.0,99.0,0.0,0.0,99.0,0.0,0,20
990,845,Sergey Sirotkin,3,Williams,3,2018,2,18,18.0,0.0,20.0,0.0,0.0,8.0,0.0,0,15
991,845,Sergey Sirotkin,3,Williams,17,2018,3,16,16.0,0.0,20.0,0.0,0.0,10.0,0.0,0,15
992,845,Sergey Sirotkin,3,Williams,73,2018,4,11,12.0,0.0,19.0,0.0,0.0,10.0,0.0,0,20
993,845,Sergey Sirotkin,3,Williams,4,2018,5,19,18.0,0.0,20.0,0.0,4.0,10.0,0.0,0,14
994,845,Sergey Sirotkin,3,Williams,6,2018,6,13,13.0,0.0,20.0,0.0,4.0,10.0,0.0,0,16
995,845,Sergey Sirotkin,3,Williams,7,2018,7,18,18.0,0.0,20.0,0.0,4.0,10.0,0.0,0,17
996,845,Sergey Sirotkin,3,Williams,34,2018,8,18,19.0,0.0,20.0,0.0,4.0,10.0,0.0,0,15
997,845,Sergey Sirotkin,3,Williams,70,2018,9,17,18.0,0.0,20.0,0.0,4.0,10.0,0.0,0,13
998,845,Sergey Sirotkin,3,Williams,9,2018,10,18,18.0,0.0,20.0,0.0,4.0,10.0,0.0,0,14
999,845,Sergey Sirotkin,3,Williams,10,2018,11,12,12.0,0.0,20.0,0.0,4.0,10.0,0.0,0,19
1000,845,Sergey Sirotkin,3,Williams,11,2018,12,20,20.0,0.0,20.0,0.0,4.0,10.0,0.0,0,16
1001,845,Sergey Sirotkin,3,Williams,13,2018,13,16,18.0,0.0,20.0,0.0,4.0,10.0,0.0,0,12
1002,845,Sergey Sirotkin,3,Williams,14,2018,14,12,12.0,0.0,20.0,0.0,4.0,10.0,0.0,0,10
1003,845,Sergey Sirotkin,3,Williams,15,2018,15,19,19.0,1.0,20.0,0.0,7.0,10.0,0.0,0,19
1004,845,Sergey Sirotkin,3,Williams,71,2018,16,13,18.0,1.0,20.0,0.0,7.0,10.0,0.0,0,18
1005,845,Sergey Sirotkin,3,Williams,22,2018,17,17,17.0,1.0,20.0,0.0,7.0,10.0,0.0,0,16
1006,845,Sergey Sirotkin,3,Williams,69,2018,18,14,17.0,1.0,20.0,0.0,7.0,10.0,0.0,0,13
1007,845,Sergey Sirotkin,3,Williams,32,2018,19,19,20.0,1.0,20.0,0.0,7.0,10.0,0.0,0,13
1008,845,Sergey Sirotkin,3,Williams,18,2018,20,14,15.0,1.0,20.0,0.0,7.0,10.0,0.0,0,16
1009,845,Sergey Sirotkin,3,Williams,24,2018,21,19,19.0,1.0,20.0,0.0,7.0,10.0,0.0,0,15
1010,846,Lando Norris,1,McLaren,1,2019,1,8,8.0,0.0,99.0,0.0,0.0,99.0,0.0,0,12
1011,846,Lando Norris,1,McLaren,3,2019,2,9,10.0,0.0,12.0,0.0,0.0,9.0,0.0,0,6
1012,846,Lando Norris,1,McLaren,17,2019,3,15,15.0,8.0,7.0,0.0,8.0,5.0,0.0,0,18
1013,846,Lando Norris,1,McLaren,73,2019,4,7,7.0,8.0,8.0,0.0,8.0,7.0,0.0,0,8
1014,846,Lando Norris,1,McLaren,4,2019,5,10,11.0,12.0,9.0,0.0,18.0,4.0,0.0,0,20
1015,846,Lando Norris,1,McLaren,6,2019,6,12,12.0,12.0,10.0,0.0,22.0,4.0,0.0,0,11
1016,846,Lando Norris,1,McLaren,7,2019,7,8,8.0,12.0,11.0,0.0,30.0,4.0,0.0,0,20
1017,846,Lando Norris,1,McLaren,34,2019,8,5,5.0,12.0,12.0,0.0,30.0,4.0,0.0,0,9
1018,846,Lando Norris,1,McLaren,70,2019,9,5,6.0,14.0,12.0,0.0,40.0,4.0,0.0,0,6
1019,846,Lando Norris,1,McLaren,9,2019,10,8,8.0,22.0,8.0,0.0,52.0,4.0,0.0,0,11
1020,846,Lando Norris,1,McLaren,10,2019,11,19,16.0,22.0,9.0,0.0,60.0,4.0,0.0,0,18
1021,846,Lando Norris,1,McLaren,11,2019,12,7,7.0,22.0,10.0,0.0,70.0,4.0,0.0,0,9
1022,846,Lando Norris,1,McLaren,13,2019,13,11,12.0,24.0,10.0,0.0,82.0,4.0,0.0,0,11
1023,846,Lando Norris,1,McLaren,14,2019,14,16,14.0,24.0,11.0,0.0,82.0,4.0,0.0,0,10
1024,846,Lando Norris,1,McLaren,15,2019,15,9,9.0,25.0,14.0,0.0,83.0,4.0,0.0,0,7
1025,846,Lando Norris,1,McLaren,71,2019,16,7,8.0,31.0,12.0,0.0,89.0,4.0,0.0,0,8
1026,846,Lando Norris,1,McLaren,22,2019,17,8,8.0,35.0,9.0,0.0,101.0,4.0,0.0,0,11
1027,846,Lando Norris,1,McLaren,32,2019,18,8,8.0,35.0,10.0,0.0,111.0,4.0,0.0,0,20
1028,846,Lando Norris,1,McLaren,69,2019,19,8,8.0,35.0,12.0,0.0,111.0,4.0,0.0,0,7
1029,846,Lando Norris,1,McLaren,18,2019,20,10,11.0,41.0,11.0,0.0,121.0,4.0,0.0,0,8
1030,846,Lando Norris,1,McLaren,24,2019,21,6,7.0,45.0,11.0,0.0,140.0,4.0,0.0,0,8
1031,846,Lando Norris,1,McLaren,70,2020,1,3,4.0,0.0,99.0,0.0,0.0,99.0,0.0,1,3
1032,846,Lando Norris,1,McLaren,70,2020,2,9,6.0,16.0,3.0,0.0,26.0,2.0,0.0,0,5
1033,846,Lando Norris,1,McLaren,11,2020,3,8,8.0,26.0,3.0,0.0,39.0,2.0,0.0,0,13
1034,846,Lando Norris,1,McLaren,9,2020,4,5,5.0,26.0,4.0,0.0,41.0,3.0,0.0,0,5
1035,846,Lando Norris,1,McLaren,9,2020,5,10,10.0,36.0,4.0,0.0,51.0,3.0,0.0,0,9
1036,846,Lando Norris,1,McLaren,4,2020,6,8,8.0,38.0,5.0,0.0,53.0,4.0,0.0,0,10
1037,846,Lando Norris,1,McLaren,13,2020,7,10,10.0,39.0,7.0,0.0,62.0,4.0,0.0,0,7
1038,846,Lando Norris,1,McLaren,14,2020,8,6,6.0,45.0,6.0,0.0,68.0,3.0,0.0,0,4
1039,846,Lando Norris,1,McLaren,76,2020,9,11,11.0,57.0,5.0,0.0,98.0,3.0,0.0,0,6
1040,846,Lando Norris,1,McLaren,71,2020,10,8,8.0,65.0,4.0,0.0,106.0,3.0,0.0,0,15
1041,846,Lando Norris,1,McLaren,20,2020,11,8,8.0,65.0,4.0,0.0,106.0,3.0,0.0,0,16
1042,846,Lando Norris,1,McLaren,75,2020,12,8,8.0,65.0,6.0,0.0,116.0,4.0,0.0,0,13
1043,846,Lando Norris,1,McLaren,21,2020,13,9,9.0,65.0,7.0,0.0,124.0,4.0,0.0,0,8
1044,846,Lando Norris,1,McLaren,5,2020,14,14,11.0,69.0,7.0,0.0,134.0,4.0,0.0,0,8
1045,846,Lando Norris,1,McLaren,3,2020,15,9,9.0,74.0,8.0,0.0,149.0,4.0,0.0,0,4
1046,846,Lando Norris,1,McLaren,3,2020,16,19,15.0,86.0,7.0,0.0,171.0,3.0,0.0,0,10
1047,846,Lando Norris,1,McLaren,24,2020,17,4,4.0,87.0,9.0,0.0,184.0,4.0,0.0,0,5
1052,846,Lando Norris,1,McLaren,3,2021,1,7,7.0,0.0,99.0,0.0,0.0,99.0,0.0,0,4
1053,846,Lando Norris,1,McLaren,21,2021,2,7,7.0,12.0,4.0,0.0,18.0,3.0,0.0,1,3
1054,846,Lando Norris,1,McLaren,75,2021,3,7,7.0,27.0,3.0,0.0,41.0,3.0,0.0,0,5
1055,846,Lando Norris,1,McLaren,4,2021,4,9,9.0,37.0,3.0,0.0,53.0,3.0,0.0,0,8
1056,846,Lando Norris,1,McLaren,6,2021,5,5,5.0,41.0,4.0,0.0,65.0,3.0,0.0,1,3
1057,846,Lando Norris,1,McLaren,73,2021,6,9,6.0,56.0,3.0,0.0,80.0,3.0,0.0,0,5
1059,846,Lando Norris,1,McLaren,34,2021,7,8,8.0,66.0,4.0,0.0,92.0,4.0,0.0,0,5
1058,846,Lando Norris,1,McLaren,70,2021,8,3,4.0,76.0,4.0,0.0,110.0,3.0,0.0,0,5
1060,846,Lando Norris,1,McLaren,70,2021,9,2,2.0,86.0,4.0,0.0,120.0,3.0,0.0,1,3
1061,846,Lando Norris,1,McLaren,9,2021,10,5,6.0,101.0,4.0,0.0,141.0,3.0,0.0,0,4
1062,846,Lando Norris,1,McLaren,11,2021,11,6,6.0,113.0,3.0,0.0,163.0,3.0,0.0,0,15
1063,846,Lando Norris,1,McLaren,13,2021,12,15,10.0,113.0,3.0,0.0,163.0,4.0,0.0,0,14
1064,846,Lando Norris,1,McLaren,39,2021,13,13,13.0,113.0,3.0,0.0,169.0,3.0,0.0,0,10
1065,846,Lando Norris,1,McLaren,14,2021,14,3,4.0,114.0,4.0,0.0,170.0,4.0,0.0,1,2
1066,846,Lando Norris,1,McLaren,71,2021,15,1,1.0,132.0,4.0,0.0,215.0,3.0,1.0,0,7
1067,846,Lando Norris,1,McLaren,5,2021,16,7,8.0,139.0,4.0,0.0,234.0,3.0,1.0,0,7
1069,846,Lando Norris,1,McLaren,69,2021,17,7,8.0,145.0,4.0,0.0,240.0,3.0,1.0,0,8
1070,846,Lando Norris,1,McLaren,32,2021,18,18,10.0,149.0,5.0,0.0,254.0,3.0,1.0,0,10
1071,846,Lando Norris,1,McLaren,18,2021,19,5,8.0,150.0,5.0,0.0,255.0,4.0,1.0,0,10
1051,846,Lando Norris,1,McLaren,78,2021,20,4,6.0,151.0,5.0,0.0,256.0,4.0,1.0,0,9
1072,846,Lando Norris,1,McLaren,77,2021,21,7,7.0,153.0,5.0,0.0,258.0,4.0,1.0,0,10
1073,846,Lando Norris,1,McLaren,24,2021,22,3,3.0,154.0,6.0,0.0,269.0,4.0,1.0,0,7
1074,846,Lando Norris,1,McLaren,3,2022,1,13,13.0,0.0,99.0,0.0,0.0,99.0,0.0,0,15
1075,846,Lando Norris,1,McLaren,77,2022,2,11,11.0,0.0,15.0,0.0,0.0,9.0,0.0,0,7
1076,846,Lando Norris,1,McLaren,1,2022,3,4,4.0,6.0,10.0,0.0,6.0,8.0,0.0,0,5
1077,846,Lando Norris,1,McLaren,21,2022,4,5,3.0,16.0,8.0,0.0,24.0,4.0,0.0,1,3
1078,846,Lando Norris,1,McLaren,79,2022,5,8,8.0,35.0,6.0,0.0,46.0,4.0,0.0,0,19
1079,846,Lando Norris,1,McLaren,4,2022,6,11,11.0,35.0,7.0,0.0,46.0,4.0,0.0,0,8
1080,846,Lando Norris,1,McLaren,6,2022,7,5,5.0,39.0,7.0,0.0,50.0,4.0,0.0,0,6
1081,846,Lando Norris,1,McLaren,73,2022,8,11,11.0,48.0,7.0,0.0,59.0,4.0,0.0,0,9
1082,846,Lando Norris,1,McLaren,7,2022,9,14,14.0,50.0,7.0,0.0,65.0,4.0,0.0,0,15
1083,846,Lando Norris,1,McLaren,9,2022,10,6,6.0,50.0,7.0,0.0,65.0,4.0,0.0,0,6
1084,846,Lando Norris,1,McLaren,70,2022,11,10,15.0,58.0,7.0,0.0,73.0,4.0,0.0,0,7
1085,846,Lando Norris,1,McLaren,34,2022,12,5,5.0,64.0,7.0,0.0,81.0,4.0,0.0,0,7
1086,846,Lando Norris,1,McLaren,11,2022,13,4,4.0,70.0,7.0,0.0,89.0,5.0,0.0,0,7
1087,846,Lando Norris,1,McLaren,13,2022,14,17,10.0,76.0,7.0,0.0,95.0,5.0,0.0,0,12
1088,846,Lando Norris,1,McLaren,39,2022,15,7,7.0,76.0,7.0,0.0,95.0,5.0,0.0,0,7
1089,846,Lando Norris,1,McLaren,14,2022,16,3,7.0,82.0,7.0,0.0,101.0,5.0,0.0,0,7
1091,846,Lando Norris,1,McLaren,15,2022,17,6,6.0,88.0,7.0,0.0,107.0,5.0,0.0,0,4
1092,846,Lando Norris,1,McLaren,22,2022,18,10,10.0,100.0,7.0,0.0,129.0,4.0,0.0,0,10
1093,846,Lando Norris,1,McLaren,69,2022,19,6,8.0,101.0,7.0,0.0,130.0,5.0,0.0,0,6
1094,846,Lando Norris,1,McLaren,32,2022,20,8,8.0,109.0,7.0,0.0,138.0,5.0,0.0,0,9
1095,846,Lando Norris,1,McLaren,18,2022,21,6,4.0,111.0,7.0,0.0,146.0,5.0,0.0,0,18
1096,846,Lando Norris,1,McLaren,24,2022,22,7,7.0,113.0,7.0,0.0,148.0,5.0,0.0,0,6
1098,846,Lando Norris,1,McLaren,3,2023,1,11,11.0,0.0,99.0,0.0,0.0,99.0,0.0,0,17
1099,846,Lando Norris,1,McLaren,77,2023,2,19,19.0,0.0,17.0,0.0,0.0,10.0,0.0,0,17
1100,846,Lando Norris,1,McLaren,1,2023,3,13,13.0,0.0,20.0,0.0,0.0,10.0,0.0,0,6
1101,846,Lando Norris,1,McLaren,73,2023,4,7,7.0,8.0,8.0,0.0,12.0,5.0,0.0,0,9
1102,846,Lando Norris,1,McLaren,79,2023,5,16,16.0,10.0,9.0,0.0,14.0,5.0,0.0,0,17
1104,846,Lando Norris,1,McLaren,6,2023,6,10,10.0,10.0,9.0,0.0,14.0,5.0,0.0,0,9
1105,846,Lando Norris,1,McLaren,4,2023,7,3,3.0,12.0,11.0,0.0,17.0,6.0,0.0,0,17
1106,846,Lando Norris,1,McLaren,7,2023,8,7,7.0,12.0,11.0,0.0,17.0,6.0,0.0,0,13
1107,846,Lando Norris,1,McLaren,70,2023,9,4,4.0,12.0,11.0,0.0,17.0,6.0,0.0,0,4
1108,846,Lando Norris,1,McLaren,9,2023,10,2,2.0,24.0,10.0,0.0,29.0,6.0,0.0,1,2
1109,846,Lando Norris,1,McLaren,11,2023,11,3,3.0,42.0,9.0,0.0,59.0,5.0,0.0,1,2
1110,846,Lando Norris,1,McLaren,13,2023,12,7,7.0,60.0,8.0,0.0,87.0,5.0,0.0,0,7
1111,846,Lando Norris,1,McLaren,39,2023,13,2,2.0,69.0,8.0,0.0,103.0,5.0,0.0,0,7
1112,846,Lando Norris,1,McLaren,14,2023,14,9,9.0,75.0,8.0,0.0,111.0,5.0,0.0,0,8
1113,846,Lando Norris,1,McLaren,15,2023,15,4,4.0,79.0,8.0,0.0,115.0,5.0,0.0,1,2
1114,846,Lando Norris,1,McLaren,22,2023,16,3,3.0,97.0,8.0,0.0,139.0,5.0,0.0,1,2
1115,846,Lando Norris,1,McLaren,78,2023,17,10,10.0,115.0,7.0,0.0,172.0,5.0,0.0,1,3
1116,846,Lando Norris,1,McLaren,69,2023,18,2,2.0,136.0,7.0,0.0,219.0,5.0,0.0,1,2
1117,846,Lando Norris,1,McLaren,32,2023,19,17,19.0,159.0,6.0,0.0,242.0,4.0,0.0,0,5
1118,846,Lando Norris,1,McLaren,18,2023,20,6,7.0,169.0,6.0,0.0,256.0,4.0,0.0,1,2
1119,846,Lando Norris,1,McLaren,80,2023,21,15,16.0,195.0,5.0,0.0,282.0,4.0,0.0,0,20
1120,846,Lando Norris,1,McLaren,24,2023,22,5,5.0,195.0,6.0,0.0,284.0,4.0,0.0,0,5
1121,846,Lando Norris,1,McLaren,3,2024,1,7,7.0,0.0,99.0,0.0,0.0,99.0,0.0,0,6
1122,846,Lando Norris,1,McLaren,77,2024,2,6,6.0,8.0,6.0,0.0,12.0,4.0,0.0,0,8
1123,846,Lando Norris,1,McLaren,1,2024,3,3,4.0,12.0,8.0,0.0,28.0,3.0,0.0,1,3
1124,846,Lando Norris,1,McLaren,22,2024,4,3,3.0,27.0,6.0,0.0,55.0,3.0,0.0,0,5
1125,846,Lando Norris,1,McLaren,17,2024,5,4,4.0,37.0,5.0,0.0,69.0,3.0,0.0,1,2
1126,846,Lando Norris,1,McLaren,79,2024,6,5,5.0,58.0,5.0,0.0,96.0,3.0,0.0,1,1
1127,846,Lando Norris,1,McLaren,21,2024,7,2,3.0,83.0,4.0,1.0,124.0,3.0,1.0,1,2
1128,846,Lando Norris,1,McLaren,6,2024,8,4,4.0,101.0,4.0,1.0,154.0,3.0,1.0,0,4
1129,846,Lando Norris,1,McLaren,7,2024,9,3,3.0,113.0,3.0,1.0,184.0,3.0,1.0,1,2
1130,846,Lando Norris,1,McLaren,4,2024,10,1,1.0,131.0,3.0,1.0,212.0,3.0,1.0,1,2
1131,846,Lando Norris,1,McLaren,70,2024,11,2,2.0,150.0,2.0,1.0,237.0,3.0,1.0,0,20
1132,846,Lando Norris,1,McLaren,9,2024,12,3,3.0,156.0,2.0,1.0,268.0,3.0,1.0,1,3
1133,846,Lando Norris,1,McLaren,11,2024,13,1,1.0,171.0,2.0,1.0,295.0,3.0,1.0,1,2
1134,846,Lando Norris,1,McLaren,13,2024,14,4,5.0,189.0,2.0,1.0,338.0,2.0,2.0,0,5
1135,846,Lando Norris,1,McLaren,39,2024,15,1,1.0,199.0,2.0,1.0,366.0,2.0,2.0,1,1
1136,846,Lando Norris,1,McLaren,14,2024,16,1,1.0,225.0,2.0,2.0,404.0,2.0,3.0,1,3
1137,846,Lando Norris,1,McLaren,73,2024,17,15,16.0,241.0,2.0,2.0,438.0,2.0,3.0,0,4
1138,846,Lando Norris,1,McLaren,15,2024,18,1,1.0,254.0,2.0,2.0,476.0,1.0,4.0,1,1
1139,846,Lando Norris,1,McLaren,69,2024,19,1,1.0,279.0,2.0,3.0,516.0,1.0,5.0,0,4
1140,846,Lando Norris,1,McLaren,32,2024,20,3,3.0,297.0,2.0,3.0,544.0,1.0,5.0,1,2
1141,846,Lando Norris,1,McLaren,18,2024,21,1,1.0,315.0,2.0,3.0,566.0,1.0,5.0,0,6
1142,846,Lando Norris,1,McLaren,80,2024,22,6,6.0,331.0,2.0,3.0,593.0,1.0,5.0,0,6
1143,846,Lando Norris,1,McLaren,78,2024,23,3,3.0,340.0,2.0,3.0,608.0,1.0,5.0,0,10
1144,846,Lando Norris,1,McLaren,24,2024,24,1,1.0,349.0,2.0,3.0,640.0,1.0,5.0,1,1
1010,847,George Russell,3,Williams,1,2019,1,19,19.0,0.0,99.0,0.0,0.0,99.0,0.0,0,16
1011,847,George Russell,3,Williams,3,2019,2,19,19.0,0.0,16.0,0.0,0.0,10.0,0.0,0,15
1012,847,George Russell,3,Williams,17,2019,3,17,17.0,0.0,16.0,0.0,0.0,10.0,0.0,0,16
1013,847,George Russell,3,Williams,73,2019,4,16,17.0,0.0,19.0,0.0,0.0,10.0,0.0,0,15
1014,847,George Russell,3,Williams,4,2019,5,19,19.0,0.0,19.0,0.0,0.0,10.0,0.0,0,17
1015,847,George Russell,3,Williams,6,2019,6,19,19.0,0.0,19.0,0.0,0.0,10.0,0.0,0,15
1016,847,George Russell,3,Williams,7,2019,7,18,19.0,0.0,19.0,0.0,0.0,10.0,0.0,0,16
1017,847,George Russell,3,Williams,34,2019,8,20,19.0,0.0,19.0,0.0,0.0,10.0,0.0,0,19
1018,847,George Russell,3,Williams,70,2019,9,0,19.0,0.0,19.0,0.0,0.0,10.0,0.0,0,18
1019,847,George Russell,3,Williams,9,2019,10,19,19.0,0.0,19.0,0.0,0.0,10.0,0.0,0,14
1020,847,George Russell,3,Williams,10,2019,11,17,18.0,0.0,19.0,0.0,0.0,10.0,0.0,0,11
1021,847,George Russell,3,Williams,11,2019,12,15,16.0,0.0,20.0,0.0,1.0,10.0,0.0,0,16
1022,847,George Russell,3,Williams,13,2019,13,14,19.0,0.0,20.0,0.0,1.0,10.0,0.0,0,15
1023,847,George Russell,3,Williams,14,2019,14,14,18.0,0.0,20.0,0.0,1.0,10.0,0.0,0,14
1024,847,George Russell,3,Williams,15,2019,15,18,18.0,0.0,20.0,0.0,1.0,10.0,0.0,0,20
1025,847,George Russell,3,Williams,71,2019,16,17,17.0,0.0,20.0,0.0,1.0,10.0,0.0,0,17
1026,847,George Russell,3,Williams,22,2019,17,18,18.0,0.0,20.0,0.0,1.0,10.0,0.0,0,16
1027,847,George Russell,3,Williams,32,2019,18,19,19.0,0.0,20.0,0.0,1.0,10.0,0.0,0,16
1028,847,George Russell,3,Williams,69,2019,19,18,18.0,0.0,20.0,0.0,1.0,10.0,0.0,0,17
1029,847,George Russell,3,Williams,18,2019,20,18,18.0,0.0,20.0,0.0,1.0,10.0,0.0,0,12
1030,847,George Russell,3,Williams,24,2019,21,18,19.0,0.0,20.0,0.0,1.0,10.0,0.0,0,17
1031,847,George Russell,3,Williams,70,2020,1,17,17.0,0.0,99.0,0.0,0.0,99.0,0.0,0,15
1032,847,George Russell,3,Williams,70,2020,2,11,12.0,0.0,15.0,0.0,0.0,8.0,0.0,0,16
1033,847,George Russell,3,Williams,11,2020,3,12,12.0,0.0,20.0,0.0,0.0,9.0,0.0,0,18
1034,847,George Russell,3,Williams,9,2020,4,20,15.0,0.0,20.0,0.0,0.0,10.0,0.0,0,12
1035,847,George Russell,3,Williams,9,2020,5,15,15.0,0.0,19.0,0.0,0.0,10.0,0.0,0,18
1036,847,George Russell,3,Williams,4,2020,6,18,18.0,0.0,20.0,0.0,0.0,10.0,0.0,0,17
1037,847,George Russell,3,Williams,13,2020,7,15,15.0,0.0,20.0,0.0,0.0,10.0,0.0,0,19
1038,847,George Russell,3,Williams,14,2020,8,19,19.0,0.0,20.0,0.0,0.0,10.0,0.0,0,14
1039,847,George Russell,3,Williams,76,2020,9,18,18.0,0.0,21.0,0.0,0.0,10.0,0.0,0,11
1040,847,George Russell,3,Williams,71,2020,10,13,14.0,0.0,20.0,0.0,0.0,10.0,0.0,0,18
1041,847,George Russell,3,Williams,20,2020,11,17,17.0,0.0,20.0,0.0,0.0,10.0,0.0,0,20
1042,847,George Russell,3,Williams,75,2020,12,14,14.0,0.0,21.0,0.0,0.0,10.0,0.0,0,14
1043,847,George Russell,3,Williams,21,2020,13,13,13.0,0.0,21.0,0.0,0.0,10.0,0.0,0,16
1044,847,George Russell,3,Williams,5,2020,14,0,18.0,0.0,21.0,0.0,0.0,10.0,0.0,0,16
1045,847,George Russell,3,Williams,3,2020,15,14,14.0,0.0,21.0,0.0,0.0,10.0,0.0,0,12
1046,847,George Russell,131,Mercedes,3,2020,16,2,2.0,0.0,21.0,0.0,533.0,1.0,13.0,0,9
1047,847,George Russell,3,Williams,24,2020,17,16,18.0,3.0,18.0,0.0,0.0,10.0,0.0,0,15
1052,847,George Russell,3,Williams,3,2021,1,15,15.0,0.0,99.0,0.0,0.0,99.0,0.0,0,14
1053,847,George Russell,3,Williams,21,2021,2,12,12.0,0.0,14.0,0.0,0.0,9.0,0.0,0,19
1054,847,George Russell,3,Williams,75,2021,3,11,11.0,0.0,16.0,0.0,0.0,9.0,0.0,0,16
1055,847,George Russell,3,Williams,4,2021,4,15,15.0,0.0,17.0,0.0,0.0,9.0,0.0,0,14
1056,847,George Russell,3,Williams,6,2021,5,15,15.0,0.0,17.0,0.0,0.0,9.0,0.0,0,14
1057,847,George Russell,3,Williams,73,2021,6,15,15.0,0.0,17.0,0.0,0.0,9.0,0.0,0,17
1059,847,George Russell,3,Williams,34,2021,7,14,14.0,0.0,18.0,0.0,0.0,10.0,0.0,0,12
1058,847,George Russell,3,Williams,70,2021,8,10,11.0,0.0,17.0,0.0,0.0,9.0,0.0,0,19
1060,847,George Russell,3,Williams,70,2021,9,8,9.0,0.0,17.0,0.0,0.0,9.0,0.0,0,11
1061,847,George Russell,3,Williams,9,2021,10,12,8.0,0.0,17.0,0.0,0.0,9.0,0.0,0,12
1062,847,George Russell,3,Williams,11,2021,11,17,17.0,0.0,17.0,0.0,0.0,9.0,0.0,0,8
1063,847,George Russell,3,Williams,13,2021,12,2,2.0,4.0,16.0,0.0,10.0,8.0,0.0,1,2
1064,847,George Russell,3,Williams,39,2021,13,11,11.0,13.0,15.0,0.0,20.0,8.0,0.0,0,17
1065,847,George Russell,3,Williams,14,2021,14,14,15.0,13.0,15.0,0.0,20.0,8.0,0.0,0,9
1066,847,George Russell,3,Williams,71,2021,15,3,3.0,15.0,15.0,0.0,22.0,8.0,0.0,0,10
1067,847,George Russell,3,Williams,5,2021,16,13,13.0,16.0,15.0,0.0,23.0,8.0,0.0,0,15
1069,847,George Russell,3,Williams,69,2021,17,20,15.0,16.0,15.0,0.0,23.0,8.0,0.0,0,14
1070,847,George Russell,3,Williams,32,2021,18,16,13.0,16.0,15.0,0.0,23.0,8.0,0.0,0,16
1071,847,George Russell,3,Williams,18,2021,19,17,18.0,16.0,15.0,0.0,23.0,8.0,0.0,0,13
1051,847,George Russell,3,Williams,78,2021,20,15,15.0,16.0,15.0,0.0,23.0,8.0,0.0,0,17
1072,847,George Russell,3,Williams,77,2021,21,14,14.0,16.0,15.0,0.0,23.0,8.0,0.0,0,19
1073,847,George Russell,3,Williams,24,2021,22,17,17.0,16.0,15.0,0.0,23.0,8.0,0.0,0,18
1074,847,George Russell,131,Mercedes,3,2022,1,9,9.0,0.0,99.0,0.0,0.0,99.0,0.0,0,4
1075,847,George Russell,131,Mercedes,77,2022,2,6,6.0,12.0,4.0,0.0,27.0,2.0,0.0,0,5
1076,847,George Russell,131,Mercedes,1,2022,3,6,6.0,22.0,4.0,0.0,38.0,2.0,0.0,1,3
1077,847,George Russell,131,Mercedes,21,2022,4,11,11.0,37.0,2.0,0.0,65.0,2.0,0.0,0,4
1078,847,George Russell,131,Mercedes,79,2022,5,12,12.0,49.0,4.0,0.0,77.0,3.0,0.0,0,5
1079,847,George Russell,131,Mercedes,4,2022,6,4,4.0,59.0,4.0,0.0,95.0,3.0,0.0,1,3
1080,847,George Russell,131,Mercedes,6,2022,7,6,6.0,74.0,4.0,0.0,120.0,3.0,0.0,0,5
1081,847,George Russell,131,Mercedes,73,2022,8,5,5.0,84.0,4.0,0.0,134.0,3.0,0.0,1,3
1082,847,George Russell,131,Mercedes,7,2022,9,8,8.0,99.0,4.0,0.0,161.0,3.0,0.0,0,4
1083,847,George Russell,131,Mercedes,9,2022,10,8,8.0,111.0,4.0,0.0,188.0,3.0,0.0,0,18
1084,847,George Russell,131,Mercedes,70,2022,11,4,4.0,111.0,5.0,0.0,204.0,3.0,0.0,0,4
1085,847,George Russell,131,Mercedes,34,2022,12,6,6.0,128.0,5.0,0.0,237.0,3.0,0.0,1,3
1086,847,George Russell,131,Mercedes,11,2022,13,1,1.0,143.0,5.0,0.0,270.0,3.0,0.0,1,3
1087,847,George Russell,131,Mercedes,13,2022,14,5,8.0,158.0,4.0,0.0,304.0,3.0,0.0,0,4
1088,847,George Russell,131,Mercedes,39,2022,15,6,6.0,170.0,5.0,0.0,316.0,3.0,0.0,1,2
1089,847,George Russell,131,Mercedes,14,2022,16,2,6.0,188.0,4.0,0.0,346.0,3.0,0.0,1,3
1091,847,George Russell,131,Mercedes,15,2022,17,0,11.0,203.0,4.0,0.0,371.0,3.0,0.0,0,14
1092,847,George Russell,131,Mercedes,22,2022,18,8,8.0,203.0,4.0,0.0,373.0,3.0,0.0,0,8
1093,847,George Russell,131,Mercedes,69,2022,19,4,6.0,207.0,4.0,0.0,387.0,3.0,0.0,0,5
1094,847,George Russell,131,Mercedes,32,2022,20,2,2.0,218.0,4.0,0.0,416.0,3.0,0.0,0,4
1095,847,George Russell,131,Mercedes,18,2022,21,1,3.0,231.0,4.0,0.0,447.0,3.0,0.0,1,1
1096,847,George Russell,131,Mercedes,24,2022,22,6,6.0,265.0,4.0,1.0,505.0,3.0,1.0,0,5
1098,847,George Russell,131,Mercedes,3,2023,1,6,6.0,0.0,99.0,0.0,0.0,99.0,0.0,0,7
1099,847,George Russell,131,Mercedes,77,2023,2,3,4.0,6.0,7.0,0.0,16.0,3.0,0.0,0,4
1100,847,George Russell,131,Mercedes,1,2023,3,2,2.0,18.0,6.0,0.0,38.0,3.0,0.0,0,18
1101,847,George Russell,131,Mercedes,73,2023,4,11,11.0,18.0,7.0,0.0,56.0,3.0,0.0,0,8
1102,847,George Russell,131,Mercedes,79,2023,5,6,6.0,28.0,7.0,0.0,76.0,3.0,0.0,0,4
1104,847,George Russell,131,Mercedes,6,2023,6,8,8.0,40.0,6.0,0.0,96.0,3.0,0.0,0,5
1105,847,George Russell,131,Mercedes,4,2023,7,12,12.0,50.0,5.0,0.0,119.0,3.0,0.0,1,3
1106,847,George Russell,131,Mercedes,7,2023,8,4,5.0,65.0,5.0,0.0,152.0,2.0,0.0,0,19
1107,847,George Russell,131,Mercedes,70,2023,9,11,11.0,65.0,6.0,0.0,167.0,2.0,0.0,0,7
1108,847,George Russell,131,Mercedes,9,2023,10,6,6.0,72.0,7.0,0.0,178.0,2.0,0.0,0,5
1109,847,George Russell,131,Mercedes,11,2023,11,18,18.0,82.0,6.0,0.0,203.0,2.0,0.0,0,6
1110,847,George Russell,131,Mercedes,13,2023,12,8,8.0,90.0,5.0,0.0,223.0,2.0,0.0,0,6
1111,847,George Russell,131,Mercedes,39,2023,13,3,3.0,99.0,6.0,0.0,247.0,2.0,0.0,0,17
1112,847,George Russell,131,Mercedes,14,2023,14,4,4.0,99.0,7.0,0.0,255.0,2.0,0.0,0,5
1113,847,George Russell,131,Mercedes,15,2023,15,2,2.0,109.0,7.0,0.0,273.0,2.0,0.0,0,16
1114,847,George Russell,131,Mercedes,22,2023,16,8,8.0,109.0,7.0,0.0,289.0,2.0,0.0,0,7
1115,847,George Russell,131,Mercedes,78,2023,17,2,2.0,115.0,8.0,0.0,305.0,2.0,0.0,0,4
1116,847,George Russell,131,Mercedes,69,2023,18,5,5.0,132.0,8.0,0.0,326.0,2.0,0.0,0,5
1117,847,George Russell,131,Mercedes,32,2023,19,8,8.0,143.0,8.0,0.0,344.0,2.0,0.0,0,6
1118,847,George Russell,131,Mercedes,18,2023,20,8,6.0,151.0,8.0,0.0,371.0,2.0,0.0,0,15
1119,847,George Russell,131,Mercedes,80,2023,21,3,4.0,156.0,8.0,0.0,382.0,2.0,0.0,0,8
1120,847,George Russell,131,Mercedes,24,2023,22,4,4.0,160.0,8.0,0.0,392.0,2.0,0.0,1,3
1121,847,George Russell,131,Mercedes,3,2024,1,3,3.0,0.0,99.0,0.0,0.0,99.0,0.0,0,5
1122,847,George Russell,131,Mercedes,77,2024,2,7,7.0,10.0,5.0,0.0,16.0,3.0,0.0,0,6
1123,847,George Russell,131,Mercedes,1,2024,3,7,7.0,18.0,4.0,0.0,26.0,4.0,0.0,0,17
1124,847,George Russell,131,Mercedes,22,2024,4,9,9.0,18.0,7.0,0.0,26.0,4.0,0.0,0,7
1125,847,George Russell,131,Mercedes,17,2024,5,8,8.0,24.0,7.0,0.0,34.0,4.0,0.0,0,6
1126,847,George Russell,131,Mercedes,79,2024,6,7,7.0,33.0,7.0,0.0,52.0,4.0,0.0,0,8
1127,847,George Russell,131,Mercedes,21,2024,7,6,6.0,37.0,7.0,0.0,64.0,4.0,0.0,0,7
1128,847,George Russell,131,Mercedes,6,2024,8,5,5.0,44.0,7.0,0.0,79.0,4.0,0.0,0,5
1129,847,George Russell,131,Mercedes,7,2024,9,1,1.0,54.0,7.0,0.0,96.0,4.0,0.0,1,3
1130,847,George Russell,131,Mercedes,4,2024,10,4,4.0,69.0,7.0,0.0,124.0,4.0,0.0,0,4
1131,847,George Russell,131,Mercedes,70,2024,11,3,3.0,81.0,7.0,0.0,151.0,4.0,0.0,1,1
1132,847,George Russell,131,Mercedes,9,2024,12,1,1.0,111.0,7.0,1.0,196.0,4.0,1.0,0,19
1133,847,George Russell,131,Mercedes,11,2024,13,17,17.0,111.0,7.0,1.0,221.0,4.0,2.0,0,8
1134,847,George Russell,131,Mercedes,13,2024,14,6,7.0,116.0,8.0,1.0,241.0,4.0,2.0,0,20
1135,847,George Russell,131,Mercedes,39,2024,15,4,4.0,116.0,8.0,1.0,266.0,4.0,3.0,0,7
1136,847,George Russell,131,Mercedes,14,2024,16,3,3.0,122.0,8.0,1.0,276.0,4.0,3.0,0,7
1137,847,George Russell,131,Mercedes,73,2024,17,5,5.0,128.0,8.0,1.0,292.0,4.0,3.0,1,3
1138,847,George Russell,131,Mercedes,15,2024,18,4,4.0,143.0,7.0,1.0,309.0,4.0,3.0,0,4
1139,847,George Russell,131,Mercedes,69,2024,19,20,6.0,155.0,7.0,1.0,329.0,4.0,3.0,0,6
1140,847,George Russell,131,Mercedes,32,2024,20,5,5.0,167.0,7.0,1.0,344.0,4.0,3.0,0,5
1141,847,George Russell,131,Mercedes,18,2024,21,2,2.0,177.0,7.0,1.0,366.0,4.0,3.0,0,4
1142,847,George Russell,131,Mercedes,80,2024,22,1,1.0,192.0,6.0,1.0,382.0,4.0,3.0,1,1
1143,847,George Russell,131,Mercedes,78,2024,23,1,2.0,217.0,6.0,2.0,425.0,4.0,4.0,0,4
1144,847,George Russell,131,Mercedes,24,2024,24,6,7.0,235.0,6.0,2.0,446.0,4.0,4.0,0,5
1010,848,Alexander Albon,5,Toro Rosso,1,2019,1,13,13.0,0.0,99.0,0.0,0.0,99.0,0.0,0,14
1011,848,Alexander Albon,5,Toro Rosso,3,2019,2,12,12.0,0.0,14.0,0.0,1.0,8.0,0.0,0,9
1013,848,Alexander Albon,5,Toro Rosso,73,2019,4,11,12.0,3.0,13.0,0.0,4.0,9.0,0.0,0,11
1014,848,Alexander Albon,5,Toro Rosso,4,2019,5,11,12.0,3.0,15.0,0.0,4.0,9.0,0.0,0,11
1015,848,Alexander Albon,5,Toro Rosso,6,2019,6,10,10.0,3.0,15.0,0.0,6.0,9.0,0.0,0,8
1016,848,Alexander Albon,5,Toro Rosso,7,2019,7,13,14.0,7.0,14.0,0.0,16.0,7.0,0.0,0,19
1017,848,Alexander Albon,5,Toro Rosso,34,2019,8,11,11.0,7.0,15.0,0.0,17.0,7.0,0.0,0,15
1018,848,Alexander Albon,5,Toro Rosso,70,2019,9,18,13.0,7.0,15.0,0.0,17.0,8.0,0.0,0,15
1019,848,Alexander Albon,5,Toro Rosso,9,2019,10,9,9.0,7.0,15.0,0.0,17.0,8.0,0.0,0,12
1020,848,Alexander Albon,5,Toro Rosso,10,2019,11,16,17.0,7.0,15.0,0.0,19.0,8.0,0.0,0,6
1021,848,Alexander Albon,5,Toro Rosso,11,2019,12,12,12.0,15.0,15.0,0.0,42.0,5.0,0.0,0,10
1022,848,Alexander Albon,9,Red Bull,13,2019,13,17,14.0,16.0,15.0,0.0,244.0,3.0,2.0,0,5
1023,848,Alexander Albon,9,Red Bull,14,2019,14,8,8.0,26.0,10.0,0.0,254.0,3.0,2.0,0,6
1024,848,Alexander Albon,9,Red Bull,15,2019,15,6,6.0,34.0,9.0,0.0,266.0,3.0,2.0,0,6
1025,848,Alexander Albon,9,Red Bull,71,2019,16,0,19.0,42.0,8.0,0.0,289.0,3.0,2.0,0,5
1026,848,Alexander Albon,9,Red Bull,22,2019,17,6,6.0,52.0,8.0,0.0,311.0,3.0,2.0,0,4
1027,848,Alexander Albon,9,Red Bull,32,2019,18,5,5.0,64.0,8.0,0.0,323.0,3.0,2.0,0,5
1028,848,Alexander Albon,9,Red Bull,69,2019,19,6,6.0,74.0,8.0,0.0,341.0,3.0,2.0,0,5
1029,848,Alexander Albon,9,Red Bull,18,2019,20,5,6.0,84.0,6.0,0.0,366.0,3.0,2.0,0,14
1030,848,Alexander Albon,9,Red Bull,24,2019,21,5,6.0,84.0,8.0,0.0,391.0,3.0,3.0,0,6
1031,848,Alexander Albon,9,Red Bull,70,2020,1,4,5.0,0.0,99.0,0.0,0.0,99.0,0.0,0,13
1032,848,Alexander Albon,9,Red Bull,70,2020,2,6,7.0,0.0,13.0,0.0,0.0,9.0,0.0,0,4
1033,848,Alexander Albon,9,Red Bull,11,2020,3,13,13.0,12.0,8.0,0.0,27.0,3.0,0.0,0,5
1034,848,Alexander Albon,9,Red Bull,9,2020,4,12,12.0,22.0,5.0,0.0,55.0,2.0,0.0,0,8
1035,848,Alexander Albon,9,Red Bull,9,2020,5,9,9.0,26.0,6.0,0.0,78.0,2.0,0.0,0,5
1036,848,Alexander Albon,9,Red Bull,4,2020,6,6,6.0,36.0,6.0,0.0,113.0,2.0,1.0,0,8
1037,848,Alexander Albon,9,Red Bull,13,2020,7,5,5.0,40.0,6.0,0.0,135.0,2.0,1.0,0,6
1038,848,Alexander Albon,9,Red Bull,14,2020,8,9,9.0,48.0,4.0,0.0,158.0,2.0,1.0,0,15
1039,848,Alexander Albon,9,Red Bull,76,2020,9,4,4.0,48.0,6.0,0.0,158.0,2.0,1.0,1,3
1040,848,Alexander Albon,9,Red Bull,71,2020,10,15,10.0,63.0,5.0,0.0,173.0,2.0,1.0,0,10
1041,848,Alexander Albon,9,Red Bull,20,2020,11,5,5.0,64.0,5.0,0.0,192.0,2.0,1.0,0,17
1042,848,Alexander Albon,9,Red Bull,75,2020,12,6,6.0,64.0,7.0,0.0,211.0,2.0,1.0,0,12
1043,848,Alexander Albon,9,Red Bull,21,2020,13,6,6.0,64.0,8.0,0.0,226.0,2.0,1.0,0,15
1044,848,Alexander Albon,9,Red Bull,5,2020,14,4,4.0,64.0,9.0,0.0,226.0,2.0,1.0,0,7
1045,848,Alexander Albon,9,Red Bull,3,2020,15,4,4.0,70.0,9.0,0.0,240.0,2.0,1.0,1,3
1046,848,Alexander Albon,9,Red Bull,3,2020,16,12,12.0,85.0,9.0,0.0,274.0,2.0,1.0,0,6
1047,848,Alexander Albon,9,Red Bull,24,2020,17,5,5.0,93.0,8.0,0.0,282.0,2.0,1.0,0,4
1074,848,Alexander Albon,3,Williams,3,2022,1,14,14.0,0.0,99.0,0.0,0.0,99.0,0.0,0,13
1075,848,Alexander Albon,3,Williams,77,2022,2,16,17.0,0.0,13.0,0.0,0.0,8.0,0.0,0,14
1076,848,Alexander Albon,3,Williams,1,2022,3,20,16.0,0.0,18.0,0.0,0.0,10.0,0.0,0,10
1077,848,Alexander Albon,3,Williams,21,2022,4,18,20.0,1.0,16.0,0.0,1.0,9.0,0.0,0,11
1078,848,Alexander Albon,3,Williams,79,2022,5,18,18.0,1.0,17.0,0.0,1.0,10.0,0.0,0,9
1079,848,Alexander Albon,3,Williams,4,2022,6,18,19.0,3.0,15.0,0.0,3.0,10.0,0.0,0,18
1080,848,Alexander Albon,3,Williams,6,2022,7,16,16.0,3.0,16.0,0.0,3.0,10.0,0.0,0,18
1081,848,Alexander Albon,3,Williams,73,2022,8,17,17.0,3.0,16.0,0.0,3.0,10.0,0.0,0,12
1082,848,Alexander Albon,3,Williams,7,2022,9,12,12.0,3.0,16.0,0.0,3.0,10.0,0.0,0,13
1083,848,Alexander Albon,3,Williams,9,2022,10,16,16.0,3.0,17.0,0.0,3.0,10.0,0.0,0,20
1084,848,Alexander Albon,3,Williams,70,2022,11,15,11.0,3.0,18.0,0.0,3.0,10.0,0.0,0,12
1085,848,Alexander Albon,3,Williams,34,2022,12,13,15.0,3.0,18.0,0.0,3.0,10.0,0.0,0,13
1086,848,Alexander Albon,3,Williams,11,2022,13,17,17.0,3.0,19.0,0.0,3.0,10.0,0.0,0,17
1087,848,Alexander Albon,3,Williams,13,2022,14,6,9.0,3.0,19.0,0.0,3.0,10.0,0.0,0,10
1088,848,Alexander Albon,3,Williams,39,2022,15,15,15.0,4.0,18.0,0.0,4.0,10.0,0.0,0,12
1091,848,Alexander Albon,3,Williams,15,2022,17,18,19.0,4.0,19.0,0.0,6.0,10.0,0.0,0,17
1092,848,Alexander Albon,3,Williams,22,2022,18,16,16.0,4.0,19.0,0.0,6.0,10.0,0.0,0,20
1093,848,Alexander Albon,3,Williams,69,2022,19,8,11.0,4.0,19.0,0.0,8.0,10.0,0.0,0,13
1094,848,Alexander Albon,3,Williams,32,2022,20,17,19.0,4.0,19.0,0.0,8.0,10.0,0.0,0,12
1095,848,Alexander Albon,3,Williams,18,2022,21,19,11.0,4.0,19.0,0.0,8.0,10.0,0.0,0,15
1096,848,Alexander Albon,3,Williams,24,2022,22,19,19.0,4.0,19.0,0.0,8.0,10.0,0.0,0,13
1098,848,Alexander Albon,3,Williams,3,2023,1,15,15.0,0.0,99.0,0.0,0.0,99.0,0.0,0,10
1099,848,Alexander Albon,3,Williams,77,2023,2,17,17.0,1.0,10.0,0.0,1.0,7.0,0.0,0,19
1100,848,Alexander Albon,3,Williams,1,2023,3,8,8.0,1.0,13.0,0.0,1.0,8.0,0.0,0,19
1101,848,Alexander Albon,3,Williams,73,2023,4,12,13.0,1.0,18.0,0.0,1.0,10.0,0.0,0,12
1102,848,Alexander Albon,3,Williams,79,2023,5,11,11.0,1.0,17.0,0.0,1.0,10.0,0.0,0,14
1104,848,Alexander Albon,3,Williams,6,2023,6,13,13.0,1.0,18.0,0.0,1.0,10.0,0.0,0,14
1105,848,Alexander Albon,3,Williams,4,2023,7,18,18.0,1.0,18.0,0.0,1.0,10.0,0.0,0,16
1106,848,Alexander Albon,3,Williams,7,2023,8,9,10.0,1.0,18.0,0.0,1.0,10.0,0.0,0,7
1107,848,Alexander Albon,3,Williams,70,2023,9,10,10.0,7.0,12.0,0.0,7.0,9.0,0.0,0,11
1108,848,Alexander Albon,3,Williams,9,2023,10,8,8.0,7.0,13.0,0.0,7.0,9.0,0.0,0,8
1109,848,Alexander Albon,3,Williams,11,2023,11,16,16.0,11.0,13.0,0.0,11.0,7.0,0.0,0,11
1110,848,Alexander Albon,3,Williams,13,2023,12,15,16.0,11.0,13.0,0.0,11.0,7.0,0.0,0,14
1111,848,Alexander Albon,3,Williams,39,2023,13,4,4.0,11.0,13.0,0.0,11.0,7.0,0.0,0,8
1112,848,Alexander Albon,3,Williams,14,2023,14,6,6.0,15.0,13.0,0.0,15.0,7.0,0.0,0,7
1113,848,Alexander Albon,3,Williams,15,2023,15,14,14.0,21.0,13.0,0.0,21.0,7.0,0.0,0,11
1114,848,Alexander Albon,3,Williams,22,2023,16,13,13.0,21.0,13.0,0.0,21.0,7.0,0.0,0,16
1115,848,Alexander Albon,3,Williams,78,2023,17,13,14.0,21.0,13.0,0.0,21.0,7.0,0.0,0,13
1116,848,Alexander Albon,3,Williams,69,2023,18,15,18.0,23.0,13.0,0.0,23.0,7.0,0.0,0,9
1117,848,Alexander Albon,3,Williams,32,2023,19,14,14.0,25.0,13.0,0.0,26.0,7.0,0.0,0,9
1118,848,Alexander Albon,3,Williams,18,2023,20,13,15.0,27.0,13.0,0.0,28.0,7.0,0.0,0,19
1119,848,Alexander Albon,3,Williams,80,2023,21,5,6.0,27.0,13.0,0.0,28.0,7.0,0.0,0,12
1120,848,Alexander Albon,3,Williams,24,2023,22,14,14.0,27.0,13.0,0.0,28.0,7.0,0.0,0,14
1121,848,Alexander Albon,3,Williams,3,2024,1,13,13.0,0.0,99.0,0.0,0.0,99.0,0.0,0,15
1122,848,Alexander Albon,3,Williams,77,2024,2,12,12.0,0.0,15.0,0.0,0.0,9.0,0.0,0,11
1123,848,Alexander Albon,3,Williams,1,2024,3,12,12.0,0.0,13.0,0.0,0.0,7.0,0.0,0,11
1124,848,Alexander Albon,3,Williams,22,2024,4,14,14.0,0.0,15.0,0.0,0.0,8.0,0.0,0,20
1125,848,Alexander Albon,3,Williams,17,2024,5,14,14.0,0.0,15.0,0.0,0.0,8.0,0.0,0,12
1126,848,Alexander Albon,3,Williams,79,2024,6,14,14.0,0.0,15.0,0.0,0.0,8.0,0.0,0,18
1127,848,Alexander Albon,3,Williams,21,2024,7,14,14.0,0.0,17.0,0.0,0.0,9.0,0.0,0,20
1128,848,Alexander Albon,3,Williams,6,2024,8,9,9.0,0.0,17.0,0.0,0.0,9.0,0.0,0,9
1129,848,Alexander Albon,3,Williams,7,2024,9,10,10.0,2.0,15.0,0.0,2.0,8.0,0.0,0,17
1130,848,Alexander Albon,3,Williams,4,2024,10,0,19.0,2.0,16.0,0.0,2.0,9.0,0.0,0,18
1131,848,Alexander Albon,3,Williams,70,2024,11,16,16.0,2.0,17.0,0.0,2.0,9.0,0.0,0,15
1132,848,Alexander Albon,3,Williams,9,2024,12,9,9.0,2.0,18.0,0.0,2.0,9.0,0.0,0,9
1133,848,Alexander Albon,3,Williams,11,2024,13,13,13.0,4.0,17.0,0.0,4.0,9.0,0.0,0,14
1134,848,Alexander Albon,3,Williams,13,2024,14,10,11.0,4.0,17.0,0.0,4.0,9.0,0.0,0,12
1135,848,Alexander Albon,3,Williams,39,2024,15,19,19.0,4.0,18.0,0.0,4.0,9.0,0.0,0,14
1136,848,Alexander Albon,3,Williams,14,2024,16,9,9.0,4.0,18.0,0.0,4.0,9.0,0.0,0,9
1137,848,Alexander Albon,3,Williams,73,2024,17,9,10.0,6.0,17.0,0.0,6.0,9.0,0.0,0,7
1138,848,Alexander Albon,3,Williams,15,2024,18,11,11.0,12.0,13.0,0.0,16.0,8.0,0.0,0,20
1139,848,Alexander Albon,3,Williams,69,2024,19,14,16.0,12.0,13.0,0.0,16.0,8.0,0.0,0,16
1140,848,Alexander Albon,3,Williams,32,2024,20,9,9.0,12.0,13.0,0.0,17.0,8.0,0.0,0,19
1141,848,Alexander Albon,3,Williams,18,2024,21,7,7.0,12.0,14.0,0.0,17.0,8.0,0.0,0,18
1142,848,Alexander Albon,3,Williams,80,2024,22,17,18.0,12.0,16.0,0.0,17.0,9.0,0.0,0,19
1143,848,Alexander Albon,3,Williams,78,2024,23,16,16.0,12.0,16.0,0.0,17.0,9.0,0.0,0,15
1144,848,Alexander Albon,3,Williams,24,2024,24,18,16.0,12.0,16.0,0.0,17.0,9.0,0.0,0,11
1031,849,Nicholas Latifi,3,Williams,70,2020,1,20,20.0,0.0,99.0,0.0,0.0,99.0,0.0,0,11
1032,849,Nicholas Latifi,3,Williams,70,2020,2,18,18.0,0.0,11.0,0.0,0.0,8.0,0.0,0,17
1033,849,Nicholas Latifi,3,Williams,11,2020,3,15,15.0,0.0,16.0,0.0,0.0,9.0,0.0,0,19
1034,849,Nicholas Latifi,3,Williams,9,2020,4,18,20.0,0.0,18.0,0.0,0.0,10.0,0.0,0,15
1035,849,Nicholas Latifi,3,Williams,9,2020,5,18,18.0,0.0,17.0,0.0,0.0,10.0,0.0,0,19
1036,849,Nicholas Latifi,3,Williams,4,2020,6,19,19.0,0.0,19.0,0.0,0.0,10.0,0.0,0,18
1037,849,Nicholas Latifi,3,Williams,13,2020,7,19,19.0,0.0,19.0,0.0,0.0,10.0,0.0,0,16
1038,849,Nicholas Latifi,3,Williams,14,2020,8,20,20.0,0.0,19.0,0.0,0.0,10.0,0.0,0,11
1039,849,Nicholas Latifi,3,Williams,76,2020,9,19,19.0,0.0,18.0,0.0,0.0,10.0,0.0,0,15
1040,849,Nicholas Latifi,3,Williams,71,2020,10,20,19.0,0.0,19.0,0.0,0.0,10.0,0.0,0,16
1041,849,Nicholas Latifi,3,Williams,20,2020,11,18,18.0,0.0,19.0,0.0,0.0,10.0,0.0,0,14
1042,849,Nicholas Latifi,3,Williams,75,2020,12,20,20.0,0.0,20.0,0.0,0.0,10.0,0.0,0,18
1043,849,Nicholas Latifi,3,Williams,21,2020,13,19,19.0,0.0,20.0,0.0,0.0,10.0,0.0,0,11
1044,849,Nicholas Latifi,3,Williams,5,2020,14,0,20.0,0.0,20.0,0.0,0.0,10.0,0.0,0,19
1045,849,Nicholas Latifi,3,Williams,3,2020,15,20,20.0,0.0,20.0,0.0,0.0,10.0,0.0,0,14
1046,849,Nicholas Latifi,3,Williams,3,2020,16,16,17.0,0.0,20.0,0.0,0.0,10.0,0.0,0,18
1047,849,Nicholas Latifi,3,Williams,24,2020,17,18,20.0,0.0,21.0,0.0,0.0,10.0,0.0,0,17
1052,849,Nicholas Latifi,3,Williams,3,2021,1,17,17.0,0.0,99.0,0.0,0.0,99.0,0.0,0,18
1053,849,Nicholas Latifi,3,Williams,21,2021,2,14,14.0,0.0,18.0,0.0,0.0,9.0,0.0,0,20
1054,849,Nicholas Latifi,3,Williams,75,2021,3,18,18.0,0.0,20.0,0.0,0.0,9.0,0.0,0,18
1055,849,Nicholas Latifi,3,Williams,4,2021,4,19,19.0,0.0,20.0,0.0,0.0,9.0,0.0,0,16
1056,849,Nicholas Latifi,3,Williams,6,2021,5,18,18.0,0.0,19.0,0.0,0.0,9.0,0.0,0,15
1057,849,Nicholas Latifi,3,Williams,73,2021,6,16,16.0,0.0,18.0,0.0,0.0,9.0,0.0,0,16
1059,849,Nicholas Latifi,3,Williams,34,2021,7,16,16.0,0.0,20.0,0.0,0.0,10.0,0.0,0,18
1058,849,Nicholas Latifi,3,Williams,70,2021,8,16,16.0,0.0,20.0,0.0,0.0,9.0,0.0,0,17
1060,849,Nicholas Latifi,3,Williams,70,2021,9,18,18.0,0.0,20.0,0.0,0.0,9.0,0.0,0,16
1061,849,Nicholas Latifi,3,Williams,9,2021,10,17,18.0,0.0,20.0,0.0,0.0,9.0,0.0,0,14
1062,849,Nicholas Latifi,3,Williams,11,2021,11,18,18.0,0.0,19.0,0.0,0.0,9.0,0.0,0,7
1063,849,Nicholas Latifi,3,Williams,13,2021,12,10,12.0,6.0,15.0,0.0,10.0,8.0,0.0,0,9
1064,849,Nicholas Latifi,3,Williams,39,2021,13,0,14.0,7.0,16.0,0.0,20.0,8.0,0.0,0,16
1065,849,Nicholas Latifi,3,Williams,14,2021,14,13,16.0,7.0,16.0,0.0,20.0,8.0,0.0,0,11
1066,849,Nicholas Latifi,3,Williams,71,2021,15,18,14.0,7.0,16.0,0.0,22.0,8.0,0.0,0,19
1067,849,Nicholas Latifi,3,Williams,5,2021,16,15,17.0,7.0,16.0,0.0,23.0,8.0,0.0,0,17
1069,849,Nicholas Latifi,3,Williams,69,2021,17,14,17.0,7.0,16.0,0.0,23.0,8.0,0.0,0,15
1070,849,Nicholas Latifi,3,Williams,32,2021,18,13,17.0,7.0,16.0,0.0,23.0,8.0,0.0,0,17
1071,849,Nicholas Latifi,3,Williams,18,2021,19,16,17.0,7.0,17.0,0.0,23.0,8.0,0.0,0,16
1051,849,Nicholas Latifi,3,Williams,78,2021,20,17,17.0,7.0,17.0,0.0,23.0,8.0,0.0,0,19
1072,849,Nicholas Latifi,3,Williams,77,2021,21,16,16.0,7.0,17.0,0.0,23.0,8.0,0.0,0,12
1073,849,Nicholas Latifi,3,Williams,24,2021,22,16,16.0,7.0,17.0,0.0,23.0,8.0,0.0,0,16
1074,849,Nicholas Latifi,3,Williams,3,2022,1,20,20.0,0.0,99.0,0.0,0.0,99.0,0.0,0,16
1075,849,Nicholas Latifi,3,Williams,77,2022,2,18,19.0,0.0,16.0,0.0,0.0,8.0,0.0,0,18
1076,849,Nicholas Latifi,3,Williams,1,2022,3,18,19.0,0.0,20.0,0.0,0.0,10.0,0.0,0,16
1077,849,Nicholas Latifi,3,Williams,21,2022,4,19,18.0,0.0,20.0,0.0,1.0,9.0,0.0,0,16
1078,849,Nicholas Latifi,3,Williams,79,2022,5,19,19.0,0.0,21.0,0.0,1.0,10.0,0.0,0,14
1079,849,Nicholas Latifi,3,Williams,4,2022,6,19,20.0,0.0,21.0,0.0,3.0,10.0,0.0,0,16
1080,849,Nicholas Latifi,3,Williams,6,2022,7,19,19.0,0.0,21.0,0.0,3.0,10.0,0.0,0,15
1081,849,Nicholas Latifi,3,Williams,73,2022,8,18,18.0,0.0,21.0,0.0,3.0,10.0,0.0,0,15
1082,849,Nicholas Latifi,3,Williams,7,2022,9,18,19.0,0.0,21.0,0.0,3.0,10.0,0.0,0,16
1083,849,Nicholas Latifi,3,Williams,9,2022,10,10,10.0,0.0,21.0,0.0,3.0,10.0,0.0,0,12
1084,849,Nicholas Latifi,3,Williams,70,2022,11,17,19.0,0.0,20.0,0.0,3.0,10.0,0.0,0,19
1085,849,Nicholas Latifi,3,Williams,34,2022,12,18,20.0,0.0,20.0,0.0,3.0,10.0,0.0,0,17
1086,849,Nicholas Latifi,3,Williams,11,2022,13,19,20.0,0.0,20.0,0.0,3.0,10.0,0.0,0,18
1087,849,Nicholas Latifi,3,Williams,13,2022,14,11,17.0,0.0,20.0,0.0,3.0,10.0,0.0,0,18
1088,849,Nicholas Latifi,3,Williams,39,2022,15,20,20.0,0.0,20.0,0.0,4.0,10.0,0.0,0,18
1089,849,Nicholas Latifi,3,Williams,14,2022,16,10,16.0,0.0,20.0,0.0,4.0,10.0,0.0,0,15
1091,849,Nicholas Latifi,3,Williams,15,2022,17,19,20.0,0.0,21.0,0.0,6.0,10.0,0.0,0,19
1092,849,Nicholas Latifi,3,Williams,22,2022,18,20,20.0,0.0,21.0,0.0,6.0,10.0,0.0,0,9
1093,849,Nicholas Latifi,3,Williams,69,2022,19,17,20.0,2.0,20.0,0.0,8.0,10.0,0.0,0,17
1094,849,Nicholas Latifi,3,Williams,32,2022,20,18,20.0,2.0,20.0,0.0,8.0,10.0,0.0,0,18
1095,849,Nicholas Latifi,3,Williams,18,2022,21,18,16.0,2.0,20.0,0.0,8.0,10.0,0.0,0,16
1096,849,Nicholas Latifi,3,Williams,24,2022,22,20,20.0,2.0,20.0,0.0,8.0,10.0,0.0,0,19
1046,850,Pietro Fittipaldi,210,Haas F1 Team,3,2020,16,20,20.0,0.0,99.0,0.0,3.0,9.0,0.0,0,17
1047,850,Pietro Fittipaldi,210,Haas F1 Team,24,2020,17,17,19.0,0.0,23.0,0.0,3.0,9.0,0.0,0,19
1046,851,Jack Aitken,3,Williams,3,2020,16,17,18.0,0.0,99.0,0.0,0.0,10.0,0.0,0,16
1052,852,Yuki Tsunoda,213,AlphaTauri,3,2021,1,13,13.0,0.0,99.0,0.0,0.0,99.0,0.0,0,9
1053,852,Yuki Tsunoda,213,AlphaTauri,21,2021,2,20,20.0,2.0,9.0,0.0,2.0,5.0,0.0,0,12
1054,852,Yuki Tsunoda,213,AlphaTauri,75,2021,3,14,14.0,2.0,11.0,0.0,8.0,5.0,0.0,0,15
1055,852,Yuki Tsunoda,213,AlphaTauri,4,2021,4,16,16.0,2.0,13.0,0.0,9.0,6.0,0.0,0,20
1056,852,Yuki Tsunoda,213,AlphaTauri,6,2021,5,16,16.0,2.0,13.0,0.0,10.0,6.0,0.0,0,16
1057,852,Yuki Tsunoda,213,AlphaTauri,73,2021,6,7,8.0,2.0,14.0,0.0,18.0,6.0,0.0,0,7
1059,852,Yuki Tsunoda,213,AlphaTauri,34,2021,7,0,20.0,8.0,14.0,0.0,39.0,5.0,0.0,0,13
1058,852,Yuki Tsunoda,213,AlphaTauri,70,2021,8,11,8.0,8.0,14.0,0.0,45.0,5.0,0.0,0,10
1060,852,Yuki Tsunoda,213,AlphaTauri,70,2021,9,7,7.0,9.0,14.0,0.0,46.0,5.0,0.0,0,12
1061,852,Yuki Tsunoda,213,AlphaTauri,9,2021,10,16,16.0,9.0,14.0,0.0,48.0,5.0,0.0,0,10
1062,852,Yuki Tsunoda,213,AlphaTauri,11,2021,11,16,16.0,10.0,14.0,0.0,49.0,5.0,0.0,0,6
1063,852,Yuki Tsunoda,213,AlphaTauri,13,2021,12,16,17.0,18.0,13.0,0.0,68.0,6.0,0.0,0,15
1064,852,Yuki Tsunoda,213,AlphaTauri,39,2021,13,14,15.0,18.0,13.0,0.0,72.0,6.0,0.0,0,19
1065,852,Yuki Tsunoda,213,AlphaTauri,14,2021,14,0,17.0,18.0,13.0,0.0,84.0,6.0,0.0,0,20
1066,852,Yuki Tsunoda,213,AlphaTauri,71,2021,15,12,13.0,18.0,14.0,0.0,84.0,6.0,0.0,0,17
1067,852,Yuki Tsunoda,213,AlphaTauri,5,2021,16,9,10.0,18.0,14.0,0.0,84.0,6.0,0.0,0,14
1069,852,Yuki Tsunoda,213,AlphaTauri,69,2021,17,10,10.0,18.0,14.0,0.0,92.0,6.0,0.0,0,9
1070,852,Yuki Tsunoda,213,AlphaTauri,32,2021,18,17,9.0,20.0,14.0,0.0,94.0,6.0,0.0,0,20
1071,852,Yuki Tsunoda,213,AlphaTauri,18,2021,19,15,13.0,20.0,14.0,0.0,106.0,6.0,0.0,0,15
1051,852,Yuki Tsunoda,213,AlphaTauri,78,2021,20,8,8.0,20.0,14.0,0.0,112.0,6.0,0.0,0,13
1072,852,Yuki Tsunoda,213,AlphaTauri,77,2021,21,8,8.0,20.0,14.0,0.0,112.0,6.0,0.0,0,14
1073,852,Yuki Tsunoda,213,AlphaTauri,24,2021,22,8,8.0,20.0,14.0,0.0,120.0,6.0,0.0,0,4
1074,852,Yuki Tsunoda,213,AlphaTauri,3,2022,1,16,16.0,0.0,99.0,0.0,0.0,99.0,0.0,0,8
1075,852,Yuki Tsunoda,213,AlphaTauri,77,2022,2,19,20.0,4.0,8.0,0.0,4.0,6.0,0.0,0,19
1076,852,Yuki Tsunoda,213,AlphaTauri,1,2022,3,13,13.0,4.0,11.0,0.0,8.0,7.0,0.0,0,15
1077,852,Yuki Tsunoda,213,AlphaTauri,21,2022,4,12,16.0,4.0,13.0,0.0,10.0,8.0,0.0,0,7
1078,852,Yuki Tsunoda,213,AlphaTauri,79,2022,5,9,9.0,10.0,12.0,0.0,16.0,7.0,0.0,0,12
1079,852,Yuki Tsunoda,213,AlphaTauri,4,2022,6,13,13.0,10.0,12.0,0.0,16.0,7.0,0.0,0,10
1080,852,Yuki Tsunoda,213,AlphaTauri,6,2022,7,11,11.0,11.0,11.0,0.0,17.0,7.0,0.0,0,17
1081,852,Yuki Tsunoda,213,AlphaTauri,73,2022,8,8,8.0,11.0,12.0,0.0,17.0,7.0,0.0,0,13
1082,852,Yuki Tsunoda,213,AlphaTauri,7,2022,9,20,20.0,11.0,15.0,0.0,27.0,7.0,0.0,0,18
1083,852,Yuki Tsunoda,213,AlphaTauri,9,2022,10,13,13.0,11.0,15.0,0.0,27.0,7.0,0.0,0,14
1084,852,Yuki Tsunoda,213,AlphaTauri,70,2022,11,16,14.0,11.0,15.0,0.0,27.0,7.0,0.0,0,16
1085,852,Yuki Tsunoda,213,AlphaTauri,34,2022,12,8,8.0,11.0,16.0,0.0,27.0,8.0,0.0,0,20
1086,852,Yuki Tsunoda,213,AlphaTauri,11,2022,13,16,16.0,11.0,16.0,0.0,27.0,8.0,0.0,0,19
1087,852,Yuki Tsunoda,213,AlphaTauri,13,2022,14,0,19.0,11.0,16.0,0.0,27.0,8.0,0.0,0,13
1088,852,Yuki Tsunoda,213,AlphaTauri,39,2022,15,9,9.0,11.0,16.0,0.0,29.0,8.0,0.0,0,20
1089,852,Yuki Tsunoda,213,AlphaTauri,14,2022,16,20,15.0,11.0,16.0,0.0,29.0,8.0,0.0,0,14
1091,852,Yuki Tsunoda,213,AlphaTauri,15,2022,17,10,10.0,11.0,16.0,0.0,33.0,8.0,0.0,0,15
1092,852,Yuki Tsunoda,213,AlphaTauri,22,2022,18,13,13.0,11.0,17.0,0.0,34.0,9.0,0.0,0,13
1093,852,Yuki Tsunoda,213,AlphaTauri,69,2022,19,19,15.0,11.0,17.0,0.0,34.0,9.0,0.0,0,10
1094,852,Yuki Tsunoda,213,AlphaTauri,32,2022,20,13,13.0,12.0,17.0,0.0,35.0,9.0,0.0,0,20
1095,852,Yuki Tsunoda,213,AlphaTauri,18,2022,21,0,19.0,12.0,17.0,0.0,35.0,9.0,0.0,0,17
1096,852,Yuki Tsunoda,213,AlphaTauri,24,2022,22,11,12.0,12.0,17.0,0.0,35.0,9.0,0.0,0,11
1098,852,Yuki Tsunoda,213,AlphaTauri,3,2023,1,14,14.0,0.0,99.0,0.0,0.0,99.0,0.0,0,11
1099,852,Yuki Tsunoda,213,AlphaTauri,77,2023,2,16,16.0,0.0,11.0,0.0,0.0,8.0,0.0,0,11
1100,852,Yuki Tsunoda,213,AlphaTauri,1,2023,3,12,12.0,0.0,14.0,0.0,0.0,9.0,0.0,0,10
1101,852,Yuki Tsunoda,213,AlphaTauri,73,2023,4,8,8.0,1.0,16.0,0.0,1.0,9.0,0.0,0,10
1102,852,Yuki Tsunoda,213,AlphaTauri,79,2023,5,17,17.0,2.0,16.0,0.0,2.0,9.0,0.0,0,11
1104,852,Yuki Tsunoda,213,AlphaTauri,6,2023,6,9,9.0,2.0,16.0,0.0,2.0,9.0,0.0,0,15
1105,852,Yuki Tsunoda,213,AlphaTauri,4,2023,7,15,15.0,2.0,16.0,0.0,2.0,9.0,0.0,0,12
1106,852,Yuki Tsunoda,213,AlphaTauri,7,2023,8,19,16.0,2.0,16.0,0.0,2.0,9.0,0.0,0,14
1107,852,Yuki Tsunoda,213,AlphaTauri,70,2023,9,16,16.0,2.0,17.0,0.0,2.0,10.0,0.0,0,19
1108,852,Yuki Tsunoda,213,AlphaTauri,9,2023,10,16,17.0,2.0,17.0,0.0,2.0,10.0,0.0,0,16
1109,852,Yuki Tsunoda,213,AlphaTauri,11,2023,11,17,17.0,2.0,17.0,0.0,2.0,10.0,0.0,0,15
1110,852,Yuki Tsunoda,213,AlphaTauri,13,2023,12,11,11.0,2.0,17.0,0.0,2.0,10.0,0.0,0,10
1111,852,Yuki Tsunoda,213,AlphaTauri,39,2023,13,17,14.0,3.0,17.0,0.0,3.0,10.0,0.0,0,15
1112,852,Yuki Tsunoda,213,AlphaTauri,14,2023,14,11,11.0,3.0,17.0,0.0,3.0,10.0,0.0,0,20
1113,852,Yuki Tsunoda,213,AlphaTauri,15,2023,15,15,15.0,3.0,17.0,0.0,3.0,10.0,0.0,0,19
1114,852,Yuki Tsunoda,213,AlphaTauri,22,2023,16,9,9.0,3.0,17.0,0.0,5.0,10.0,0.0,0,12
1115,852,Yuki Tsunoda,213,AlphaTauri,78,2023,17,11,11.0,3.0,17.0,0.0,5.0,10.0,0.0,0,15
1116,852,Yuki Tsunoda,213,AlphaTauri,69,2023,18,11,11.0,3.0,17.0,0.0,5.0,10.0,0.0,0,8
1117,852,Yuki Tsunoda,213,AlphaTauri,32,2023,19,18,15.0,8.0,16.0,0.0,10.0,10.0,0.0,0,12
1118,852,Yuki Tsunoda,213,AlphaTauri,18,2023,20,16,16.0,8.0,16.0,0.0,16.0,8.0,0.0,0,9
1119,852,Yuki Tsunoda,213,AlphaTauri,80,2023,21,20,20.0,13.0,14.0,0.0,21.0,8.0,0.0,0,18
1120,852,Yuki Tsunoda,213,AlphaTauri,24,2023,22,6,6.0,13.0,14.0,0.0,21.0,8.0,0.0,0,8
1121,852,Yuki Tsunoda,215,RB F1 Team,3,2024,1,11,11.0,0.0,99.0,0.0,0.0,99.0,0.0,0,14
1122,852,Yuki Tsunoda,215,RB F1 Team,77,2024,2,9,9.0,0.0,14.0,0.0,0.0,8.0,0.0,0,15
1123,852,Yuki Tsunoda,215,RB F1 Team,1,2024,3,8,8.0,0.0,18.0,0.0,0.0,9.0,0.0,0,7
1124,852,Yuki Tsunoda,215,RB F1 Team,22,2024,4,10,10.0,6.0,11.0,0.0,6.0,6.0,0.0,0,10
1125,852,Yuki Tsunoda,215,RB F1 Team,17,2024,5,19,19.0,7.0,11.0,0.0,7.0,6.0,0.0,0,19
1126,852,Yuki Tsunoda,215,RB F1 Team,79,2024,6,10,10.0,7.0,11.0,0.0,7.0,6.0,0.0,0,7
1127,852,Yuki Tsunoda,215,RB F1 Team,21,2024,7,7,7.0,14.0,10.0,0.0,19.0,6.0,0.0,0,10
1128,852,Yuki Tsunoda,215,RB F1 Team,6,2024,8,8,8.0,15.0,10.0,0.0,20.0,6.0,0.0,0,8
1129,852,Yuki Tsunoda,215,RB F1 Team,7,2024,9,8,8.0,19.0,10.0,0.0,24.0,6.0,0.0,0,14
1130,852,Yuki Tsunoda,215,RB F1 Team,4,2024,10,17,17.0,19.0,10.0,0.0,28.0,6.0,0.0,0,19
1131,852,Yuki Tsunoda,215,RB F1 Team,70,2024,11,14,14.0,19.0,10.0,0.0,28.0,6.0,0.0,0,14
1132,852,Yuki Tsunoda,215,RB F1 Team,9,2024,12,13,13.0,19.0,10.0,0.0,30.0,6.0,0.0,0,10
1133,852,Yuki Tsunoda,215,RB F1 Team,11,2024,13,10,10.0,20.0,12.0,0.0,31.0,6.0,0.0,0,9
1134,852,Yuki Tsunoda,215,RB F1 Team,13,2024,14,20,18.0,22.0,12.0,0.0,33.0,6.0,0.0,0,16
1135,852,Yuki Tsunoda,215,RB F1 Team,39,2024,15,11,12.0,22.0,12.0,0.0,34.0,6.0,0.0,0,17
1136,852,Yuki Tsunoda,215,RB F1 Team,14,2024,16,16,16.0,22.0,12.0,0.0,34.0,6.0,0.0,0,20
1137,852,Yuki Tsunoda,215,RB F1 Team,73,2024,17,11,12.0,22.0,12.0,0.0,34.0,6.0,0.0,0,20
1138,852,Yuki Tsunoda,215,RB F1 Team,15,2024,18,8,8.0,22.0,12.0,0.0,34.0,6.0,0.0,0,12
1139,852,Yuki Tsunoda,215,RB F1 Team,69,2024,19,10,11.0,22.0,12.0,0.0,34.0,6.0,0.0,0,14
1140,852,Yuki Tsunoda,215,RB F1 Team,32,2024,20,11,11.0,22.0,12.0,0.0,36.0,7.0,0.0,0,20
1141,852,Yuki Tsunoda,215,RB F1 Team,18,2024,21,3,3.0,22.0,12.0,0.0,36.0,7.0,0.0,0,7
1142,852,Yuki Tsunoda,215,RB F1 Team,80,2024,22,7,7.0,28.0,11.0,0.0,44.0,8.0,0.0,0,9
1143,852,Yuki Tsunoda,215,RB F1 Team,78,2024,23,14,14.0,30.0,11.0,0.0,46.0,8.0,0.0,0,13
1144,852,Yuki Tsunoda,215,RB F1 Team,24,2024,24,11,11.0,30.0,12.0,0.0,46.0,8.0,0.0,0,12
1052,853,Nikita Mazepin,210,Haas F1 Team,3,2021,1,19,20.0,0.0,99.0,0.0,0.0,99.0,0.0,0,20
1053,853,Nikita Mazepin,210,Haas F1 Team,21,2021,2,19,19.0,0.0,20.0,0.0,0.0,10.0,0.0,0,17
1054,853,Nikita Mazepin,210,Haas F1 Team,75,2021,3,20,20.0,0.0,19.0,0.0,0.0,10.0,0.0,0,19
1055,853,Nikita Mazepin,210,Haas F1 Team,4,2021,4,20,20.0,0.0,19.0,0.0,0.0,10.0,0.0,0,19
1056,853,Nikita Mazepin,210,Haas F1 Team,6,2021,5,19,19.0,0.0,20.0,0.0,0.0,10.0,0.0,0,17
1057,853,Nikita Mazepin,210,Haas F1 Team,73,2021,6,18,18.0,0.0,20.0,0.0,0.0,10.0,0.0,0,14
1059,853,Nikita Mazepin,210,Haas F1 Team,34,2021,7,18,18.0,0.0,19.0,0.0,0.0,9.0,0.0,0,20
1058,853,Nikita Mazepin,210,Haas F1 Team,70,2021,8,20,20.0,0.0,19.0,0.0,0.0,10.0,0.0,0,18
1060,853,Nikita Mazepin,210,Haas F1 Team,70,2021,9,20,20.0,0.0,19.0,0.0,0.0,10.0,0.0,0,19
1061,853,Nikita Mazepin,210,Haas F1 Team,9,2021,10,19,20.0,0.0,19.0,0.0,0.0,10.0,0.0,0,17
1062,853,Nikita Mazepin,210,Haas F1 Team,11,2021,11,19,19.0,0.0,20.0,0.0,0.0,10.0,0.0,0,14
1063,853,Nikita Mazepin,210,Haas F1 Team,13,2021,12,18,20.0,0.0,20.0,0.0,0.0,10.0,0.0,0,17
1064,853,Nikita Mazepin,210,Haas F1 Team,39,2021,13,18,20.0,0.0,20.0,0.0,0.0,10.0,0.0,0,20
1065,853,Nikita Mazepin,210,Haas F1 Team,14,2021,14,16,20.0,0.0,20.0,0.0,0.0,10.0,0.0,0,16
1066,853,Nikita Mazepin,210,Haas F1 Team,71,2021,15,15,19.0,0.0,21.0,0.0,0.0,10.0,0.0,0,18
1067,853,Nikita Mazepin,210,Haas F1 Team,5,2021,16,18,20.0,0.0,21.0,0.0,0.0,10.0,0.0,0,20
1069,853,Nikita Mazepin,210,Haas F1 Team,69,2021,17,17,20.0,0.0,21.0,0.0,0.0,10.0,0.0,0,17
1070,853,Nikita Mazepin,210,Haas F1 Team,32,2021,18,15,19.0,0.0,21.0,0.0,0.0,10.0,0.0,0,18
1071,853,Nikita Mazepin,210,Haas F1 Team,18,2021,19,19,20.0,0.0,21.0,0.0,0.0,10.0,0.0,0,17
1051,853,Nikita Mazepin,210,Haas F1 Team,78,2021,20,20,20.0,0.0,21.0,0.0,0.0,10.0,0.0,0,18
1072,853,Nikita Mazepin,210,Haas F1 Team,77,2021,21,20,20.0,0.0,21.0,0.0,0.0,10.0,0.0,0,18
1073,853,Nikita Mazepin,210,Haas F1 Team,24,2021,22,20,20.0,0.0,21.0,0.0,0.0,10.0,0.0,0,20
1052,854,Mick Schumacher,210,Haas F1 Team,3,2021,1,18,19.0,0.0,99.0,0.0,0.0,99.0,0.0,0,16
1053,854,Mick Schumacher,210,Haas F1 Team,21,2021,2,18,18.0,0.0,16.0,0.0,0.0,10.0,0.0,0,16
1054,854,Mick Schumacher,210,Haas F1 Team,75,2021,3,19,19.0,0.0,18.0,0.0,0.0,10.0,0.0,0,17
1055,854,Mick Schumacher,210,Haas F1 Team,4,2021,4,18,18.0,0.0,18.0,0.0,0.0,10.0,0.0,0,18
1057,854,Mick Schumacher,210,Haas F1 Team,73,2021,6,17,17.0,0.0,19.0,0.0,0.0,10.0,0.0,0,13
1059,854,Mick Schumacher,210,Haas F1 Team,34,2021,7,15,15.0,0.0,17.0,0.0,0.0,9.0,0.0,0,19
1058,854,Mick Schumacher,210,Haas F1 Team,70,2021,8,19,19.0,0.0,18.0,0.0,0.0,10.0,0.0,0,16
1060,854,Mick Schumacher,210,Haas F1 Team,70,2021,9,19,19.0,0.0,18.0,0.0,0.0,10.0,0.0,0,18
1061,854,Mick Schumacher,210,Haas F1 Team,9,2021,10,18,19.0,0.0,18.0,0.0,0.0,10.0,0.0,0,18
1062,854,Mick Schumacher,210,Haas F1 Team,11,2021,11,20,20.0,0.0,18.0,0.0,0.0,10.0,0.0,0,12
1063,854,Mick Schumacher,210,Haas F1 Team,13,2021,12,17,18.0,0.0,19.0,0.0,0.0,10.0,0.0,0,16
1064,854,Mick Schumacher,210,Haas F1 Team,39,2021,13,17,19.0,0.0,19.0,0.0,0.0,10.0,0.0,0,18
1065,854,Mick Schumacher,210,Haas F1 Team,14,2021,14,18,18.0,0.0,19.0,0.0,0.0,10.0,0.0,0,15
1066,854,Mick Schumacher,210,Haas F1 Team,71,2021,15,14,17.0,0.0,19.0,0.0,0.0,10.0,0.0,0,20
1067,854,Mick Schumacher,210,Haas F1 Team,5,2021,16,14,14.0,0.0,19.0,0.0,0.0,10.0,0.0,0,19
1069,854,Mick Schumacher,210,Haas F1 Team,69,2021,17,16,19.0,0.0,19.0,0.0,0.0,10.0,0.0,0,16
1070,854,Mick Schumacher,210,Haas F1 Team,32,2021,18,14,18.0,0.0,19.0,0.0,0.0,10.0,0.0,0,19
1071,854,Mick Schumacher,210,Haas F1 Team,18,2021,19,18,19.0,0.0,19.0,0.0,0.0,10.0,0.0,0,18
1051,854,Mick Schumacher,210,Haas F1 Team,78,2021,20,19,19.0,0.0,19.0,0.0,0.0,10.0,0.0,0,16
1072,854,Mick Schumacher,210,Haas F1 Team,77,2021,21,19,19.0,0.0,19.0,0.0,0.0,10.0,0.0,0,20
1073,854,Mick Schumacher,210,Haas F1 Team,24,2021,22,19,19.0,0.0,19.0,0.0,0.0,10.0,0.0,0,14
1074,854,Mick Schumacher,210,Haas F1 Team,3,2022,1,12,12.0,0.0,99.0,0.0,0.0,99.0,0.0,0,11
1075,854,Mick Schumacher,210,Haas F1 Team,77,2022,2,0,14.0,0.0,11.0,0.0,10.0,3.0,0.0,0,20
1076,854,Mick Schumacher,210,Haas F1 Team,1,2022,3,15,15.0,0.0,15.0,0.0,12.0,5.0,0.0,0,13
1077,854,Mick Schumacher,210,Haas F1 Team,21,2022,4,10,12.0,0.0,17.0,0.0,12.0,7.0,0.0,0,17
1078,854,Mick Schumacher,210,Haas F1 Team,79,2022,5,15,15.0,0.0,19.0,0.0,15.0,8.0,0.0,0,15
1079,854,Mick Schumacher,210,Haas F1 Team,4,2022,6,10,10.0,0.0,19.0,0.0,15.0,8.0,0.0,0,14
1080,854,Mick Schumacher,210,Haas F1 Team,6,2022,7,15,15.0,0.0,19.0,0.0,15.0,8.0,0.0,0,19
1081,854,Mick Schumacher,210,Haas F1 Team,73,2022,8,20,20.0,0.0,19.0,0.0,15.0,8.0,0.0,0,14
1082,854,Mick Schumacher,210,Haas F1 Team,7,2022,9,6,6.0,0.0,19.0,0.0,15.0,8.0,0.0,0,19
1083,854,Mick Schumacher,210,Haas F1 Team,9,2022,10,19,19.0,0.0,19.0,0.0,15.0,9.0,0.0,0,8
1084,854,Mick Schumacher,210,Haas F1 Team,70,2022,11,9,7.0,4.0,17.0,0.0,20.0,8.0,0.0,0,6
1085,854,Mick Schumacher,210,Haas F1 Team,34,2022,12,17,19.0,12.0,15.0,0.0,34.0,7.0,0.0,0,15
1086,854,Mick Schumacher,210,Haas F1 Team,11,2022,13,15,15.0,12.0,15.0,0.0,34.0,7.0,0.0,0,14
1087,854,Mick Schumacher,210,Haas F1 Team,13,2022,14,19,15.0,12.0,15.0,0.0,34.0,7.0,0.0,0,17
1088,854,Mick Schumacher,210,Haas F1 Team,39,2022,15,8,8.0,12.0,15.0,0.0,34.0,7.0,0.0,0,13
1089,854,Mick Schumacher,210,Haas F1 Team,14,2022,16,17,20.0,12.0,15.0,0.0,34.0,7.0,0.0,0,12
1091,854,Mick Schumacher,210,Haas F1 Team,15,2022,17,12,13.0,12.0,15.0,0.0,34.0,7.0,0.0,0,13
1092,854,Mick Schumacher,210,Haas F1 Team,22,2022,18,15,15.0,12.0,16.0,0.0,34.0,8.0,0.0,0,17
1093,854,Mick Schumacher,210,Haas F1 Team,69,2022,19,16,19.0,12.0,16.0,0.0,34.0,8.0,0.0,0,15
1094,854,Mick Schumacher,210,Haas F1 Team,32,2022,20,15,16.0,12.0,16.0,0.0,36.0,8.0,0.0,0,16
1095,854,Mick Schumacher,210,Haas F1 Team,18,2022,21,12,20.0,12.0,16.0,0.0,36.0,8.0,0.0,0,13
1096,854,Mick Schumacher,210,Haas F1 Team,24,2022,22,12,13.0,12.0,16.0,0.0,37.0,8.0,0.0,0,16
1074,855,Guanyu Zhou,51,Alfa Romeo,3,2022,1,15,15.0,0.0,99.0,0.0,0.0,99.0,0.0,0,10
1075,855,Guanyu Zhou,51,Alfa Romeo,77,2022,2,12,13.0,1.0,10.0,0.0,9.0,4.0,0.0,0,11
1076,855,Guanyu Zhou,51,Alfa Romeo,1,2022,3,14,14.0,1.0,14.0,0.0,9.0,6.0,0.0,0,11
1077,855,Guanyu Zhou,51,Alfa Romeo,21,2022,4,0,14.0,1.0,15.0,0.0,13.0,6.0,0.0,0,15
1078,855,Guanyu Zhou,51,Alfa Romeo,79,2022,5,17,17.0,1.0,16.0,0.0,25.0,5.0,0.0,0,20
1079,855,Guanyu Zhou,51,Alfa Romeo,4,2022,6,15,15.0,1.0,18.0,0.0,31.0,5.0,0.0,0,19
1080,855,Guanyu Zhou,51,Alfa Romeo,6,2022,7,20,20.0,1.0,18.0,0.0,39.0,5.0,0.0,0,16
1081,855,Guanyu Zhou,51,Alfa Romeo,73,2022,8,14,14.0,1.0,18.0,0.0,41.0,5.0,0.0,0,18
1082,855,Guanyu Zhou,51,Alfa Romeo,7,2022,9,10,10.0,1.0,18.0,0.0,41.0,6.0,0.0,0,8
1083,855,Guanyu Zhou,51,Alfa Romeo,9,2022,10,9,9.0,5.0,16.0,0.0,51.0,6.0,0.0,0,19
1084,855,Guanyu Zhou,51,Alfa Romeo,70,2022,11,13,18.0,5.0,16.0,0.0,51.0,6.0,0.0,0,14
1085,855,Guanyu Zhou,51,Alfa Romeo,34,2022,12,16,18.0,5.0,17.0,0.0,51.0,6.0,0.0,0,16
1086,855,Guanyu Zhou,51,Alfa Romeo,11,2022,13,12,12.0,5.0,17.0,0.0,51.0,6.0,0.0,0,13
1087,855,Guanyu Zhou,51,Alfa Romeo,13,2022,14,18,13.0,5.0,17.0,0.0,51.0,6.0,0.0,0,14
1088,855,Guanyu Zhou,51,Alfa Romeo,39,2022,15,14,14.0,5.0,17.0,0.0,51.0,6.0,0.0,0,16
1089,855,Guanyu Zhou,51,Alfa Romeo,14,2022,16,9,14.0,5.0,17.0,0.0,51.0,6.0,0.0,0,10
1091,855,Guanyu Zhou,51,Alfa Romeo,15,2022,17,14,15.0,6.0,17.0,0.0,52.0,6.0,0.0,0,20
1092,855,Guanyu Zhou,51,Alfa Romeo,22,2022,18,14,14.0,6.0,18.0,0.0,52.0,6.0,0.0,0,16
1093,855,Guanyu Zhou,51,Alfa Romeo,69,2022,19,18,14.0,6.0,18.0,0.0,52.0,6.0,0.0,0,12
1094,855,Guanyu Zhou,51,Alfa Romeo,32,2022,20,12,12.0,6.0,18.0,0.0,52.0,6.0,0.0,0,13
1095,855,Guanyu Zhou,51,Alfa Romeo,18,2022,21,13,17.0,6.0,18.0,0.0,53.0,6.0,0.0,0,12
1096,855,Guanyu Zhou,51,Alfa Romeo,24,2022,22,15,15.0,6.0,18.0,0.0,55.0,6.0,0.0,0,12
1098,855,Guanyu Zhou,51,Alfa Romeo,3,2023,1,13,13.0,0.0,99.0,0.0,0.0,99.0,0.0,0,16
1099,855,Guanyu Zhou,51,Alfa Romeo,77,2023,2,11,12.0,0.0,16.0,0.0,4.0,5.0,0.0,0,13
1100,855,Guanyu Zhou,51,Alfa Romeo,1,2023,3,17,17.0,0.0,17.0,0.0,4.0,6.0,0.0,0,9
1101,855,Guanyu Zhou,51,Alfa Romeo,73,2023,4,15,16.0,2.0,15.0,0.0,6.0,8.0,0.0,0,19
1102,855,Guanyu Zhou,51,Alfa Romeo,79,2023,5,14,14.0,2.0,15.0,0.0,6.0,8.0,0.0,0,16
1104,855,Guanyu Zhou,51,Alfa Romeo,6,2023,6,19,19.0,2.0,15.0,0.0,6.0,8.0,0.0,0,13
1105,855,Guanyu Zhou,51,Alfa Romeo,4,2023,7,13,13.0,2.0,15.0,0.0,6.0,8.0,0.0,0,9
1106,855,Guanyu Zhou,51,Alfa Romeo,7,2023,8,20,20.0,4.0,15.0,0.0,8.0,8.0,0.0,0,16
1107,855,Guanyu Zhou,51,Alfa Romeo,70,2023,9,17,17.0,4.0,16.0,0.0,9.0,7.0,0.0,0,12
1108,855,Guanyu Zhou,51,Alfa Romeo,9,2023,10,17,18.0,4.0,16.0,0.0,9.0,8.0,0.0,0,15
1109,855,Guanyu Zhou,51,Alfa Romeo,11,2023,11,5,5.0,4.0,16.0,0.0,9.0,9.0,0.0,0,16
1110,855,Guanyu Zhou,51,Alfa Romeo,13,2023,12,17,17.0,4.0,16.0,0.0,9.0,9.0,0.0,0,13
1111,855,Guanyu Zhou,51,Alfa Romeo,39,2023,13,15,16.0,4.0,16.0,0.0,9.0,9.0,0.0,0,18
1112,855,Guanyu Zhou,51,Alfa Romeo,14,2023,14,16,16.0,4.0,16.0,0.0,9.0,9.0,0.0,0,14
1113,855,Guanyu Zhou,51,Alfa Romeo,15,2023,15,0,19.0,4.0,16.0,0.0,10.0,9.0,0.0,0,12
1114,855,Guanyu Zhou,51,Alfa Romeo,22,2023,16,19,19.0,4.0,16.0,0.0,10.0,9.0,0.0,0,13
1115,855,Guanyu Zhou,51,Alfa Romeo,78,2023,17,19,20.0,4.0,16.0,0.0,10.0,9.0,0.0,0,9
1116,855,Guanyu Zhou,51,Alfa Romeo,69,2023,18,12,12.0,6.0,16.0,0.0,16.0,8.0,0.0,0,13
1117,855,Guanyu Zhou,51,Alfa Romeo,32,2023,19,10,10.0,6.0,17.0,0.0,16.0,8.0,0.0,0,14
1118,855,Guanyu Zhou,51,Alfa Romeo,18,2023,20,20,20.0,6.0,18.0,0.0,16.0,9.0,0.0,0,17
1119,855,Guanyu Zhou,51,Alfa Romeo,80,2023,21,17,18.0,6.0,18.0,0.0,16.0,9.0,0.0,0,15
1120,855,Guanyu Zhou,51,Alfa Romeo,24,2023,22,19,19.0,6.0,18.0,0.0,16.0,9.0,0.0,0,17
1121,855,Guanyu Zhou,15,Sauber,3,2024,1,17,17.0,0.0,99.0,0.0,0.0,99.0,0.0,0,11
1122,855,Guanyu Zhou,15,Sauber,77,2024,2,20,20.0,0.0,11.0,0.0,0.0,6.0,0.0,0,18
1123,855,Guanyu Zhou,15,Sauber,1,2024,3,19,19.0,0.0,14.0,0.0,0.0,8.0,0.0,0,15
1124,855,Guanyu Zhou,15,Sauber,22,2024,4,20,20.0,0.0,16.0,0.0,0.0,9.0,0.0,0,18
1125,855,Guanyu Zhou,15,Sauber,17,2024,5,16,16.0,0.0,16.0,0.0,0.0,9.0,0.0,0,14
1126,855,Guanyu Zhou,15,Sauber,79,2024,6,19,20.0,0.0,17.0,0.0,0.0,10.0,0.0,0,14
1127,855,Guanyu Zhou,15,Sauber,21,2024,7,17,17.0,0.0,18.0,0.0,0.0,10.0,0.0,0,15
1128,855,Guanyu Zhou,15,Sauber,6,2024,8,18,20.0,0.0,18.0,0.0,0.0,10.0,0.0,0,16
1129,855,Guanyu Zhou,15,Sauber,7,2024,9,0,20.0,0.0,19.0,0.0,0.0,10.0,0.0,0,15
1130,855,Guanyu Zhou,15,Sauber,4,2024,10,15,15.0,0.0,19.0,0.0,0.0,10.0,0.0,0,13
1131,855,Guanyu Zhou,15,Sauber,70,2024,11,20,20.0,0.0,19.0,0.0,0.0,10.0,0.0,0,17
1132,855,Guanyu Zhou,15,Sauber,9,2024,12,14,14.0,0.0,19.0,0.0,0.0,10.0,0.0,0,18
1133,855,Guanyu Zhou,15,Sauber,11,2024,13,18,18.0,0.0,19.0,0.0,0.0,10.0,0.0,0,19
1134,855,Guanyu Zhou,15,Sauber,13,2024,14,19,20.0,0.0,19.0,0.0,0.0,10.0,0.0,0,19
1135,855,Guanyu Zhou,15,Sauber,39,2024,15,17,18.0,0.0,19.0,0.0,0.0,10.0,0.0,0,20
1136,855,Guanyu Zhou,15,Sauber,14,2024,16,20,20.0,0.0,19.0,0.0,0.0,10.0,0.0,0,18
1137,855,Guanyu Zhou,15,Sauber,73,2024,17,17,18.0,0.0,19.0,0.0,0.0,10.0,0.0,0,14
1138,855,Guanyu Zhou,15,Sauber,15,2024,18,20,20.0,0.0,20.0,0.0,0.0,10.0,0.0,0,15
1139,855,Guanyu Zhou,15,Sauber,69,2024,19,18,20.0,0.0,20.0,0.0,0.0,10.0,0.0,0,19
1140,855,Guanyu Zhou,15,Sauber,32,2024,20,19,20.0,0.0,21.0,0.0,0.0,10.0,0.0,0,15
1141,855,Guanyu Zhou,15,Sauber,18,2024,21,19,20.0,0.0,21.0,0.0,0.0,10.0,0.0,0,15
1142,855,Guanyu Zhou,15,Sauber,80,2024,22,13,13.0,0.0,21.0,0.0,0.0,10.0,0.0,0,13
1143,855,Guanyu Zhou,15,Sauber,78,2024,23,12,12.0,0.0,21.0,0.0,0.0,10.0,0.0,0,8
1144,855,Guanyu Zhou,15,Sauber,24,2024,24,15,17.0,4.0,20.0,0.0,4.0,10.0,0.0,0,13
1089,856,Nyck de Vries,3,Williams,14,2022,16,8,13.0,0.0,99.0,0.0,4.0,10.0,0.0,0,9
1098,856,Nyck de Vries,213,AlphaTauri,3,2023,1,19,19.0,0.0,99.0,0.0,0.0,99.0,0.0,0,14
1099,856,Nyck de Vries,213,AlphaTauri,77,2023,2,18,18.0,0.0,14.0,0.0,0.0,8.0,0.0,0,14
1100,856,Nyck de Vries,213,AlphaTauri,1,2023,3,15,15.0,0.0,18.0,0.0,0.0,9.0,0.0,0,15
1101,856,Nyck de Vries,213,AlphaTauri,73,2023,4,18,20.0,0.0,20.0,0.0,1.0,9.0,0.0,0,20
1102,856,Nyck de Vries,213,AlphaTauri,79,2023,5,15,15.0,0.0,20.0,0.0,2.0,9.0,0.0,0,18
1104,856,Nyck de Vries,213,AlphaTauri,6,2023,6,12,12.0,0.0,20.0,0.0,2.0,9.0,0.0,0,12
1105,856,Nyck de Vries,213,AlphaTauri,4,2023,7,14,14.0,0.0,19.0,0.0,2.0,9.0,0.0,0,14
1106,856,Nyck de Vries,213,AlphaTauri,7,2023,8,17,18.0,0.0,19.0,0.0,2.0,9.0,0.0,0,18
1107,856,Nyck de Vries,213,AlphaTauri,70,2023,9,0,20.0,0.0,19.0,0.0,2.0,10.0,0.0,0,17
1108,856,Nyck de Vries,213,AlphaTauri,9,2023,10,18,19.0,0.0,20.0,0.0,2.0,10.0,0.0,0,17
1098,857,Oscar Piastri,1,McLaren,3,2023,1,18,18.0,0.0,99.0,0.0,0.0,99.0,0.0,0,20
1099,857,Oscar Piastri,1,McLaren,77,2023,2,8,9.0,0.0,20.0,0.0,0.0,10.0,0.0,0,15
1100,857,Oscar Piastri,1,McLaren,1,2023,3,16,16.0,0.0,19.0,0.0,0.0,10.0,0.0,0,8
1101,857,Oscar Piastri,1,McLaren,73,2023,4,10,10.0,4.0,13.0,0.0,12.0,5.0,0.0,0,11
1102,857,Oscar Piastri,1,McLaren,79,2023,5,19,19.0,4.0,11.0,0.0,14.0,5.0,0.0,0,19
1104,857,Oscar Piastri,1,McLaren,6,2023,6,11,11.0,4.0,14.0,0.0,14.0,5.0,0.0,0,10
1105,857,Oscar Piastri,1,McLaren,4,2023,7,9,10.0,5.0,13.0,0.0,17.0,6.0,0.0,0,13
1106,857,Oscar Piastri,1,McLaren,7,2023,8,8,9.0,5.0,13.0,0.0,17.0,6.0,0.0,0,11
1107,857,Oscar Piastri,1,McLaren,70,2023,9,13,13.0,5.0,14.0,0.0,17.0,6.0,0.0,0,16
1108,857,Oscar Piastri,1,McLaren,9,2023,10,3,3.0,5.0,14.0,0.0,29.0,6.0,0.0,0,4
1109,857,Oscar Piastri,1,McLaren,11,2023,11,4,4.0,17.0,11.0,0.0,59.0,5.0,0.0,0,5
1110,857,Oscar Piastri,1,McLaren,13,2023,12,5,6.0,27.0,11.0,0.0,87.0,5.0,0.0,0,20
1111,857,Oscar Piastri,1,McLaren,39,2023,13,8,8.0,34.0,11.0,0.0,103.0,5.0,0.0,0,9
1112,857,Oscar Piastri,1,McLaren,14,2023,14,7,7.0,36.0,12.0,0.0,111.0,5.0,0.0,0,12
1113,857,Oscar Piastri,1,McLaren,15,2023,15,17,17.0,36.0,12.0,0.0,115.0,5.0,0.0,0,7
1114,857,Oscar Piastri,1,McLaren,22,2023,16,2,2.0,42.0,11.0,0.0,139.0,5.0,0.0,1,3
1115,857,Oscar Piastri,1,McLaren,78,2023,17,6,6.0,57.0,9.0,0.0,172.0,5.0,0.0,1,2
1116,857,Oscar Piastri,1,McLaren,69,2023,18,10,10.0,83.0,9.0,0.0,219.0,5.0,0.0,0,17
1117,857,Oscar Piastri,1,McLaren,32,2023,19,7,7.0,83.0,9.0,0.0,242.0,4.0,0.0,0,8
1118,857,Oscar Piastri,1,McLaren,18,2023,20,10,10.0,87.0,9.0,0.0,256.0,4.0,0.0,0,14
1119,857,Oscar Piastri,1,McLaren,80,2023,21,18,19.0,87.0,9.0,0.0,282.0,4.0,0.0,0,10
1120,857,Oscar Piastri,1,McLaren,24,2023,22,3,3.0,89.0,9.0,0.0,284.0,4.0,0.0,0,6
1121,857,Oscar Piastri,1,McLaren,3,2024,1,8,8.0,0.0,99.0,0.0,0.0,99.0,0.0,0,8
1122,857,Oscar Piastri,1,McLaren,77,2024,2,5,5.0,4.0,8.0,0.0,12.0,4.0,0.0,0,4
1123,857,Oscar Piastri,1,McLaren,1,2024,3,5,6.0,16.0,5.0,0.0,28.0,3.0,0.0,0,4
1124,857,Oscar Piastri,1,McLaren,22,2024,4,6,6.0,28.0,5.0,0.0,55.0,3.0,0.0,0,8
1125,857,Oscar Piastri,1,McLaren,17,2024,5,5,5.0,32.0,6.0,0.0,69.0,3.0,0.0,0,8
1126,857,Oscar Piastri,1,McLaren,79,2024,6,6,6.0,38.0,6.0,0.0,96.0,3.0,0.0,0,13
1127,857,Oscar Piastri,1,McLaren,21,2024,7,5,2.0,41.0,6.0,0.0,124.0,3.0,1.0,0,4
1128,857,Oscar Piastri,1,McLaren,6,2024,8,2,2.0,53.0,6.0,0.0,154.0,3.0,1.0,1,2
1129,857,Oscar Piastri,1,McLaren,7,2024,9,4,4.0,71.0,6.0,0.0,184.0,3.0,1.0,0,5
1130,857,Oscar Piastri,1,McLaren,4,2024,10,9,10.0,81.0,6.0,0.0,212.0,3.0,1.0,0,7
1131,857,Oscar Piastri,1,McLaren,70,2024,11,7,7.0,87.0,6.0,0.0,237.0,3.0,1.0,1,2
1132,857,Oscar Piastri,1,McLaren,9,2024,12,5,5.0,112.0,6.0,0.0,268.0,3.0,1.0,0,4
1133,857,Oscar Piastri,1,McLaren,11,2024,13,2,2.0,124.0,5.0,0.0,295.0,3.0,1.0,1,1
1134,857,Oscar Piastri,1,McLaren,13,2024,14,5,6.0,149.0,5.0,1.0,338.0,2.0,2.0,1,2
1135,857,Oscar Piastri,1,McLaren,39,2024,15,3,3.0,167.0,4.0,1.0,366.0,2.0,2.0,0,4
1136,857,Oscar Piastri,1,McLaren,14,2024,16,2,2.0,179.0,4.0,1.0,404.0,2.0,3.0,1,2
1137,857,Oscar Piastri,1,McLaren,73,2024,17,2,2.0,197.0,4.0,1.0,438.0,2.0,3.0,1,1
1138,857,Oscar Piastri,1,McLaren,15,2024,18,5,5.0,222.0,4.0,2.0,476.0,1.0,4.0,1,3
1139,857,Oscar Piastri,1,McLaren,69,2024,19,5,5.0,237.0,4.0,2.0,516.0,1.0,5.0,0,5
1140,857,Oscar Piastri,1,McLaren,32,2024,20,17,17.0,247.0,4.0,2.0,544.0,1.0,5.0,0,8
1141,857,Oscar Piastri,1,McLaren,18,2024,21,8,8.0,251.0,4.0,2.0,566.0,1.0,5.0,0,8
1142,857,Oscar Piastri,1,McLaren,80,2024,22,8,8.0,262.0,4.0,2.0,593.0,1.0,5.0,0,7
1143,857,Oscar Piastri,1,McLaren,78,2024,23,4,4.0,268.0,4.0,2.0,608.0,1.0,5.0,1,3
1144,857,Oscar Piastri,1,McLaren,24,2024,24,2,2.0,291.0,4.0,2.0,640.0,1.0,5.0,0,10
1098,858,Logan Sargeant,3,Williams,3,2023,1,16,16.0,0.0,99.0,0.0,0.0,99.0,0.0,0,12
1099,858,Logan Sargeant,3,Williams,77,2023,2,20,20.0,0.0,12.0,0.0,1.0,7.0,0.0,0,16
1100,858,Logan Sargeant,3,Williams,1,2023,3,18,18.0,0.0,16.0,0.0,1.0,8.0,0.0,0,16
1101,858,Logan Sargeant,3,Williams,73,2023,4,14,15.0,0.0,19.0,0.0,1.0,10.0,0.0,0,16
1102,858,Logan Sargeant,3,Williams,79,2023,5,20,20.0,0.0,19.0,0.0,1.0,10.0,0.0,0,20
1104,858,Logan Sargeant,3,Williams,6,2023,6,16,16.0,0.0,19.0,0.0,1.0,10.0,0.0,0,18
1105,858,Logan Sargeant,3,Williams,4,2023,7,20,20.0,0.0,20.0,0.0,1.0,10.0,0.0,0,20
1106,858,Logan Sargeant,3,Williams,7,2023,8,18,19.0,0.0,20.0,0.0,1.0,10.0,0.0,0,20
1107,858,Logan Sargeant,3,Williams,70,2023,9,18,18.0,0.0,20.0,0.0,7.0,9.0,0.0,0,13
1108,858,Logan Sargeant,3,Williams,9,2023,10,14,14.0,0.0,19.0,0.0,7.0,9.0,0.0,0,11
1109,858,Logan Sargeant,3,Williams,11,2023,11,20,20.0,0.0,19.0,0.0,11.0,7.0,0.0,0,18
1110,858,Logan Sargeant,3,Williams,13,2023,12,18,18.0,0.0,19.0,0.0,11.0,7.0,0.0,0,17
1111,858,Logan Sargeant,3,Williams,39,2023,13,10,10.0,0.0,19.0,0.0,11.0,7.0,0.0,0,20
1112,858,Logan Sargeant,3,Williams,14,2023,14,15,15.0,0.0,19.0,0.0,15.0,7.0,0.0,0,13
1113,858,Logan Sargeant,3,Williams,15,2023,15,18,18.0,0.0,19.0,0.0,21.0,7.0,0.0,0,14
1114,858,Logan Sargeant,3,Williams,22,2023,16,0,20.0,0.0,20.0,0.0,21.0,7.0,0.0,0,17
1115,858,Logan Sargeant,3,Williams,78,2023,17,15,16.0,0.0,20.0,0.0,21.0,7.0,0.0,0,18
1116,858,Logan Sargeant,3,Williams,69,2023,18,16,20.0,0.0,20.0,0.0,23.0,7.0,0.0,0,10
1117,858,Logan Sargeant,3,Williams,32,2023,19,19,20.0,1.0,20.0,0.0,26.0,7.0,0.0,0,16
1118,858,Logan Sargeant,3,Williams,18,2023,20,19,19.0,1.0,21.0,0.0,28.0,7.0,0.0,0,11
1119,858,Logan Sargeant,3,Williams,80,2023,21,6,7.0,1.0,21.0,0.0,28.0,7.0,0.0,0,16
1120,858,Logan Sargeant,3,Williams,24,2023,22,20,20.0,1.0,21.0,0.0,28.0,7.0,0.0,0,16
1121,858,Logan Sargeant,3,Williams,3,2024,1,18,18.0,0.0,99.0,0.0,0.0,99.0,0.0,0,20
1122,858,Logan Sargeant,3,Williams,77,2024,2,19,19.0,0.0,20.0,0.0,0.0,9.0,0.0,0,14
1124,858,Logan Sargeant,3,Williams,22,2024,4,19,19.0,0.0,19.0,0.0,0.0,8.0,0.0,0,17
1125,858,Logan Sargeant,3,Williams,17,2024,5,20,20.0,0.0,21.0,0.0,0.0,8.0,0.0,0,17
1126,858,Logan Sargeant,3,Williams,79,2024,6,17,17.0,0.0,21.0,0.0,0.0,8.0,0.0,0,20
1127,858,Logan Sargeant,3,Williams,21,2024,7,19,20.0,0.0,21.0,0.0,0.0,9.0,0.0,0,17
1128,858,Logan Sargeant,3,Williams,6,2024,8,15,17.0,0.0,21.0,0.0,0.0,9.0,0.0,0,15
1129,858,Logan Sargeant,3,Williams,7,2024,9,13,13.0,0.0,21.0,0.0,2.0,8.0,0.0,0,20
1130,858,Logan Sargeant,3,Williams,4,2024,10,19,20.0,0.0,21.0,0.0,2.0,9.0,0.0,0,20
1131,858,Logan Sargeant,3,Williams,70,2024,11,19,19.0,0.0,21.0,0.0,2.0,9.0,0.0,0,19
1132,858,Logan Sargeant,3,Williams,9,2024,12,12,12.0,0.0,21.0,0.0,2.0,9.0,0.0,0,11
1133,858,Logan Sargeant,3,Williams,11,2024,13,14,14.0,0.0,20.0,0.0,4.0,9.0,0.0,0,17
1134,858,Logan Sargeant,3,Williams,13,2024,14,18,19.0,0.0,20.0,0.0,4.0,9.0,0.0,0,17
1135,858,Logan Sargeant,3,Williams,39,2024,15,18,20.0,0.0,20.0,0.0,4.0,9.0,0.0,0,16
1111,859,Liam Lawson,213,AlphaTauri,39,2023,13,19,20.0,0.0,99.0,0.0,3.0,10.0,0.0,0,13
1112,859,Liam Lawson,213,AlphaTauri,14,2023,14,12,12.0,0.0,22.0,0.0,3.0,10.0,0.0,0,11
1113,859,Liam Lawson,213,AlphaTauri,15,2023,15,10,10.0,0.0,20.0,0.0,3.0,10.0,0.0,0,9
1114,859,Liam Lawson,213,AlphaTauri,22,2023,16,11,11.0,2.0,19.0,0.0,5.0,10.0,0.0,0,11
1115,859,Liam Lawson,213,AlphaTauri,78,2023,17,17,18.0,2.0,19.0,0.0,5.0,10.0,0.0,0,17
1139,859,Liam Lawson,215,RB F1 Team,69,2024,19,19,15.0,0.0,99.0,0.0,34.0,6.0,0.0,0,9
1140,859,Liam Lawson,215,RB F1 Team,32,2024,20,12,12.0,2.0,20.0,0.0,36.0,7.0,0.0,0,16
1141,859,Liam Lawson,215,RB F1 Team,18,2024,21,5,5.0,2.0,20.0,0.0,36.0,7.0,0.0,0,9
1142,859,Liam Lawson,215,RB F1 Team,80,2024,22,14,15.0,4.0,20.0,0.0,44.0,8.0,0.0,0,16
1143,859,Liam Lawson,215,RB F1 Team,78,2024,23,17,17.0,4.0,20.0,0.0,46.0,8.0,0.0,0,14
1144,859,Liam Lawson,215,RB F1 Team,24,2024,24,12,12.0,4.0,21.0,0.0,46.0,8.0,0.0,0,17
1122,860,Oliver Bearman,6,Ferrari,77,2024,2,11,11.0,0.0,99.0,0.0,27.0,2.0,0.0,0,7
1137,860,Oliver Bearman,210,Haas F1 Team,73,2024,17,10,11.0,6.0,10.0,0.0,28.0,7.0,0.0,0,10
1141,860,Oliver Bearman,210,Haas F1 Team,18,2024,21,15,17.0,7.0,16.0,0.0,46.0,6.0,0.0,0,12
1136,861,Franco Colapinto,3,Williams,14,2024,16,18,18.0,0.0,99.0,0.0,4.0,9.0,0.0,0,12
1137,861,Franco Colapinto,3,Williams,73,2024,17,8,9.0,0.0,21.0,0.0,6.0,9.0,0.0,0,8
1138,861,Franco Colapinto,3,Williams,15,2024,18,12,12.0,4.0,19.0,0.0,16.0,8.0,0.0,0,11
1139,861,Franco Colapinto,3,Williams,69,2024,19,15,17.0,4.0,19.0,0.0,16.0,8.0,0.0,0,10
1140,861,Franco Colapinto,3,Williams,32,2024,20,16,16.0,5.0,18.0,0.0,17.0,8.0,0.0,0,12
1141,861,Franco Colapinto,3,Williams,18,2024,21,16,18.0,5.0,18.0,0.0,17.0,8.0,0.0,0,17
1142,861,Franco Colapinto,3,Williams,80,2024,22,0,14.0,5.0,19.0,0.0,17.0,9.0,0.0,0,14
1143,861,Franco Colapinto,3,Williams,78,2024,23,19,19.0,5.0,19.0,0.0,17.0,9.0,0.0,0,19
1144,861,Franco Colapinto,3,Williams,24,2024,24,20,19.0,5.0,19.0,0.0,17.0,9.0,0.0,0,19
1144,862,Jack Doohan,214,Alpine F1 Team,24,2024,24,17,20.0,0.0,99.0,0.0,59.0,6.0,0.0,0,15
